specification,target_quarter,horizon,lag_mode,factor,variable,block,loading,absolute_loading
ABLATE_EXTERNAL,2025Q2,H3,standard,1,m2,FINANCIAL,0.63782803938102095,0.63782803938102095
ABLATE_EXTERNAL,2025Q2,H3,standard,1,pos_turnover,PAYMENTS,0.4215728849601364,0.4215728849601364
ABLATE_EXTERNAL,2025Q2,H3,standard,1,usd_uzs,FINANCIAL,-0.1268425897097884,0.1268425897097884
ABLATE_EXTERNAL,2025Q2,H3,standard,1,ppi,PRICES,-0.0476424373141663,0.0476424373141663
ABLATE_EXTERNAL,2025Q2,H3,standard,1,rub_uzs,FINANCIAL,0.036725862721756902,0.036725862721756902
ABLATE_EXTERNAL,2025Q2,H3,standard,1,industrial_production,PRODUCTION,0.027262676908162201,0.027262676908162201
ABLATE_EXTERNAL,2025Q2,H3,standard,1,fx_reserves_ex_gold,FINANCIAL,-0.0054616436318279003,0.0054616436318279003
ABLATE_FINANCIAL,2025Q2,H3,standard,1,pos_turnover,PAYMENTS,0.59534786585824295,0.59534786585824295
ABLATE_FINANCIAL,2025Q2,H3,standard,1,industrial_production,PRODUCTION,0.16484127964721471,0.16484127964721471
ABLATE_FINANCIAL,2025Q2,H3,standard,1,gold_price,EXTERNAL,-0.1500182234269703,0.1500182234269703
ABLATE_FINANCIAL,2025Q2,H3,standard,1,ppi,PRICES,-0.015443651310976201,0.015443651310976201
ABLATE_PAYMENTS,2025Q2,H3,standard,1,usd_uzs,FINANCIAL,0.56612045825012736,0.56612045825012736
ABLATE_PAYMENTS,2025Q2,H3,standard,1,ppi,PRICES,0.21533408419374081,0.21533408419374081
ABLATE_PAYMENTS,2025Q2,H3,standard,1,gold_price,EXTERNAL,0.18955904258829781,0.18955904258829781
ABLATE_PAYMENTS,2025Q2,H3,standard,1,m2,FINANCIAL,-0.1188973459981786,0.1188973459981786
ABLATE_PAYMENTS,2025Q2,H3,standard,1,rub_uzs,FINANCIAL,-0.1077635126096621,0.1077635126096621
ABLATE_PAYMENTS,2025Q2,H3,standard,1,industrial_production,PRODUCTION,-0.089832699842516003,0.089832699842516003
ABLATE_PAYMENTS,2025Q2,H3,standard,1,fx_reserves_ex_gold,FINANCIAL,-0.0299786774555105,0.0299786774555105
ABLATE_PRICES,2025Q2,H3,standard,1,m2,FINANCIAL,0.57819811462355497,0.57819811462355497
ABLATE_PRICES,2025Q2,H3,standard,1,pos_turnover,PAYMENTS,0.38253439158689467,0.38253439158689467
ABLATE_PRICES,2025Q2,H3,standard,1,usd_uzs,FINANCIAL,-0.1148025913930526,0.1148025913930526
ABLATE_PRICES,2025Q2,H3,standard,1,rub_uzs,FINANCIAL,0.033469973353740502,0.033469973353740502
ABLATE_PRICES,2025Q2,H3,standard,1,industrial_production,PRODUCTION,0.0251264888654462,0.0251264888654462
ABLATE_PRICES,2025Q2,H3,standard,1,gold_price,EXTERNAL,-0.020397651914840598,0.020397651914840598
ABLATE_PRICES,2025Q2,H3,standard,1,fx_reserves_ex_gold,FINANCIAL,-0.0052978598636882002,0.0052978598636882002
ABLATE_PRODUCTION,2025Q2,H3,standard,1,m2,FINANCIAL,0.52656370425092591,0.52656370425092591
ABLATE_PRODUCTION,2025Q2,H3,standard,1,pos_turnover,PAYMENTS,0.34669566899481841,0.34669566899481841
ABLATE_PRODUCTION,2025Q2,H3,standard,1,usd_uzs,FINANCIAL,-0.1042078655079352,0.1042078655079352
ABLATE_PRODUCTION,2025Q2,H3,standard,1,ppi,PRICES,-0.0394081357004347,0.0394081357004347
ABLATE_PRODUCTION,2025Q2,H3,standard,1,rub_uzs,FINANCIAL,0.031199733033294801,0.031199733033294801
ABLATE_PRODUCTION,2025Q2,H3,standard,1,gold_price,EXTERNAL,-0.018731266031287701,0.018731266031287701
ABLATE_PRODUCTION,2025Q2,H3,standard,1,fx_reserves_ex_gold,FINANCIAL,-0.0035535605142984002,0.0035535605142984002
DFM-1,2025Q2,H3,standard,1,usd_uzs,FINANCIAL,0.58372978273729992,0.58372978273729992
DFM-1,2025Q2,H3,standard,1,ppi,PRICES,0.32218078440689768,0.32218078440689768
DFM-1,2025Q2,H3,standard,1,gold_price,EXTERNAL,0.29173535747663748,0.29173535747663748
DFM-1,2025Q2,H3,standard,1,m2,FINANCIAL,-0.25507377103042872,0.25507377103042872
DFM-1,2025Q2,H3,standard,1,rub_uzs,FINANCIAL,-0.14060005062500031,0.14060005062500031
DFM-1,2025Q2,H3,standard,1,industrial_production,PRODUCTION,-0.117582614643832,0.117582614643832
DFM-1,2025Q2,H3,standard,1,fx_reserves_ex_gold,FINANCIAL,-0.034654534177772603,0.034654534177772603
DFM-2_CORE,2025Q2,H3,standard,1,usd_uzs,FINANCIAL,0.58372978273729992,0.58372978273729992
DFM-2_CORE,2025Q2,H3,standard,1,ppi,PRICES,0.32218078440689768,0.32218078440689768
DFM-2_CORE,2025Q2,H3,standard,1,gold_price,EXTERNAL,0.29173535747663748,0.29173535747663748
DFM-2_CORE,2025Q2,H3,standard,1,m2,FINANCIAL,-0.25507377103042872,0.25507377103042872
DFM-2_CORE,2025Q2,H3,standard,1,rub_uzs,FINANCIAL,-0.14060005062500031,0.14060005062500031
DFM-2_CORE,2025Q2,H3,standard,1,industrial_production,PRODUCTION,-0.117582614643832,0.117582614643832
DFM-2_CORE,2025Q2,H3,standard,1,fx_reserves_ex_gold,FINANCIAL,-0.034654534177772603,0.034654534177772603
DFM-2_PLUS_PAYMENTS,2025Q2,H3,standard,1,m2,FINANCIAL,0.59084191695681265,0.59084191695681265
DFM-2_PLUS_PAYMENTS,2025Q2,H3,standard,1,pos_turnover,PAYMENTS,0.36669805436207392,0.36669805436207392
DFM-2_PLUS_PAYMENTS,2025Q2,H3,standard,1,usd_uzs,FINANCIAL,-0.10725183002235091,0.10725183002235091
DFM-2_PLUS_PAYMENTS,2025Q2,H3,standard,1,rub_uzs,FINANCIAL,0.0486517937741935,0.0486517937741935
DFM-2_PLUS_PAYMENTS,2025Q2,H3,standard,1,ppi,PRICES,-0.041308666060484202,0.041308666060484202
DFM-2_PLUS_PAYMENTS,2025Q2,H3,standard,1,gold_price,EXTERNAL,-0.018286005506277202,0.018286005506277202
DFM-2_PLUS_PAYMENTS,2025Q2,H3,standard,1,industrial_production,PRODUCTION,0.014395058900110801,0.014395058900110801
DFM-2_PLUS_PAYMENTS,2025Q2,H3,standard,1,fx_reserves_ex_gold,FINANCIAL,0.0043276273031305004,0.0043276273031305004
DFM-3,2025Q2,H3,standard,1,m2,FINANCIAL,0.59084191695681265,0.59084191695681265
DFM-3,2025Q2,H3,standard,1,pos_turnover,PAYMENTS,0.36669805436207392,0.36669805436207392
DFM-3,2025Q2,H3,standard,1,usd_uzs,FINANCIAL,-0.10725183002235091,0.10725183002235091
DFM-3,2025Q2,H3,standard,1,rub_uzs,FINANCIAL,0.0486517937741935,0.0486517937741935
DFM-3,2025Q2,H3,standard,1,ppi,PRICES,-0.041308666060484202,0.041308666060484202
DFM-3,2025Q2,H3,standard,1,gold_price,EXTERNAL,-0.018286005506277202,0.018286005506277202
DFM-3,2025Q2,H3,standard,1,industrial_production,PRODUCTION,0.014395058900110801,0.014395058900110801
DFM-3,2025Q2,H3,standard,1,fx_reserves_ex_gold,FINANCIAL,0.0043276273031305004,0.0043276273031305004
DFM-3_COMBINED,2025Q2,H3,standard,1,industrial_production,PRODUCTION,0.51481026346761805,0.51481026346761805
DFM-3_COMBINED,2025Q2,H3,standard,1,retail_trade,DOMESTIC_DEMAND,0.41058023095180962,0.41058023095180962
DFM-3_COMBINED,2025Q2,H3,standard,1,construction,DOMESTIC_DEMAND,0.41028437257184153,0.41028437257184153
DFM-3_COMBINED,2025Q2,H3,standard,1,fx_reserves_ex_gold,FINANCIAL,-0.2142815522895383,0.2142815522895383
DFM-3_COMBINED,2025Q2,H3,standard,1,pos_turnover,PAYMENTS,0.12651904734317951,0.12651904734317951
DFM-3_COMBINED,2025Q2,H3,standard,1,usd_uzs,FINANCIAL,-0.0758511776276138,0.0758511776276138
DFM-3_COMBINED,2025Q2,H3,standard,1,gold_price,EXTERNAL,-0.050787037452621003,0.050787037452621003
DFM-3_COMBINED,2025Q2,H3,standard,1,ppi,PRICES,0.047257529404347402,0.047257529404347402
DFM-3_COMBINED,2025Q2,H3,standard,1,exports_total,EXTERNAL,0.046310705669836,0.046310705669836
DFM-3_COMBINED,2025Q2,H3,standard,1,rub_uzs,FINANCIAL,0.0379149863045894,0.0379149863045894
DFM-4_R1_P1,2025Q2,H3,standard,1,m2,FINANCIAL,0.59084191695681265,0.59084191695681265
DFM-4_R1_P1,2025Q2,H3,standard,1,pos_turnover,PAYMENTS,0.36669805436207392,0.36669805436207392
DFM-4_R1_P1,2025Q2,H3,standard,1,usd_uzs,FINANCIAL,-0.10725183002235091,0.10725183002235091
DFM-4_R1_P1,2025Q2,H3,standard,1,rub_uzs,FINANCIAL,0.0486517937741935,0.0486517937741935
DFM-4_R1_P1,2025Q2,H3,standard,1,ppi,PRICES,-0.041308666060484202,0.041308666060484202
DFM-4_R1_P1,2025Q2,H3,standard,1,gold_price,EXTERNAL,-0.018286005506277202,0.018286005506277202
DFM-4_R1_P1,2025Q2,H3,standard,1,industrial_production,PRODUCTION,0.014395058900110801,0.014395058900110801
DFM-4_R1_P1,2025Q2,H3,standard,1,fx_reserves_ex_gold,FINANCIAL,0.0043276273031305004,0.0043276273031305004
DFM-4_R1_P2,2025Q2,H3,standard,1,m2,FINANCIAL,0.54215669011529455,0.54215669011529455
DFM-4_R1_P2,2025Q2,H3,standard,1,pos_turnover,PAYMENTS,0.35886337801098372,0.35886337801098372
DFM-4_R1_P2,2025Q2,H3,standard,1,usd_uzs,FINANCIAL,-0.1081872156565528,0.1081872156565528
DFM-4_R1_P2,2025Q2,H3,standard,1,ppi,PRICES,-0.040409942339815201,0.040409942339815201
DFM-4_R1_P2,2025Q2,H3,standard,1,rub_uzs,FINANCIAL,0.031070230623495398,0.031070230623495398
DFM-4_R1_P2,2025Q2,H3,standard,1,industrial_production,PRODUCTION,0.023453547515664499,0.023453547515664499
DFM-4_R1_P2,2025Q2,H3,standard,1,gold_price,EXTERNAL,-0.019413014389265699,0.019413014389265699
DFM-4_R1_P2,2025Q2,H3,standard,1,fx_reserves_ex_gold,FINANCIAL,-0.0049250464541696999,0.0049250464541696999
DFM-4_R2_P1,2025Q2,H3,standard,1,m2,FINANCIAL,0.56514497225431926,0.56514497225431926
DFM-4_R2_P1,2025Q2,H3,standard,1,pos_turnover,PAYMENTS,0.40246417396763151,0.40246417396763151
DFM-4_R2_P1,2025Q2,H3,standard,1,fx_reserves_ex_gold,FINANCIAL,-0.14966849302815241,0.14966849302815241
DFM-4_R2_P1,2025Q2,H3,standard,1,usd_uzs,FINANCIAL,-0.0974551318516544,0.0974551318516544
DFM-4_R2_P1,2025Q2,H3,standard,1,industrial_production,PRODUCTION,0.087635038044933805,0.087635038044933805
DFM-4_R2_P1,2025Q2,H3,standard,1,gold_price,EXTERNAL,-0.029808112490849099,0.029808112490849099
DFM-4_R2_P1,2025Q2,H3,standard,1,ppi,PRICES,-0.0282069156844637,0.0282069156844637
DFM-4_R2_P1,2025Q2,H3,standard,1,rub_uzs,FINANCIAL,0.024450236442112201,0.024450236442112201
DFM-4_R2_P1,2025Q2,H3,standard,2,fx_reserves_ex_gold,FINANCIAL,0.455043815482085,0.455043815482085
DFM-4_R2_P1,2025Q2,H3,standard,2,industrial_production,PRODUCTION,-0.2128793451914702,0.2128793451914702
DFM-4_R2_P1,2025Q2,H3,standard,2,m2,FINANCIAL,0.17545902685073581,0.17545902685073581
DFM-4_R2_P1,2025Q2,H3,standard,2,pos_turnover,PAYMENTS,-0.0913698228744073,0.0913698228744073
DFM-4_R2_P1,2025Q2,H3,standard,2,rub_uzs,FINANCIAL,0.079438040122333797,0.079438040122333797
DFM-4_R2_P1,2025Q2,H3,standard,2,usd_uzs,FINANCIAL,-0.047927885782162102,0.047927885782162102
DFM-4_R2_P1,2025Q2,H3,standard,2,ppi,PRICES,-0.045518780310245602,0.045518780310245602
DFM-4_R2_P1,2025Q2,H3,standard,2,gold_price,EXTERNAL,0.031112705537575999,0.031112705537575999
DFM-4_R2_P2,2025Q2,H3,standard,1,m2,FINANCIAL,0.55328373564542555,0.55328373564542555
DFM-4_R2_P2,2025Q2,H3,standard,1,pos_turnover,PAYMENTS,0.40408594662130642,0.40408594662130642
DFM-4_R2_P2,2025Q2,H3,standard,1,fx_reserves_ex_gold,FINANCIAL,-0.12976069762836201,0.12976069762836201
DFM-4_R2_P2,2025Q2,H3,standard,1,usd_uzs,FINANCIAL,-0.1036311189275039,0.1036311189275039
DFM-4_R2_P2,2025Q2,H3,standard,1,industrial_production,PRODUCTION,0.083958186888636099,0.083958186888636099
DFM-4_R2_P2,2025Q2,H3,standard,1,ppi,PRICES,-0.030087508979647501,0.030087508979647501
DFM-4_R2_P2,2025Q2,H3,standard,1,gold_price,EXTERNAL,-0.028713445632445399,0.028713445632445399
DFM-4_R2_P2,2025Q2,H3,standard,1,rub_uzs,FINANCIAL,0.018683744149569002,0.018683744149569002
DFM-4_R2_P2,2025Q2,H3,standard,2,fx_reserves_ex_gold,FINANCIAL,0.4386646770650684,0.4386646770650684
DFM-4_R2_P2,2025Q2,H3,standard,2,industrial_production,PRODUCTION,-0.21040728140058221,0.21040728140058221
DFM-4_R2_P2,2025Q2,H3,standard,2,m2,FINANCIAL,0.1704205320407603,0.1704205320407603
DFM-4_R2_P2,2025Q2,H3,standard,2,pos_turnover,PAYMENTS,-0.089988713113523203,0.089988713113523203
DFM-4_R2_P2,2025Q2,H3,standard,2,rub_uzs,FINANCIAL,0.073258460570073902,0.073258460570073902
DFM-4_R2_P2,2025Q2,H3,standard,2,ppi,PRICES,-0.049323746325109802,0.049323746325109802
DFM-4_R2_P2,2025Q2,H3,standard,2,usd_uzs,FINANCIAL,-0.047877353456874702,0.047877353456874702
DFM-4_R2_P2,2025Q2,H3,standard,2,gold_price,EXTERNAL,0.026286211647298701,0.026286211647298701
DFM-4_R3_P2,2023Q1,H1,standard,1,m2,FINANCIAL,0.69656494458149021,0.69656494458149021
DFM-4_R3_P2,2023Q1,H1,standard,1,pos_turnover,PAYMENTS,0.58116991052246636,0.58116991052246636
DFM-4_R3_P2,2023Q1,H1,standard,1,industrial_production,PRODUCTION,0.39541948200787191,0.39541948200787191
DFM-4_R3_P2,2023Q1,H1,standard,1,fx_reserves_ex_gold,FINANCIAL,-0.37686007009031841,0.37686007009031841
DFM-4_R3_P2,2023Q1,H1,standard,1,gold_price,EXTERNAL,-0.12819074632584701,0.12819074632584701
DFM-4_R3_P2,2023Q1,H1,standard,1,usd_uzs,FINANCIAL,-0.093148361542116906,0.093148361542116906
DFM-4_R3_P2,2023Q1,H1,standard,1,rub_uzs,FINANCIAL,0.0912987703412977,0.0912987703412977
DFM-4_R3_P2,2023Q1,H1,standard,1,ppi,PRICES,0.053070825267661402,0.053070825267661402
DFM-4_R3_P2,2023Q1,H1,standard,2,usd_uzs,FINANCIAL,0.1559707526592097,0.1559707526592097
DFM-4_R3_P2,2023Q1,H1,standard,2,pos_turnover,PAYMENTS,-0.11150474890385501,0.11150474890385501
DFM-4_R3_P2,2023Q1,H1,standard,2,gold_price,EXTERNAL,0.1111642884448079,0.1111642884448079
DFM-4_R3_P2,2023Q1,H1,standard,2,industrial_production,PRODUCTION,-0.1098366018136526,0.1098366018136526
DFM-4_R3_P2,2023Q1,H1,standard,2,ppi,PRICES,0.054344607344266202,0.054344607344266202
DFM-4_R3_P2,2023Q1,H1,standard,2,m2,FINANCIAL,0.028209448586368199,0.028209448586368199
DFM-4_R3_P2,2023Q1,H1,standard,2,fx_reserves_ex_gold,FINANCIAL,-0.0267995791733249,0.0267995791733249
DFM-4_R3_P2,2023Q1,H1,standard,2,rub_uzs,FINANCIAL,0.0147117303559303,0.0147117303559303
DFM-4_R3_P2,2023Q1,H1,standard,3,industrial_production,PRODUCTION,0.32379967324327702,0.32379967324327702
DFM-4_R3_P2,2023Q1,H1,standard,3,fx_reserves_ex_gold,FINANCIAL,-0.2436729136091525,0.2436729136091525
DFM-4_R3_P2,2023Q1,H1,standard,3,m2,FINANCIAL,-0.13568152353128801,0.13568152353128801
DFM-4_R3_P2,2023Q1,H1,standard,3,ppi,PRICES,0.078635705844044307,0.078635705844044307
DFM-4_R3_P2,2023Q1,H1,standard,3,pos_turnover,PAYMENTS,-0.058862110932462401,0.058862110932462401
DFM-4_R3_P2,2023Q1,H1,standard,3,gold_price,EXTERNAL,0.043201047849634001,0.043201047849634001
DFM-4_R3_P2,2023Q1,H1,standard,3,usd_uzs,FINANCIAL,0.0339976549357556,0.0339976549357556
DFM-4_R3_P2,2023Q1,H1,standard,3,rub_uzs,FINANCIAL,-0.018501118934271699,0.018501118934271699
ROBUST_NO_FX,2025Q2,H3,standard,1,m2,FINANCIAL,0.6572891073287076,0.6572891073287076
ROBUST_NO_FX,2025Q2,H3,standard,1,pos_turnover,PAYMENTS,0.43347342169788722,0.43347342169788722
ROBUST_NO_FX,2025Q2,H3,standard,1,ppi,PRICES,-0.048494127697088003,0.048494127697088003
ROBUST_NO_FX,2025Q2,H3,standard,1,industrial_production,PRODUCTION,0.027360262864118901,0.027360262864118901
ROBUST_NO_FX,2025Q2,H3,standard,1,gold_price,EXTERNAL,-0.022197439868146498,0.022197439868146498
ROBUST_NO_FX,2025Q2,H3,standard,1,fx_reserves_ex_gold,FINANCIAL,-0.0062707788934496002,0.0062707788934496002
ROBUST_NO_GOLD,2025Q2,H3,standard,1,m2,FINANCIAL,0.63782803938102095,0.63782803938102095
ROBUST_NO_GOLD,2025Q2,H3,standard,1,pos_turnover,PAYMENTS,0.4215728849601364,0.4215728849601364
ROBUST_NO_GOLD,2025Q2,H3,standard,1,usd_uzs,FINANCIAL,-0.1268425897097884,0.1268425897097884
ROBUST_NO_GOLD,2025Q2,H3,standard,1,ppi,PRICES,-0.0476424373141663,0.0476424373141663
ROBUST_NO_GOLD,2025Q2,H3,standard,1,rub_uzs,FINANCIAL,0.036725862721756902,0.036725862721756902
ROBUST_NO_GOLD,2025Q2,H3,standard,1,industrial_production,PRODUCTION,0.027262676908162201,0.027262676908162201
ROBUST_NO_GOLD,2025Q2,H3,standard,1,fx_reserves_ex_gold,FINANCIAL,-0.0054616436318279003,0.0054616436318279003
ROBUST_NO_RUB,2025Q2,H3,standard,1,m2,FINANCIAL,0.55670018999417326,0.55670018999417326
ROBUST_NO_RUB,2025Q2,H3,standard,1,pos_turnover,PAYMENTS,0.36894046319723223,0.36894046319723223
ROBUST_NO_RUB,2025Q2,H3,standard,1,usd_uzs,FINANCIAL,-0.1111339241736559,0.1111339241736559
ROBUST_NO_RUB,2025Q2,H3,standard,1,ppi,PRICES,-0.041834909646627602,0.041834909646627602
ROBUST_NO_RUB,2025Q2,H3,standard,1,industrial_production,PRODUCTION,0.024234958396797401,0.024234958396797401
ROBUST_NO_RUB,2025Q2,H3,standard,1,gold_price,EXTERNAL,-0.019837549675378399,0.019837549675378399
ROBUST_NO_RUB,2025Q2,H3,standard,1,fx_reserves_ex_gold,FINANCIAL,-0.0054895394414461,0.0054895394414461
ROBUST_NO_USD,2025Q2,H3,standard,1,m2,FINANCIAL,0.65515809856011942,0.65515809856011942
ROBUST_NO_USD,2025Q2,H3,standard,1,pos_turnover,PAYMENTS,0.4315333745113244,0.4315333745113244
ROBUST_NO_USD,2025Q2,H3,standard,1,ppi,PRICES,-0.048012292563938901,0.048012292563938901
ROBUST_NO_USD,2025Q2,H3,standard,1,rub_uzs,FINANCIAL,0.037285855247920802,0.037285855247920802
ROBUST_NO_USD,2025Q2,H3,standard,1,industrial_production,PRODUCTION,0.027090503724091101,0.027090503724091101
ROBUST_NO_USD,2025Q2,H3,standard,1,gold_price,EXTERNAL,-0.0222534996561593,0.0222534996561593
ROBUST_NO_USD,2025Q2,H3,standard,1,fx_reserves_ex_gold,FINANCIAL,-0.0057281734734821003,0.0057281734734821003
ROBUST_START_2020,2025Q2,H3,standard,1,pos_turnover,PAYMENTS,0.56601011998314732,0.56601011998314732
ROBUST_START_2020,2025Q2,H3,standard,1,m2,FINANCIAL,0.4655919489822743,0.4655919489822743
ROBUST_START_2020,2025Q2,H3,standard,1,fx_reserves_ex_gold,FINANCIAL,-0.2943885044379187,0.2943885044379187
ROBUST_START_2020,2025Q2,H3,standard,1,industrial_production,PRODUCTION,0.220189367343359,0.220189367343359
ROBUST_START_2020,2025Q2,H3,standard,1,usd_uzs,FINANCIAL,-0.14168326714664861,0.14168326714664861
ROBUST_START_2020,2025Q2,H3,standard,1,gold_price,EXTERNAL,-0.12528836863592491,0.12528836863592491
ROBUST_START_2020,2025Q2,H3,standard,1,ppi,PRICES,0.087008923895958101,0.087008923895958101
ROBUST_START_2020,2025Q2,H3,standard,1,rub_uzs,FINANCIAL,0.039113964944949502,0.039113964944949502
ROBUST_WINSOR_1_99,2025Q2,H3,standard,1,m2,FINANCIAL,0.56113515113943946,0.56113515113943946
ROBUST_WINSOR_1_99,2025Q2,H3,standard,1,pos_turnover,PAYMENTS,0.37361434691216,0.37361434691216
ROBUST_WINSOR_1_99,2025Q2,H3,standard,1,usd_uzs,FINANCIAL,-0.1086052395867898,0.1086052395867898
ROBUST_WINSOR_1_99,2025Q2,H3,standard,1,ppi,PRICES,-0.041953718482877801,0.041953718482877801
ROBUST_WINSOR_1_99,2025Q2,H3,standard,1,industrial_production,PRODUCTION,0.035285151387422602,0.035285151387422602
ROBUST_WINSOR_1_99,2025Q2,H3,standard,1,rub_uzs,FINANCIAL,0.032410315494016503,0.032410315494016503
ROBUST_WINSOR_1_99,2025Q2,H3,standard,1,gold_price,EXTERNAL,-0.016237035785930901,0.016237035785930901
ROBUST_WINSOR_1_99,2025Q2,H3,standard,1,fx_reserves_ex_gold,FINANCIAL,-0.0088483575293194002,0.0088483575293194002
