model,lag_mode,timing_rule,evaluation_group,horizon,sample,n,quarters,rmse,mae,bias,median_absolute_error,bias_convention
DEVELOPMENT_WEIGHT_DFM,conservative,STRICT,DEVELOPMENT,H1,FULL_AVAILABLE,11,11,0.35900181538873499,0.32074432086210175,0.30110747362717161,0.36925705595845315,actual_minus_prediction
DEVELOPMENT_WEIGHT_DFM,conservative,STRICT,DEVELOPMENT,H2,FULL_AVAILABLE,11,11,0.36734874307611926,0.32638576662439917,0.27946239232010339,0.37653511673307261,actual_minus_prediction
DEVELOPMENT_WEIGHT_DFM,conservative,STRICT,DEVELOPMENT,H3,FULL_AVAILABLE,11,11,0.3521135003867305,0.30648016184960142,0.26331833133831106,0.28583687036662297,actual_minus_prediction
DEVELOPMENT_WEIGHT_DFM,conservative,STRICT,DEVELOPMENT,ALL,FULL_AVAILABLE,33,11,0.3595419862577981,0.31787008311203413,0.281296065761862,0.36377821980416147,actual_minus_prediction
DEVELOPMENT_WEIGHT_DFM,conservative,STRICT,HOLDOUT,H1,FULL_AVAILABLE,4,4,0.52646875132272508,0.3584687721084161,0.3584687721084161,0.19441618207070999,actual_minus_prediction
DEVELOPMENT_WEIGHT_DFM,conservative,STRICT,HOLDOUT,H2,FULL_AVAILABLE,4,4,0.66488320436446924,0.53790627336045049,0.41697169487941976,0.39976576675986086,actual_minus_prediction
DEVELOPMENT_WEIGHT_DFM,conservative,STRICT,HOLDOUT,H3,FULL_AVAILABLE,4,4,0.67174181459516036,0.49151436128628467,0.40786237780825263,0.33414264838536401,actual_minus_prediction
DEVELOPMENT_WEIGHT_DFM,conservative,STRICT,HOLDOUT,ALL,FULL_AVAILABLE,12,4,0.62462684514859812,0.46262980225171707,0.39443428159869615,0.24653186859279952,actual_minus_prediction
DEVELOPMENT_WEIGHT_DFM,standard,STRICT,DEVELOPMENT,H1,FULL_AVAILABLE,11,11,0.36397702081807404,0.31107372496157504,0.25854071884358254,0.38149340651790009,actual_minus_prediction
DEVELOPMENT_WEIGHT_DFM,standard,STRICT,DEVELOPMENT,H2,FULL_AVAILABLE,11,11,0.3520006697791046,0.30272711884846387,0.25925208052263005,0.28799573851774607,actual_minus_prediction
DEVELOPMENT_WEIGHT_DFM,standard,STRICT,DEVELOPMENT,H3,FULL_AVAILABLE,11,11,0.28089617440384779,0.26289659844150876,0.11680897784837573,0.29548823376170574,actual_minus_prediction
DEVELOPMENT_WEIGHT_DFM,standard,STRICT,DEVELOPMENT,ALL,FULL_AVAILABLE,33,11,0.33430844241172247,0.29223248075051594,0.2115339257381961,0.29548823376170574,actual_minus_prediction
DEVELOPMENT_WEIGHT_DFM,standard,STRICT,HOLDOUT,H1,FULL_AVAILABLE,4,4,0.66657666296241658,0.53738046277487417,0.41759598440771883,0.39913758322143078,actual_minus_prediction
DEVELOPMENT_WEIGHT_DFM,standard,STRICT,HOLDOUT,H2,FULL_AVAILABLE,4,4,0.67140824168808277,0.49032876134602854,0.4071561499714671,0.33392557803070799,actual_minus_prediction
DEVELOPMENT_WEIGHT_DFM,standard,STRICT,HOLDOUT,H3,FULL_AVAILABLE,4,4,0.35275207823676435,0.22162023586162838,0.22029048984792454,0.096228894074450899,actual_minus_prediction
DEVELOPMENT_WEIGHT_DFM,standard,STRICT,HOLDOUT,ALL,FULL_AVAILABLE,12,4,0.58296583756773435,0.41644315332751036,0.34834754140903684,0.2088950047739444,actual_minus_prediction
FIXED_25_DFM,conservative,STRICT,DEVELOPMENT,H1,FULL_AVAILABLE,11,11,0.38578571309654602,0.32687888242025392,0.3209909290849266,0.34931309747319528,actual_minus_prediction
FIXED_25_DFM,conservative,STRICT,DEVELOPMENT,H2,FULL_AVAILABLE,11,11,0.36098854806045849,0.31165763577088951,0.2190701886986102,0.32359305880932165,actual_minus_prediction
FIXED_25_DFM,conservative,STRICT,DEVELOPMENT,H3,FULL_AVAILABLE,11,11,0.34726574684127498,0.28430374371824507,0.22127443085367957,0.23228554369346988,actual_minus_prediction
FIXED_25_DFM,conservative,STRICT,DEVELOPMENT,ALL,FULL_AVAILABLE,33,11,0.36502823963333619,0.30761342063646285,0.25377851621240549,0.31237300489967179,actual_minus_prediction
FIXED_25_DFM,conservative,STRICT,HOLDOUT,H1,FULL_AVAILABLE,4,4,0.43966609259190281,0.2302215219592163,0.2206361702983648,0.019523324856139279,actual_minus_prediction
FIXED_25_DFM,conservative,STRICT,HOLDOUT,H2,FULL_AVAILABLE,4,4,0.72537307886716529,0.64887024544307637,0.33386450214180452,0.57596677704291777,actual_minus_prediction
FIXED_25_DFM,conservative,STRICT,HOLDOUT,H3,FULL_AVAILABLE,4,4,0.72744347988324198,0.57391151843153509,0.32062484976221728,0.46534258539568762,actual_minus_prediction
FIXED_25_DFM,conservative,STRICT,HOLDOUT,ALL,FULL_AVAILABLE,12,4,0.6451476298607689,0.4843344286112759,0.29170850740079551,0.46534258539568762,actual_minus_prediction
FIXED_25_DFM,standard,STRICT,DEVELOPMENT,H1,FULL_AVAILABLE,11,11,0.36750775134099584,0.32304322403349794,0.20945336754666347,0.32587217793111289,actual_minus_prediction
FIXED_25_DFM,standard,STRICT,DEVELOPMENT,H2,FULL_AVAILABLE,11,11,0.34811836863361917,0.28730992816446893,0.2194053448602836,0.2330773708609204,actual_minus_prediction
FIXED_25_DFM,standard,STRICT,DEVELOPMENT,H3,FULL_AVAILABLE,11,11,0.36013361121954945,0.29891291520409952,0.0032154878867712744,0.26644271653595997,actual_minus_prediction
FIXED_25_DFM,standard,STRICT,DEVELOPMENT,ALL,FULL_AVAILABLE,33,11,0.35867560264854054,0.3030886891340222,0.14402473343123945,0.26644271653595997,actual_minus_prediction
FIXED_25_DFM,standard,STRICT,HOLDOUT,H1,FULL_AVAILABLE,4,4,0.72585243213845063,0.64862855223593585,0.33415146201370116,0.57567802725689043,actual_minus_prediction
FIXED_25_DFM,standard,STRICT,HOLDOUT,H2,FULL_AVAILABLE,4,4,0.72723371781172907,0.57336654756216388,0.3203002262656065,0.46524280720249189,actual_minus_prediction
FIXED_25_DFM,standard,STRICT,HOLDOUT,H3,FULL_AVAILABLE,4,4,0.25460771682117789,0.22980901890756211,0.019402570031528121,0.21040644887603399,actual_minus_prediction
FIXED_25_DFM,standard,STRICT,HOLDOUT,ALL,FULL_AVAILABLE,12,4,0.61116165974545744,0.48393470623522061,0.22461808610361192,0.4129153998973738,actual_minus_prediction
FIXED_50_DFM,conservative,STRICT,DEVELOPMENT,H1,FULL_AVAILABLE,11,11,0.36147637185294823,0.32112807333310617,0.30407645470437467,0.37596527249127654,actual_minus_prediction
FIXED_50_DFM,conservative,STRICT,DEVELOPMENT,H2,FULL_AVAILABLE,11,11,0.36383582599884795,0.32060264956961854,0.27044467856588361,0.36862985255513436,actual_minus_prediction
FIXED_50_DFM,conservative,STRICT,DEVELOPMENT,H3,FULL_AVAILABLE,11,11,0.35015522128199816,0.30145796028865918,0.25704037099002597,0.26591368322294784,actual_minus_prediction
FIXED_50_DFM,conservative,STRICT,DEVELOPMENT,ALL,FULL_AVAILABLE,33,11,0.35853886571252869,0.31439622773046133,0.27718716808676136,0.35610243575117106,actual_minus_prediction
FIXED_50_DFM,conservative,STRICT,HOLDOUT,H1,FULL_AVAILABLE,4,4,0.51143997929039087,0.33788772232734732,0.33788772232734732,0.16543877217176073,actual_minus_prediction
FIXED_50_DFM,conservative,STRICT,HOLDOUT,H2,FULL_AVAILABLE,4,4,0.6704612716667786,0.55447532163601654,0.40456219779066149,0.42607595547056798,actual_minus_prediction
FIXED_50_DFM,conservative,STRICT,HOLDOUT,H3,FULL_AVAILABLE,4,4,0.67743153578597015,0.50381783644930889,0.39483614247702703,0.35373331415980713,actual_minus_prediction
FIXED_50_DFM,conservative,STRICT,HOLDOUT,ALL,FULL_AVAILABLE,12,4,0.62450050837954418,0.46539362680422425,0.37909535419834528,0.2588948178176369,actual_minus_prediction
FIXED_50_DFM,standard,STRICT,DEVELOPMENT,H1,FULL_AVAILABLE,11,11,0.36313415988697073,0.31286100063524463,0.25121103626199015,0.37318809079871773,actual_minus_prediction
FIXED_50_DFM,standard,STRICT,DEVELOPMENT,H2,FULL_AVAILABLE,11,11,0.35031929935322653,0.29759717733729313,0.25330219900323425,0.26789836661104083,actual_minus_prediction
FIXED_50_DFM,standard,STRICT,DEVELOPMENT,H3,FULL_AVAILABLE,11,11,0.28605219739498094,0.26827452498782167,0.09984729214409685,0.27485733589788275,actual_minus_prediction
FIXED_50_DFM,standard,STRICT,DEVELOPMENT,ALL,FULL_AVAILABLE,33,11,0.33487106434698555,0.29291090098678652,0.20145350913644042,0.27485733589788275,actual_minus_prediction
FIXED_50_DFM,standard,STRICT,HOLDOUT,H1,FULL_AVAILABLE,4,4,0.67192960780185307,0.55399193522173573,0.40513611753445544,0.42549845589851332,actual_minus_prediction
FIXED_50_DFM,standard,STRICT,HOLDOUT,H2,FULL_AVAILABLE,4,4,0.67710558562123191,0.50272789471056623,0.39418689548380614,0.35353375777341522,actual_minus_prediction
FIXED_50_DFM,standard,STRICT,HOLDOUT,H3,FULL_AVAILABLE,4,4,0.32871609644872934,0.20783401756230591,0.19029407228153206,0.07408901445263627,actual_minus_prediction
FIXED_50_DFM,standard,STRICT,HOLDOUT,ALL,FULL_AVAILABLE,12,4,0.58252772294106714,0.42151794916486929,0.3298723617665979,0.25739681691404037,actual_minus_prediction
FIXED_75_DFM,conservative,STRICT,DEVELOPMENT,H1,FULL_AVAILABLE,11,11,0.35514058360879525,0.3189418110530543,0.2871619803238229,0.3565952922959319,actual_minus_prediction
FIXED_75_DFM,conservative,STRICT,DEVELOPMENT,H2,FULL_AVAILABLE,11,11,0.39474777165243186,0.3535494359314113,0.32181916843315689,0.4252523180704344,actual_minus_prediction
FIXED_75_DFM,conservative,STRICT,DEVELOPMENT,H3,FULL_AVAILABLE,11,11,0.36677673095886132,0.33661907209283243,0.29280631112637212,0.37941734988764075,actual_minus_prediction
FIXED_75_DFM,conservative,STRICT,DEVELOPMENT,ALL,FULL_AVAILABLE,33,11,0.37259263175905893,0.33637010635909931,0.30059581996111728,0.37941734988764075,actual_minus_prediction
FIXED_75_DFM,conservative,STRICT,HOLDOUT,H1,FULL_AVAILABLE,4,4,0.60405731494755865,0.45513927435632962,0.45513927435632962,0.33052492280908519,actual_minus_prediction
FIXED_75_DFM,conservative,STRICT,HOLDOUT,H2,FULL_AVAILABLE,4,4,0.65656545719149617,0.47525989343951913,0.47525989343951913,0.35010152620996315,actual_minus_prediction
FIXED_75_DFM,conservative,STRICT,HOLDOUT,H3,FULL_AVAILABLE,4,4,0.65862416067042873,0.46904743519183723,0.46904743519183723,0.31277060437343485,actual_minus_prediction
FIXED_75_DFM,conservative,STRICT,HOLDOUT,ALL,FULL_AVAILABLE,12,4,0.64024714611821565,0.46648220099589532,0.46648220099589532,0.33052492280908519,actual_minus_prediction
FIXED_75_DFM,standard,STRICT,DEVELOPMENT,H1,FULL_AVAILABLE,11,11,0.37422972385884185,0.32589051756780757,0.2929687049773167,0.42050400366632168,actual_minus_prediction
FIXED_75_DFM,standard,STRICT,DEVELOPMENT,H2,FULL_AVAILABLE,11,11,0.36481676077865333,0.33144371984034487,0.28719905314618493,0.38239437496978113,actual_minus_prediction
FIXED_75_DFM,standard,STRICT,DEVELOPMENT,H3,FULL_AVAILABLE,11,11,0.29507018123108425,0.26434969817529957,0.19647909640142258,0.29712857064209253,actual_minus_prediction
FIXED_75_DFM,standard,STRICT,DEVELOPMENT,ALL,FULL_AVAILABLE,33,11,0.3465090508756537,0.3072279785278173,0.25888228484164139,0.33752470907245691,actual_minus_prediction
FIXED_75_DFM,standard,STRICT,HOLDOUT,H1,FULL_AVAILABLE,4,4,0.6594728907210764,0.47612077305520928,0.47612077305520928,0.34700907875518139,actual_minus_prediction
FIXED_75_DFM,standard,STRICT,HOLDOUT,H2,FULL_AVAILABLE,4,4,0.65831349563284824,0.46807356470200512,0.46807356470200512,0.31379335403041253,actual_minus_prediction
FIXED_75_DFM,standard,STRICT,HOLDOUT,H3,FULL_AVAILABLE,4,4,0.48631278563562924,0.36118557453153599,0.36118557453153599,0.24822479791734597,actual_minus_prediction
FIXED_75_DFM,standard,STRICT,HOLDOUT,ALL,FULL_AVAILABLE,12,4,0.60684464722613551,0.43512663742958346,0.43512663742958346,0.24822479791734597,actual_minus_prediction
