target_quarter,horizon,P0,G1,G2,S0,S1,S2,U0,actual,P0_error,abs_error_P0,G1_error,abs_error_G1,G2_error,abs_error_G2,S0_error,abs_error_S0,S1_error,abs_error_S1,S2_error,abs_error_S2,U0_error,abs_error_U0,G2_minus_P0,identity_error,sample,evidence_class
2022Q3,H2,5.7454483730889443,5.8266494441298882,6.4431543755676568,5.5332537443485492,5.695655886430437,6.9286657493059725,5.9576430018293403,5.7999999999999998,0.054551626911055529,0.054551626911055529,-0.026649444129888344,0.026649444129888344,-0.64315437556765698,0.64315437556765698,0.2667462556514506,0.2667462556514506,0.10434411356956286,0.10434411356956286,-1.1286657493059726,1.1286657493059726,-0.15764300182934043,0.15764300182934043,0.69770600247871251,8.8817841970012523e-16,EXTENDED_COMMON,AVAILABILITY_AWARE_PSEUDO_REAL_TIME; HISTORICAL_PREDICTOR_VALUE_VINTAGES_UNVERIFIED
2022Q3,H3,6.0019330178113872,6.0159418033689818,6.341271348900106,5.8380581673203595,5.8660757384355477,6.5167348294977963,6.1658078683024149,5.7999999999999998,-0.20193301781138739,0.20193301781138739,-0.21594180336898194,0.21594180336898194,-0.5412713489001062,0.5412713489001062,-0.038058167320359715,0.038058167320359715,-0.066075738435547926,0.066075738435547926,-0.71673482949779643,0.71673482949779643,-0.36580786830241507,0.36580786830241507,0.3393383310887188,4.4408920985006262e-16,EXTENDED_COMMON,AVAILABILITY_AWARE_PSEUDO_REAL_TIME; HISTORICAL_PREDICTOR_VALUE_VINTAGES_UNVERIFIED
2023Q1,H1,5.6780631443387808,5.7211252072734897,5.9339576703798311,5.6840767941566197,5.7702009200260367,6.1958658462387213,5.6720494945209419,5.5,-0.17806314433878079,0.17806314433878079,-0.22112520727348972,0.22112520727348972,-0.43395767037983113,0.43395767037983113,-0.18407679415661971,0.18407679415661971,-0.27020092002603668,0.27020092002603668,-0.69586584623872128,0.69586584623872128,-0.17204949452094187,0.17204949452094187,0.25589452604105034,-4.4408920985006262e-16,EXTENDED_COMMON,AVAILABILITY_AWARE_PSEUDO_REAL_TIME; HISTORICAL_PREDICTOR_VALUE_VINTAGES_UNVERIFIED
2023Q1,H2,5.7382115188393996,5.7698855370796167,5.8985049973658814,5.7484798147963598,5.811827851276794,6.0690667718493216,5.7279432228824403,5.5,-0.23821151883939962,0.23821151883939962,-0.26988553707961671,0.26988553707961671,-0.39850499736588141,0.39850499736588141,-0.24847981479635983,0.24847981479635983,-0.31182785127679402,0.31182785127679402,-0.56906677184932164,0.56906677184932164,-0.22794322288244029,0.22794322288244029,0.16029347852648179,8.8817841970012523e-16,EXTENDED_COMMON,AVAILABILITY_AWARE_PSEUDO_REAL_TIME; HISTORICAL_PREDICTOR_VALUE_VINTAGES_UNVERIFIED
2023Q1,H3,5.7455860714410516,5.7718778925400018,5.9001869514750016,5.7609993629398479,5.8135830051377493,6.0702011230077497,5.7301727799422544,5.5,-0.2455860714410516,0.2455860714410516,-0.27187789254000183,0.27187789254000183,-0.40018695147500161,0.40018695147500161,-0.26099936293984793,0.26099936293984793,-0.31358300513774928,0.31358300513774928,-0.57020112300774972,0.57020112300774972,-0.23017277994225438,0.23017277994225438,0.15460088003395001,-8.8817841970012523e-16,EXTENDED_COMMON,AVAILABILITY_AWARE_PSEUDO_REAL_TIME; HISTORICAL_PREDICTOR_VALUE_VINTAGES_UNVERIFIED
2023Q2,H1,5.6998049451773003,5.7150436750179825,5.7401937029709869,5.4930858057947161,5.5235632654760813,5.5738633213820892,5.9065240845598845,5.5999999999999996,-0.099804945177300652,0.099804945177300652,-0.11504367501798285,0.11504367501798285,-0.14019370297098721,0.14019370297098721,0.10691419420528359,0.10691419420528359,0.076436734523918304,0.076436734523918304,0.026136678617910469,0.026136678617910469,-0.30652408455988489,0.30652408455988489,0.040388757793686558,0,EXTENDED_COMMON,AVAILABILITY_AWARE_PSEUDO_REAL_TIME; HISTORICAL_PREDICTOR_VALUE_VINTAGES_UNVERIFIED
2023Q2,H2,5.6054108619979237,5.6156590050214916,5.6646144488560219,5.4385282862878608,5.4590245723349966,5.5569354600040572,5.7722934377079866,5.5999999999999996,-0.0054108619979240657,0.0054108619979240657,-0.015659005021491978,0.015659005021491978,-0.0646144488560223,0.0646144488560223,0.16147171371213886,0.16147171371213886,0.14097542766500304,0.14097542766500304,0.043064539995942397,0.043064539995942397,-0.172293437707987,0.172293437707987,0.059203586858098234,0,EXTENDED_COMMON,AVAILABILITY_AWARE_PSEUDO_REAL_TIME; HISTORICAL_PREDICTOR_VALUE_VINTAGES_UNVERIFIED
2023Q2,H3,5.6775513380905371,5.6918735476566402,5.7489680024386391,5.394577382405811,5.4232218015380171,5.5374107111020141,5.9605252937752633,5.5999999999999996,-0.077551338090537492,0.077551338090537492,-0.091873547656640575,0.091873547656640575,-0.1489680024386395,0.1489680024386395,0.20542261759418867,0.20542261759418867,0.17677819846198251,0.17677819846198251,0.06258928889798554,0.06258928889798554,-0.36052529377526366,0.36052529377526366,0.07141666434810201,4.4408920985006262e-16,EXTENDED_COMMON,AVAILABILITY_AWARE_PSEUDO_REAL_TIME; HISTORICAL_PREDICTOR_VALUE_VINTAGES_UNVERIFIED
2023Q3,H1,5.255527063463278,5.2584802639873107,5.2839646988714382,5.2986454787838673,5.3045518798319318,5.3555207496001875,5.2124086481426897,5.7999999999999998,0.5444729365367218,0.5444729365367218,0.5415197360126891,0.5415197360126891,0.51603530112856166,0.51603530112856166,0.50135452121613255,0.50135452121613255,0.49544812016806805,0.49544812016806805,0.44447925039981229,0.44447925039981229,0.58759135185731015,0.58759135185731015,0.028437635408160133,0,EXTENDED_COMMON,AVAILABILITY_AWARE_PSEUDO_REAL_TIME; HISTORICAL_PREDICTOR_VALUE_VINTAGES_UNVERIFIED
2023Q3,H2,5.3762008287528662,5.3729899383222488,5.3795519326789014,5.3595372310401181,5.3531154501788816,5.3662394388921877,5.3928644264656151,5.7999999999999998,0.42379917124713362,0.42379917124713362,0.42701006167775102,0.42701006167775102,0.42044806732109841,0.42044806732109841,0.44046276895988168,0.44046276895988168,0.44688454982111825,0.44688454982111825,0.43376056110781214,0.43376056110781214,0.40713557353438468,0.40713557353438468,0.0033511039260352149,4.4408920985006262e-16,EXTENDED_COMMON,AVAILABILITY_AWARE_PSEUDO_REAL_TIME; HISTORICAL_PREDICTOR_VALUE_VINTAGES_UNVERIFIED
2023Q3,H3,5.4221170214307755,5.4080873683139057,5.4154413112906816,5.3991460214001883,5.3710867151664479,5.3857946011200006,5.4450880214613626,5.7999999999999998,0.37788297856922437,0.37788297856922437,0.39191263168609414,0.39191263168609414,0.3845586887093182,0.3845586887093182,0.40085397859981153,0.40085397859981153,0.42891328483355196,0.42891328483355196,0.41420539887999919,0.41420539887999919,0.35491197853863721,0.35491197853863721,-0.0066757101400938268,0,EXTENDED_COMMON,AVAILABILITY_AWARE_PSEUDO_REAL_TIME; HISTORICAL_PREDICTOR_VALUE_VINTAGES_UNVERIFIED
2023Q4,H1,5.5574497299106689,5.567988483264755,5.5335477537344717,5.4992835576265939,5.5203610643347654,5.4514796052741987,5.6156159021947447,6,0.44255027008933112,0.44255027008933112,0.43201151673524496,0.43201151673524496,0.46645224626552828,0.46645224626552828,0.50071644237340607,0.50071644237340607,0.47963893566523463,0.47963893566523463,0.54852039472580127,0.54852039472580127,0.38438409780525529,0.38438409780525529,-0.023901976176197159,4.4408920985006262e-16,EXTENDED_COMMON,AVAILABILITY_AWARE_PSEUDO_REAL_TIME; HISTORICAL_PREDICTOR_VALUE_VINTAGES_UNVERIFIED
2023Q4,H2,5.7321016333889592,5.7409962685191944,5.7045082110826462,5.5031096166714786,5.5208988869319482,5.4479227720588517,5.9610936501064407,6,0.26789836661104083,0.26789836661104083,0.25900373148080558,0.25900373148080558,0.29549178891735384,0.29549178891735384,0.49689038332852142,0.49689038332852142,0.47910111306805181,0.47910111306805181,0.55207722794114833,0.55207722794114833,0.038906349893559344,0.038906349893559344,-0.027593422306313009,4.4408920985006262e-16,EXTENDED_COMMON,AVAILABILITY_AWARE_PSEUDO_REAL_TIME; HISTORICAL_PREDICTOR_VALUE_VINTAGES_UNVERIFIED
2023Q4,H3,5.7251426641021173,5.7356670172715774,5.7105188701057434,5.4900715846365991,5.5111202909755193,5.4608239966438514,5.9602137435676354,6,0.27485733589788275,0.27485733589788275,0.26433298272842265,0.26433298272842265,0.28948112989425656,0.28948112989425656,0.50992841536340094,0.50992841536340094,0.48887970902448075,0.48887970902448075,0.53917600335614857,0.53917600335614857,0.039786256432364553,0.039786256432364553,-0.014623793996373813,0,EXTENDED_COMMON,AVAILABILITY_AWARE_PSEUDO_REAL_TIME; HISTORICAL_PREDICTOR_VALUE_VINTAGES_UNVERIFIED
2024Q1,H1,5.8268119092012824,5.7528473482785616,5.7468974163336171,5.7321800834660737,5.5842509616206311,5.572351097730742,5.9214437349364921,6.2000000000000002,0.37318809079871773,0.37318809079871773,0.44715265172143859,0.44715265172143859,0.45310258366638312,0.45310258366638312,0.46781991653392652,0.46781991653392652,0.61574903837936912,0.61574903837936912,0.62764890226925818,0.62764890226925818,0.27855626506350806,0.27855626506350806,-0.079914492867665388,4.4408920985006262e-16,EXTENDED_COMMON,AVAILABILITY_AWARE_PSEUDO_REAL_TIME; HISTORICAL_PREDICTOR_VALUE_VINTAGES_UNVERIFIED
2024Q1,H2,5.8401933241214508,5.775749251121427,5.7722430426223035,5.749030222291073,5.6201420762910264,5.6131296592927793,5.9313564259518285,6.2000000000000002,0.35980667587854942,0.35980667587854942,0.42425074887857317,0.42425074887857317,0.4277569573776967,0.4277569573776967,0.45096977770892721,0.45096977770892721,0.57985792370897382,0.57985792370897382,0.58687034070722088,0.58687034070722088,0.26864357404817163,0.26864357404817163,-0.06795028149914728,-4.4408920985006262e-16,EXTENDED_COMMON,AVAILABILITY_AWARE_PSEUDO_REAL_TIME; HISTORICAL_PREDICTOR_VALUE_VINTAGES_UNVERIFIED
2024Q1,H3,5.8775566405555342,5.818167238971153,5.8121432150773966,5.7655553547385203,5.6467765515697579,5.634728503782247,5.9895579263725471,6.2000000000000002,0.322443359444466,0.322443359444466,0.38183276102884722,0.38183276102884722,0.38785678492260356,0.38785678492260356,0.43444464526147986,0.43444464526147986,0.55322344843024229,0.55322344843024229,0.56527149621775319,0.56527149621775319,0.21044207362745304,0.21044207362745304,-0.065413425478137555,-8.8817841970012523e-16,EXTENDED_COMMON,AVAILABILITY_AWARE_PSEUDO_REAL_TIME; HISTORICAL_PREDICTOR_VALUE_VINTAGES_UNVERIFIED
2024Q2,H1,5.9337143755842154,5.9050379830393762,5.8778304158006911,6.0174963219706656,5.9601435368809863,5.9057284024036178,5.8499324291977652,6.4000000000000004,0.46628562441578492,0.46628562441578492,0.49496201696062414,0.49496201696062414,0.52216958419930926,0.52216958419930926,0.38250367802933471,0.38250367802933471,0.43985646311901405,0.43985646311901405,0.49427159759638251,0.49427159759638251,0.55006757080223512,0.55006757080223512,-0.05588395978352434,-4.4408920985006262e-16,EXTENDED_COMMON,AVAILABILITY_AWARE_PSEUDO_REAL_TIME; HISTORICAL_PREDICTOR_VALUE_VINTAGES_UNVERIFIED
2024Q2,H2,5.9177009933567053,5.8906947548315518,5.8742051107121247,6.0209785304490762,5.9669660533987683,5.933986765159915,5.8144234562643344,6.4000000000000004,0.48229900664329506,0.48229900664329506,0.50930524516844855,0.50930524516844855,0.52579488928787566,0.52579488928787566,0.37902146955092419,0.37902146955092419,0.43303394660123207,0.43303394660123207,0.46601323484008539,0.46601323484008539,0.58557654373566592,0.58557654373566592,-0.043495882644580597,0,EXTENDED_COMMON,AVAILABILITY_AWARE_PSEUDO_REAL_TIME; HISTORICAL_PREDICTOR_VALUE_VINTAGES_UNVERIFIED
2024Q2,H3,6.0978157402509119,6.0709348547520197,6.0516878780625607,6.0271348416041759,5.9733730706063932,5.9348791172274753,6.168496638897647,6.4000000000000004,0.30218425974908847,0.30218425974908847,0.32906514524798069,0.32906514524798069,0.34831212193743966,0.34831212193743966,0.37286515839582446,0.37286515839582446,0.42662692939360713,0.42662692939360713,0.46512088277252506,0.46512088277252506,0.23150336110235337,0.23150336110235337,-0.046127862188351187,-8.8817841970012523e-16,EXTENDED_COMMON,AVAILABILITY_AWARE_PSEUDO_REAL_TIME; HISTORICAL_PREDICTOR_VALUE_VINTAGES_UNVERIFIED
2024Q3,H1,6.4210271289827485,6.41698587996986,6.4019731823050519,6.2133942599459031,6.205311761920127,6.1752863665905107,6.628659998019593,6.5999999999999996,0.17897287101725112,0.17897287101725112,0.18301412003013962,0.18301412003013962,0.19802681769494779,0.19802681769494779,0.38660574005409654,0.38660574005409654,0.39468823807987263,0.39468823807987263,0.42471363340948898,0.42471363340948898,-0.028659998019593402,0.028659998019593402,-0.019053946677696665,-4.4408920985006262e-16,EXTENDED_COMMON,AVAILABILITY_AWARE_PSEUDO_REAL_TIME; HISTORICAL_PREDICTOR_VALUE_VINTAGES_UNVERIFIED
2024Q3,H2,6.4299218221513161,6.426339228881,6.4154448422389345,6.2166424584106466,6.209477271870016,6.1876884985858842,6.6432011858919848,6.5999999999999996,0.17007817784868351,0.17007817784868351,0.17366077111899969,0.17366077111899969,0.18455515776106513,0.18455515776106513,0.38335754158935309,0.38335754158935309,0.39052272812998368,0.39052272812998368,0.41231150141411543,0.41231150141411543,-0.043201185891985183,0.043201185891985183,-0.014476979912381616,-4.4408920985006262e-16,EXTENDED_COMMON,AVAILABILITY_AWARE_PSEUDO_REAL_TIME; HISTORICAL_PREDICTOR_VALUE_VINTAGES_UNVERIFIED
2024Q3,H3,6.4042463830247573,6.3991760493493128,6.3943140596990018,6.2014964756910578,6.1913558083401679,6.1816318290395458,6.6069962903584578,6.5999999999999996,0.19575361697524229,0.19575361697524229,0.20082395065068681,0.20082395065068681,0.20568594030099785,0.20568594030099785,0.39850352430894187,0.39850352430894187,0.40864419165983179,0.40864419165983179,0.41836817096045387,0.41836817096045387,-0.0069962903584581682,0.0069962903584581682,-0.0099323233257555543,4.4408920985006262e-16,EXTENDED_COMMON,AVAILABILITY_AWARE_PSEUDO_REAL_TIME; HISTORICAL_PREDICTOR_VALUE_VINTAGES_UNVERIFIED
2024Q4,H1,6.4190956142514528,6.4251110605251949,6.4355595206442011,6.3607297971741827,6.3727606897216678,6.3936576099596785,6.4774614313287229,6.5,0.080904385748547192,0.080904385748547192,0.074888939474805127,0.074888939474805127,0.064440479355798885,0.064440479355798885,0.13927020282581726,0.13927020282581726,0.12723931027833224,0.12723931027833224,0.10634239004032153,0.10634239004032153,0.022538568671277126,0.022538568671277126,0.016463906392748306,4.4408920985006262e-16,EXTENDED_COMMON,AVAILABILITY_AWARE_PSEUDO_REAL_TIME; HISTORICAL_PREDICTOR_VALUE_VINTAGES_UNVERIFIED
2024Q4,H2,6.3454919981971107,6.3647868372806551,6.3708341748318214,6.353503507322392,6.3920931854894807,6.4041878605918132,6.3374804890718295,6.5,0.15450800180288926,0.15450800180288926,0.13521316271934491,0.13521316271934491,0.12916582516817865,0.12916582516817865,0.146496492677608,0.146496492677608,0.10790681451051931,0.10790681451051931,0.095812139408186781,0.095812139408186781,0.16251951092817052,0.16251951092817052,0.025342176634710611,0,EXTENDED_COMMON,AVAILABILITY_AWARE_PSEUDO_REAL_TIME; HISTORICAL_PREDICTOR_VALUE_VINTAGES_UNVERIFIED
2024Q4,H3,6.3423490094883679,6.3611343626337939,6.3728258120875445,6.3529734539787164,6.3905441602695676,6.4139270591770678,6.3317245649980203,6.5,0.15765099051163212,0.15765099051163212,0.13886563736620605,0.13886563736620605,0.12717418791245549,0.12717418791245549,0.14702654602128362,0.14702654602128362,0.10945583973043238,0.10945583973043238,0.086072940822932154,0.086072940822932154,0.16827543500197972,0.16827543500197972,0.030476802599176622,8.8817841970012523e-16,EXTENDED_COMMON,AVAILABILITY_AWARE_PSEUDO_REAL_TIME; HISTORICAL_PREDICTOR_VALUE_VINTAGES_UNVERIFIED
2025Q1,H1,6.318413280686503,6.3507895824988267,6.369734440374617,6.3117250310270707,6.37647763465172,6.4143673504032996,6.3251015303459344,6.7999999999999998,0.48158671931349684,0.48158671931349684,0.44921041750117308,0.44921041750117308,0.43026555962538282,0.43026555962538282,0.4882749689729291,0.4882749689729291,0.42352236534827981,0.42352236534827981,0.38563264959670018,0.38563264959670018,0.47489846965406546,0.47489846965406546,0.051321159688114015,-4.4408920985006262e-16,EXTENDED_COMMON,AVAILABILITY_AWARE_PSEUDO_REAL_TIME; HISTORICAL_PREDICTOR_VALUE_VINTAGES_UNVERIFIED
2025Q1,H2,6.2489602202375067,6.2820593070292832,6.3023447861567581,6.3125283732953852,6.3787265468789389,6.4192975051338887,6.1853920671796274,6.7999999999999998,0.55103977976249308,0.55103977976249308,0.51794069297071665,0.51794069297071665,0.49765521384324174,0.49765521384324174,0.48747162670461464,0.48747162670461464,0.4212734531210609,0.4212734531210609,0.38070249486611107,0.38070249486611107,0.6146079328203724,0.6146079328203724,0.053384565919251337,-4.4408920985006262e-16,EXTENDED_COMMON,AVAILABILITY_AWARE_PSEUDO_REAL_TIME; HISTORICAL_PREDICTOR_VALUE_VINTAGES_UNVERIFIED
2025Q1,H3,6.4061025469219839,6.4405228504229441,6.4579348509599726,6.3130247192736659,6.3818653262755864,6.4166893273496441,6.4991803745703018,6.7999999999999998,0.39389745307801594,0.39389745307801594,0.35947714957705568,0.35947714957705568,0.34206514904002727,0.34206514904002727,0.48697528072633389,0.48697528072633389,0.41813467372441337,0.41813467372441337,0.38331067265035568,0.38331067265035568,0.30081962542969798,0.30081962542969798,0.051832304037988663,-4.4408920985006262e-16,EXTENDED_COMMON,AVAILABILITY_AWARE_PSEUDO_REAL_TIME; HISTORICAL_PREDICTOR_VALUE_VINTAGES_UNVERIFIED
2025Q2,H1,6.6655646949850604,6.6816540677159644,6.7162964603726865,6.616819368583049,6.648998114044856,6.718282899358301,6.7143100213870719,7.2000000000000002,0.53443530501493974,0.53443530501493974,0.5183459322840358,0.5183459322840358,0.48370353962731372,0.48370353962731372,0.5831806314169512,0.5831806314169512,0.55100188595514421,0.55100188595514421,0.48171710064169915,0.48171710064169915,0.48568997861292829,0.48568997861292829,0.050731765387626027,0,EXTENDED_COMMON,AVAILABILITY_AWARE_PSEUDO_REAL_TIME; HISTORICAL_PREDICTOR_VALUE_VINTAGES_UNVERIFIED
2025Q2,H2,6.6340342368322398,6.6507676000663594,6.6774269436588671,6.6323532349065708,6.6658199613748108,6.7191386485598263,6.6357152387579088,7.2000000000000002,0.56596576316776037,0.56596576316776037,0.54923239993364081,0.54923239993364081,0.52257305634113305,0.52257305634113305,0.56764676509342937,0.56764676509342937,0.53418003862518937,0.53418003862518937,0.48086135144017383,0.48086135144017383,0.56428476124209137,0.56428476124209137,0.043392706826627325,-4.4408920985006262e-16,EXTENDED_COMMON,AVAILABILITY_AWARE_PSEUDO_REAL_TIME; HISTORICAL_PREDICTOR_VALUE_VINTAGES_UNVERIFIED
2025Q2,H3,7.6012793532975103,7.6180652952406369,7.6479308758191831,6.6327427287648284,6.6663146126510826,6.7260457738081749,8.5698159778301921,7.2000000000000002,-0.40127935329751008,0.40127935329751008,-0.41806529524063674,0.41806529524063674,-0.44793087581918289,0.44793087581918289,0.56725727123517178,0.56725727123517178,0.53368538734891757,0.53368538734891757,0.47395422619182526,0.47395422619182526,-1.3698159778301919,1.3698159778301919,0.046651522521672817,-4.4408920985006262e-16,EXTENDED_COMMON,AVAILABILITY_AWARE_PSEUDO_REAL_TIME; HISTORICAL_PREDICTOR_VALUE_VINTAGES_UNVERIFIED
2025Q3,H1,7.0467147235775336,7.0806122152420432,7.1131134091940975,6.9849479188712262,7.0527429022002446,7.1177452901043523,7.1084815282838418,7.5999999999999988,0.55328527642246517,0.55328527642246517,0.51938778475795555,0.51938778475795555,0.48688659080590124,0.48688659080590124,0.61505208112877252,0.61505208112877252,0.54725709779975418,0.54725709779975418,0.48225470989564645,0.48225470989564645,0.49151847171615692,0.49151847171615692,0.066398685616563924,8.8817841970012523e-16,EXTENDED_COMMON,AVAILABILITY_AWARE_PSEUDO_REAL_TIME; HISTORICAL_PREDICTOR_VALUE_VINTAGES_UNVERIFIED
2025Q3,H2,7.1100144829066894,7.1437111697613984,7.1810198028111039,6.9787493923438078,7.0461427660532259,7.1207600321526359,7.241279573469571,7.5999999999999988,0.4899855170933094,0.4899855170933094,0.45628883023860034,0.45628883023860034,0.4189801971888949,0.4189801971888949,0.621250607656191,0.621250607656191,0.55385723394677289,0.55385723394677289,0.47923996784736289,0.47923996784736289,0.35872042653042779,0.35872042653042779,0.071005319904414499,4.4408920985006262e-16,EXTENDED_COMMON,AVAILABILITY_AWARE_PSEUDO_REAL_TIME; HISTORICAL_PREDICTOR_VALUE_VINTAGES_UNVERIFIED
2025Q3,H3,7.5271017603971409,7.5611262042050402,7.5960468817902687,6.9792414193694432,7.0472903069852428,7.1171316621556988,8.0749621014248376,7.5999999999999988,0.072898239602857906,0.072898239602857906,0.038873795794958532,0.038873795794958532,0.0039531182097300999,0.0039531182097300999,0.62075858063055556,0.62075858063055556,0.55270969301475592,0.55270969301475592,0.48286833784429994,0.48286833784429994,-0.47496210142483886,0.47496210142483886,0.068945121393127806,0,EXTENDED_COMMON,AVAILABILITY_AWARE_PSEUDO_REAL_TIME; HISTORICAL_PREDICTOR_VALUE_VINTAGES_UNVERIFIED
2025Q4,H1,7.9977116353745608,8.0169286565418183,8.0266449250710057,7.3352265452347432,7.37366058756926,7.3930931246276321,8.6601967255143784,7.7000000000000002,-0.29771163537456058,0.29771163537456058,-0.31692865654181812,0.31692865654181812,-0.32664492507100551,0.32664492507100551,0.36477345476525702,0.36477345476525702,0.32633941243074016,0.32633941243074016,0.30690687537236805,0.30690687537236805,-0.96019672551437818,0.96019672551437818,0.02893328969644493,4.4408920985006262e-16,EXTENDED_COMMON,AVAILABILITY_AWARE_PSEUDO_REAL_TIME; HISTORICAL_PREDICTOR_VALUE_VINTAGES_UNVERIFIED
2025Q4,H2,7.9170819984535203,7.9391046028771681,7.9548388817404501,7.338980710174333,7.3830259190216285,7.4144944767481924,8.4951832867327077,7.7000000000000002,-0.21708199845352016,0.21708199845352016,-0.23910460287716795,0.23910460287716795,-0.25483888174044989,0.25483888174044989,0.36101928982566722,0.36101928982566722,0.31697408097837165,0.31697408097837165,0.28550552325180778,0.28550552325180778,-0.79518328673270755,0.79518328673270755,0.037756883286929721,0,EXTENDED_COMMON,AVAILABILITY_AWARE_PSEUDO_REAL_TIME; HISTORICAL_PREDICTOR_VALUE_VINTAGES_UNVERIFIED
2025Q4,H3,7.7350798905615479,7.7552821104547665,7.7618365433023673,7.3656777380024856,7.4060821777889236,7.4191910434841235,8.1044820431206102,7.7000000000000002,-0.0350798905615477,0.0350798905615477,-0.055282110454766276,0.055282110454766276,-0.061836543302367097,0.061836543302367097,0.33432226199751458,0.33432226199751458,0.29391782221107654,0.29391782221107654,0.28080895651587667,0.28080895651587667,-0.40448204312060998,0.40448204312060998,0.026756652740819398,4.4408920985006262e-16,EXTENDED_COMMON,AVAILABILITY_AWARE_PSEUDO_REAL_TIME; HISTORICAL_PREDICTOR_VALUE_VINTAGES_UNVERIFIED
2026Q1,H1,7.5278064610143076,7.5705892596416842,7.5556897547655257,7.5183254889554396,7.6038910862101936,7.5740920764578776,7.5372874330731747,8.6999999999999975,1.1721935389856899,1.1721935389856899,1.1294107403583133,1.1294107403583133,1.1443102452344718,1.1443102452344718,1.1816745110445579,1.1816745110445579,1.0961089137898039,1.0961089137898039,1.1259079235421199,1.1259079235421199,1.1627125669268228,1.1627125669268228,0.027883293751218119,-8.8817841970012523e-16,EXTENDED_COMMON,AVAILABILITY_AWARE_PSEUDO_REAL_TIME; HISTORICAL_PREDICTOR_VALUE_VINTAGES_UNVERIFIED
2026Q1,H2,7.457877652947106,7.5021605571000745,7.4903504003541883,7.561661941599306,7.650227749905242,7.6266074364134697,7.354093364294906,8.6999999999999975,1.2421223470528915,1.2421223470528915,1.1978394428999231,1.1978394428999231,1.2096495996458092,1.2096495996458092,1.1383380584006915,1.1383380584006915,1.0497722500947555,1.0497722500947555,1.0733925635865278,1.0733925635865278,1.3459066357050915,1.3459066357050915,0.032472747407082281,4.4408920985006262e-16,EXTENDED_COMMON,AVAILABILITY_AWARE_PSEUDO_REAL_TIME; HISTORICAL_PREDICTOR_VALUE_VINTAGES_UNVERIFIED
2026Q1,H3,8.0519218492175959,8.0966596084012696,8.0980881634338182,7.558721203618548,7.6481967219858946,7.6510538320509909,8.5451224948166455,8.6999999999999975,0.64807815078240161,0.64807815078240161,0.60334039159872788,0.60334039159872788,0.6019118365661793,0.6019118365661793,1.1412787963814495,1.1412787963814495,1.0518032780141029,1.0518032780141029,1.0489461679490066,1.0489461679490066,0.15487750518335197,0.15487750518335197,0.046166314216222304,8.8817841970012523e-16,EXTENDED_COMMON,AVAILABILITY_AWARE_PSEUDO_REAL_TIME; HISTORICAL_PREDICTOR_VALUE_VINTAGES_UNVERIFIED
2026Q2,H1,8.3072227098957754,8.3570674875664004,8.3721158102049529,8.4730783326347368,8.5727678879759832,8.6028645332530882,8.1413670871568158,8.5,0.19277729010422462,0.19277729010422462,0.14293251243359961,0.14293251243359961,0.12788418979504712,0.12788418979504712,0.026921667365263247,0.026921667365263247,-0.072767887975983214,0.072767887975983214,-0.1028645332530882,0.1028645332530882,0.35863291284318422,0.35863291284318422,0.064893100309177498,1.7763568394002505e-15,EXTENDED_COMMON,AVAILABILITY_AWARE_PSEUDO_REAL_TIME; HISTORICAL_PREDICTOR_VALUE_VINTAGES_UNVERIFIED
2026Q2,H2,8.4382782837574588,8.4889856257622327,8.5262628331118471,8.4527670202017351,8.5541817042112793,8.6287361189105081,8.4237895473131843,8.5,0.061721716242541191,0.061721716242541191,0.011014374237767299,0.011014374237767299,-0.026262833111847073,0.026262833111847073,0.047232979798264907,0.047232979798264907,-0.054181704211279325,0.054181704211279325,-0.12873611891050807,0.12873611891050807,0.0762104526868157,0.0762104526868157,0.087984549354388264,1.7763568394002505e-15,EXTENDED_COMMON,AVAILABILITY_AWARE_PSEUDO_REAL_TIME; HISTORICAL_PREDICTOR_VALUE_VINTAGES_UNVERIFIED
2026Q2,H3,8.4247202106975863,8.4726554212351548,8.4998470421146397,8.4680513318833608,8.5639217529584979,8.6183049947174677,8.3813890895118117,8.5,0.075279789302413747,0.075279789302413747,0.027344578764845195,0.027344578764845195,0.0001529578853602942,0.0001529578853602942,0.031948668116639212,0.031948668116639212,-0.063921752958497891,0.063921752958497891,-0.11830499471746769,0.11830499471746769,0.11861091048818828,0.11861091048818828,0.075126831417053452,0,EXTENDED_COMMON,AVAILABILITY_AWARE_PSEUDO_REAL_TIME; HISTORICAL_PREDICTOR_VALUE_VINTAGES_UNVERIFIED
2025Q3,H1,7.0467147235775336,7.0806122152420432,7.1131134091940975,6.9849479188712262,7.0527429022002446,7.1177452901043523,7.1084815282838418,7.5999999999999988,0.55328527642246517,0.55328527642246517,0.51938778475795555,0.51938778475795555,0.48688659080590124,0.48688659080590124,0.61505208112877252,0.61505208112877252,0.54725709779975418,0.54725709779975418,0.48225470989564645,0.48225470989564645,0.49151847171615692,0.49151847171615692,0.066398685616563924,8.8817841970012523e-16,ORIGINAL_HOLDOUT_COMMON,AVAILABILITY_AWARE_PSEUDO_REAL_TIME; HISTORICAL_PREDICTOR_VALUE_VINTAGES_UNVERIFIED
2025Q3,H2,7.1100144829066894,7.1437111697613984,7.1810198028111039,6.9787493923438078,7.0461427660532259,7.1207600321526359,7.241279573469571,7.5999999999999988,0.4899855170933094,0.4899855170933094,0.45628883023860034,0.45628883023860034,0.4189801971888949,0.4189801971888949,0.621250607656191,0.621250607656191,0.55385723394677289,0.55385723394677289,0.47923996784736289,0.47923996784736289,0.35872042653042779,0.35872042653042779,0.071005319904414499,4.4408920985006262e-16,ORIGINAL_HOLDOUT_COMMON,AVAILABILITY_AWARE_PSEUDO_REAL_TIME; HISTORICAL_PREDICTOR_VALUE_VINTAGES_UNVERIFIED
2025Q3,H3,7.5271017603971409,7.5611262042050402,7.5960468817902687,6.9792414193694432,7.0472903069852428,7.1171316621556988,8.0749621014248376,7.5999999999999988,0.072898239602857906,0.072898239602857906,0.038873795794958532,0.038873795794958532,0.0039531182097300999,0.0039531182097300999,0.62075858063055556,0.62075858063055556,0.55270969301475592,0.55270969301475592,0.48286833784429994,0.48286833784429994,-0.47496210142483886,0.47496210142483886,0.068945121393127806,0,ORIGINAL_HOLDOUT_COMMON,AVAILABILITY_AWARE_PSEUDO_REAL_TIME; HISTORICAL_PREDICTOR_VALUE_VINTAGES_UNVERIFIED
2025Q4,H1,7.9977116353745608,8.0169286565418183,8.0266449250710057,7.3352265452347432,7.37366058756926,7.3930931246276321,8.6601967255143784,7.7000000000000002,-0.29771163537456058,0.29771163537456058,-0.31692865654181812,0.31692865654181812,-0.32664492507100551,0.32664492507100551,0.36477345476525702,0.36477345476525702,0.32633941243074016,0.32633941243074016,0.30690687537236805,0.30690687537236805,-0.96019672551437818,0.96019672551437818,0.02893328969644493,4.4408920985006262e-16,ORIGINAL_HOLDOUT_COMMON,AVAILABILITY_AWARE_PSEUDO_REAL_TIME; HISTORICAL_PREDICTOR_VALUE_VINTAGES_UNVERIFIED
2025Q4,H2,7.9170819984535203,7.9391046028771681,7.9548388817404501,7.338980710174333,7.3830259190216285,7.4144944767481924,8.4951832867327077,7.7000000000000002,-0.21708199845352016,0.21708199845352016,-0.23910460287716795,0.23910460287716795,-0.25483888174044989,0.25483888174044989,0.36101928982566722,0.36101928982566722,0.31697408097837165,0.31697408097837165,0.28550552325180778,0.28550552325180778,-0.79518328673270755,0.79518328673270755,0.037756883286929721,0,ORIGINAL_HOLDOUT_COMMON,AVAILABILITY_AWARE_PSEUDO_REAL_TIME; HISTORICAL_PREDICTOR_VALUE_VINTAGES_UNVERIFIED
2025Q4,H3,7.7350798905615479,7.7552821104547665,7.7618365433023673,7.3656777380024856,7.4060821777889236,7.4191910434841235,8.1044820431206102,7.7000000000000002,-0.0350798905615477,0.0350798905615477,-0.055282110454766276,0.055282110454766276,-0.061836543302367097,0.061836543302367097,0.33432226199751458,0.33432226199751458,0.29391782221107654,0.29391782221107654,0.28080895651587667,0.28080895651587667,-0.40448204312060998,0.40448204312060998,0.026756652740819398,4.4408920985006262e-16,ORIGINAL_HOLDOUT_COMMON,AVAILABILITY_AWARE_PSEUDO_REAL_TIME; HISTORICAL_PREDICTOR_VALUE_VINTAGES_UNVERIFIED
2026Q1,H1,7.5278064610143076,7.5705892596416842,7.5556897547655257,7.5183254889554396,7.6038910862101936,7.5740920764578776,7.5372874330731747,8.6999999999999975,1.1721935389856899,1.1721935389856899,1.1294107403583133,1.1294107403583133,1.1443102452344718,1.1443102452344718,1.1816745110445579,1.1816745110445579,1.0961089137898039,1.0961089137898039,1.1259079235421199,1.1259079235421199,1.1627125669268228,1.1627125669268228,0.027883293751218119,-8.8817841970012523e-16,ORIGINAL_HOLDOUT_COMMON,AVAILABILITY_AWARE_PSEUDO_REAL_TIME; HISTORICAL_PREDICTOR_VALUE_VINTAGES_UNVERIFIED
2026Q1,H2,7.457877652947106,7.5021605571000745,7.4903504003541883,7.561661941599306,7.650227749905242,7.6266074364134697,7.354093364294906,8.6999999999999975,1.2421223470528915,1.2421223470528915,1.1978394428999231,1.1978394428999231,1.2096495996458092,1.2096495996458092,1.1383380584006915,1.1383380584006915,1.0497722500947555,1.0497722500947555,1.0733925635865278,1.0733925635865278,1.3459066357050915,1.3459066357050915,0.032472747407082281,4.4408920985006262e-16,ORIGINAL_HOLDOUT_COMMON,AVAILABILITY_AWARE_PSEUDO_REAL_TIME; HISTORICAL_PREDICTOR_VALUE_VINTAGES_UNVERIFIED
2026Q1,H3,8.0519218492175959,8.0966596084012696,8.0980881634338182,7.558721203618548,7.6481967219858946,7.6510538320509909,8.5451224948166455,8.6999999999999975,0.64807815078240161,0.64807815078240161,0.60334039159872788,0.60334039159872788,0.6019118365661793,0.6019118365661793,1.1412787963814495,1.1412787963814495,1.0518032780141029,1.0518032780141029,1.0489461679490066,1.0489461679490066,0.15487750518335197,0.15487750518335197,0.046166314216222304,8.8817841970012523e-16,ORIGINAL_HOLDOUT_COMMON,AVAILABILITY_AWARE_PSEUDO_REAL_TIME; HISTORICAL_PREDICTOR_VALUE_VINTAGES_UNVERIFIED
2026Q2,H1,8.3072227098957754,8.3570674875664004,8.3721158102049529,8.4730783326347368,8.5727678879759832,8.6028645332530882,8.1413670871568158,8.5,0.19277729010422462,0.19277729010422462,0.14293251243359961,0.14293251243359961,0.12788418979504712,0.12788418979504712,0.026921667365263247,0.026921667365263247,-0.072767887975983214,0.072767887975983214,-0.1028645332530882,0.1028645332530882,0.35863291284318422,0.35863291284318422,0.064893100309177498,1.7763568394002505e-15,ORIGINAL_HOLDOUT_COMMON,AVAILABILITY_AWARE_PSEUDO_REAL_TIME; HISTORICAL_PREDICTOR_VALUE_VINTAGES_UNVERIFIED
2026Q2,H2,8.4382782837574588,8.4889856257622327,8.5262628331118471,8.4527670202017351,8.5541817042112793,8.6287361189105081,8.4237895473131843,8.5,0.061721716242541191,0.061721716242541191,0.011014374237767299,0.011014374237767299,-0.026262833111847073,0.026262833111847073,0.047232979798264907,0.047232979798264907,-0.054181704211279325,0.054181704211279325,-0.12873611891050807,0.12873611891050807,0.0762104526868157,0.0762104526868157,0.087984549354388264,1.7763568394002505e-15,ORIGINAL_HOLDOUT_COMMON,AVAILABILITY_AWARE_PSEUDO_REAL_TIME; HISTORICAL_PREDICTOR_VALUE_VINTAGES_UNVERIFIED
2026Q2,H3,8.4247202106975863,8.4726554212351548,8.4998470421146397,8.4680513318833608,8.5639217529584979,8.6183049947174677,8.3813890895118117,8.5,0.075279789302413747,0.075279789302413747,0.027344578764845195,0.027344578764845195,0.0001529578853602942,0.0001529578853602942,0.031948668116639212,0.031948668116639212,-0.063921752958497891,0.063921752958497891,-0.11830499471746769,0.11830499471746769,0.11861091048818828,0.11861091048818828,0.075126831417053452,0,ORIGINAL_HOLDOUT_COMMON,AVAILABILITY_AWARE_PSEUDO_REAL_TIME; HISTORICAL_PREDICTOR_VALUE_VINTAGES_UNVERIFIED
2022Q3,H2,5.7454483730889443,5.8266494441298882,6.4431543755676568,5.5332537443485492,5.695655886430437,6.9286657493059725,5.9576430018293403,5.7999999999999998,0.054551626911055529,0.054551626911055529,-0.026649444129888344,0.026649444129888344,-0.64315437556765698,0.64315437556765698,0.2667462556514506,0.2667462556514506,0.10434411356956286,0.10434411356956286,-1.1286657493059726,1.1286657493059726,-0.15764300182934043,0.15764300182934043,0.69770600247871251,8.8817841970012523e-16,EARLIER_DEVELOPMENT_COMMON,AVAILABILITY_AWARE_PSEUDO_REAL_TIME; HISTORICAL_PREDICTOR_VALUE_VINTAGES_UNVERIFIED
2022Q3,H3,6.0019330178113872,6.0159418033689818,6.341271348900106,5.8380581673203595,5.8660757384355477,6.5167348294977963,6.1658078683024149,5.7999999999999998,-0.20193301781138739,0.20193301781138739,-0.21594180336898194,0.21594180336898194,-0.5412713489001062,0.5412713489001062,-0.038058167320359715,0.038058167320359715,-0.066075738435547926,0.066075738435547926,-0.71673482949779643,0.71673482949779643,-0.36580786830241507,0.36580786830241507,0.3393383310887188,4.4408920985006262e-16,EARLIER_DEVELOPMENT_COMMON,AVAILABILITY_AWARE_PSEUDO_REAL_TIME; HISTORICAL_PREDICTOR_VALUE_VINTAGES_UNVERIFIED
2023Q1,H1,5.6780631443387808,5.7211252072734897,5.9339576703798311,5.6840767941566197,5.7702009200260367,6.1958658462387213,5.6720494945209419,5.5,-0.17806314433878079,0.17806314433878079,-0.22112520727348972,0.22112520727348972,-0.43395767037983113,0.43395767037983113,-0.18407679415661971,0.18407679415661971,-0.27020092002603668,0.27020092002603668,-0.69586584623872128,0.69586584623872128,-0.17204949452094187,0.17204949452094187,0.25589452604105034,-4.4408920985006262e-16,EARLIER_DEVELOPMENT_COMMON,AVAILABILITY_AWARE_PSEUDO_REAL_TIME; HISTORICAL_PREDICTOR_VALUE_VINTAGES_UNVERIFIED
2023Q1,H2,5.7382115188393996,5.7698855370796167,5.8985049973658814,5.7484798147963598,5.811827851276794,6.0690667718493216,5.7279432228824403,5.5,-0.23821151883939962,0.23821151883939962,-0.26988553707961671,0.26988553707961671,-0.39850499736588141,0.39850499736588141,-0.24847981479635983,0.24847981479635983,-0.31182785127679402,0.31182785127679402,-0.56906677184932164,0.56906677184932164,-0.22794322288244029,0.22794322288244029,0.16029347852648179,8.8817841970012523e-16,EARLIER_DEVELOPMENT_COMMON,AVAILABILITY_AWARE_PSEUDO_REAL_TIME; HISTORICAL_PREDICTOR_VALUE_VINTAGES_UNVERIFIED
2023Q1,H3,5.7455860714410516,5.7718778925400018,5.9001869514750016,5.7609993629398479,5.8135830051377493,6.0702011230077497,5.7301727799422544,5.5,-0.2455860714410516,0.2455860714410516,-0.27187789254000183,0.27187789254000183,-0.40018695147500161,0.40018695147500161,-0.26099936293984793,0.26099936293984793,-0.31358300513774928,0.31358300513774928,-0.57020112300774972,0.57020112300774972,-0.23017277994225438,0.23017277994225438,0.15460088003395001,-8.8817841970012523e-16,EARLIER_DEVELOPMENT_COMMON,AVAILABILITY_AWARE_PSEUDO_REAL_TIME; HISTORICAL_PREDICTOR_VALUE_VINTAGES_UNVERIFIED
2023Q2,H1,5.6998049451773003,5.7150436750179825,5.7401937029709869,5.4930858057947161,5.5235632654760813,5.5738633213820892,5.9065240845598845,5.5999999999999996,-0.099804945177300652,0.099804945177300652,-0.11504367501798285,0.11504367501798285,-0.14019370297098721,0.14019370297098721,0.10691419420528359,0.10691419420528359,0.076436734523918304,0.076436734523918304,0.026136678617910469,0.026136678617910469,-0.30652408455988489,0.30652408455988489,0.040388757793686558,0,EARLIER_DEVELOPMENT_COMMON,AVAILABILITY_AWARE_PSEUDO_REAL_TIME; HISTORICAL_PREDICTOR_VALUE_VINTAGES_UNVERIFIED
2023Q2,H2,5.6054108619979237,5.6156590050214916,5.6646144488560219,5.4385282862878608,5.4590245723349966,5.5569354600040572,5.7722934377079866,5.5999999999999996,-0.0054108619979240657,0.0054108619979240657,-0.015659005021491978,0.015659005021491978,-0.0646144488560223,0.0646144488560223,0.16147171371213886,0.16147171371213886,0.14097542766500304,0.14097542766500304,0.043064539995942397,0.043064539995942397,-0.172293437707987,0.172293437707987,0.059203586858098234,0,EARLIER_DEVELOPMENT_COMMON,AVAILABILITY_AWARE_PSEUDO_REAL_TIME; HISTORICAL_PREDICTOR_VALUE_VINTAGES_UNVERIFIED
2023Q2,H3,5.6775513380905371,5.6918735476566402,5.7489680024386391,5.394577382405811,5.4232218015380171,5.5374107111020141,5.9605252937752633,5.5999999999999996,-0.077551338090537492,0.077551338090537492,-0.091873547656640575,0.091873547656640575,-0.1489680024386395,0.1489680024386395,0.20542261759418867,0.20542261759418867,0.17677819846198251,0.17677819846198251,0.06258928889798554,0.06258928889798554,-0.36052529377526366,0.36052529377526366,0.07141666434810201,4.4408920985006262e-16,EARLIER_DEVELOPMENT_COMMON,AVAILABILITY_AWARE_PSEUDO_REAL_TIME; HISTORICAL_PREDICTOR_VALUE_VINTAGES_UNVERIFIED
2023Q3,H1,5.255527063463278,5.2584802639873107,5.2839646988714382,5.2986454787838673,5.3045518798319318,5.3555207496001875,5.2124086481426897,5.7999999999999998,0.5444729365367218,0.5444729365367218,0.5415197360126891,0.5415197360126891,0.51603530112856166,0.51603530112856166,0.50135452121613255,0.50135452121613255,0.49544812016806805,0.49544812016806805,0.44447925039981229,0.44447925039981229,0.58759135185731015,0.58759135185731015,0.028437635408160133,0,EARLIER_DEVELOPMENT_COMMON,AVAILABILITY_AWARE_PSEUDO_REAL_TIME; HISTORICAL_PREDICTOR_VALUE_VINTAGES_UNVERIFIED
2023Q3,H2,5.3762008287528662,5.3729899383222488,5.3795519326789014,5.3595372310401181,5.3531154501788816,5.3662394388921877,5.3928644264656151,5.7999999999999998,0.42379917124713362,0.42379917124713362,0.42701006167775102,0.42701006167775102,0.42044806732109841,0.42044806732109841,0.44046276895988168,0.44046276895988168,0.44688454982111825,0.44688454982111825,0.43376056110781214,0.43376056110781214,0.40713557353438468,0.40713557353438468,0.0033511039260352149,4.4408920985006262e-16,EARLIER_DEVELOPMENT_COMMON,AVAILABILITY_AWARE_PSEUDO_REAL_TIME; HISTORICAL_PREDICTOR_VALUE_VINTAGES_UNVERIFIED
2023Q3,H3,5.4221170214307755,5.4080873683139057,5.4154413112906816,5.3991460214001883,5.3710867151664479,5.3857946011200006,5.4450880214613626,5.7999999999999998,0.37788297856922437,0.37788297856922437,0.39191263168609414,0.39191263168609414,0.3845586887093182,0.3845586887093182,0.40085397859981153,0.40085397859981153,0.42891328483355196,0.42891328483355196,0.41420539887999919,0.41420539887999919,0.35491197853863721,0.35491197853863721,-0.0066757101400938268,0,EARLIER_DEVELOPMENT_COMMON,AVAILABILITY_AWARE_PSEUDO_REAL_TIME; HISTORICAL_PREDICTOR_VALUE_VINTAGES_UNVERIFIED
2023Q4,H1,5.5574497299106689,5.567988483264755,5.5335477537344717,5.4992835576265939,5.5203610643347654,5.4514796052741987,5.6156159021947447,6,0.44255027008933112,0.44255027008933112,0.43201151673524496,0.43201151673524496,0.46645224626552828,0.46645224626552828,0.50071644237340607,0.50071644237340607,0.47963893566523463,0.47963893566523463,0.54852039472580127,0.54852039472580127,0.38438409780525529,0.38438409780525529,-0.023901976176197159,4.4408920985006262e-16,EARLIER_DEVELOPMENT_COMMON,AVAILABILITY_AWARE_PSEUDO_REAL_TIME; HISTORICAL_PREDICTOR_VALUE_VINTAGES_UNVERIFIED
2023Q4,H2,5.7321016333889592,5.7409962685191944,5.7045082110826462,5.5031096166714786,5.5208988869319482,5.4479227720588517,5.9610936501064407,6,0.26789836661104083,0.26789836661104083,0.25900373148080558,0.25900373148080558,0.29549178891735384,0.29549178891735384,0.49689038332852142,0.49689038332852142,0.47910111306805181,0.47910111306805181,0.55207722794114833,0.55207722794114833,0.038906349893559344,0.038906349893559344,-0.027593422306313009,4.4408920985006262e-16,EARLIER_DEVELOPMENT_COMMON,AVAILABILITY_AWARE_PSEUDO_REAL_TIME; HISTORICAL_PREDICTOR_VALUE_VINTAGES_UNVERIFIED
2023Q4,H3,5.7251426641021173,5.7356670172715774,5.7105188701057434,5.4900715846365991,5.5111202909755193,5.4608239966438514,5.9602137435676354,6,0.27485733589788275,0.27485733589788275,0.26433298272842265,0.26433298272842265,0.28948112989425656,0.28948112989425656,0.50992841536340094,0.50992841536340094,0.48887970902448075,0.48887970902448075,0.53917600335614857,0.53917600335614857,0.039786256432364553,0.039786256432364553,-0.014623793996373813,0,EARLIER_DEVELOPMENT_COMMON,AVAILABILITY_AWARE_PSEUDO_REAL_TIME; HISTORICAL_PREDICTOR_VALUE_VINTAGES_UNVERIFIED
2024Q1,H1,5.8268119092012824,5.7528473482785616,5.7468974163336171,5.7321800834660737,5.5842509616206311,5.572351097730742,5.9214437349364921,6.2000000000000002,0.37318809079871773,0.37318809079871773,0.44715265172143859,0.44715265172143859,0.45310258366638312,0.45310258366638312,0.46781991653392652,0.46781991653392652,0.61574903837936912,0.61574903837936912,0.62764890226925818,0.62764890226925818,0.27855626506350806,0.27855626506350806,-0.079914492867665388,4.4408920985006262e-16,EARLIER_DEVELOPMENT_COMMON,AVAILABILITY_AWARE_PSEUDO_REAL_TIME; HISTORICAL_PREDICTOR_VALUE_VINTAGES_UNVERIFIED
2024Q1,H2,5.8401933241214508,5.775749251121427,5.7722430426223035,5.749030222291073,5.6201420762910264,5.6131296592927793,5.9313564259518285,6.2000000000000002,0.35980667587854942,0.35980667587854942,0.42425074887857317,0.42425074887857317,0.4277569573776967,0.4277569573776967,0.45096977770892721,0.45096977770892721,0.57985792370897382,0.57985792370897382,0.58687034070722088,0.58687034070722088,0.26864357404817163,0.26864357404817163,-0.06795028149914728,-4.4408920985006262e-16,EARLIER_DEVELOPMENT_COMMON,AVAILABILITY_AWARE_PSEUDO_REAL_TIME; HISTORICAL_PREDICTOR_VALUE_VINTAGES_UNVERIFIED
2024Q1,H3,5.8775566405555342,5.818167238971153,5.8121432150773966,5.7655553547385203,5.6467765515697579,5.634728503782247,5.9895579263725471,6.2000000000000002,0.322443359444466,0.322443359444466,0.38183276102884722,0.38183276102884722,0.38785678492260356,0.38785678492260356,0.43444464526147986,0.43444464526147986,0.55322344843024229,0.55322344843024229,0.56527149621775319,0.56527149621775319,0.21044207362745304,0.21044207362745304,-0.065413425478137555,-8.8817841970012523e-16,EARLIER_DEVELOPMENT_COMMON,AVAILABILITY_AWARE_PSEUDO_REAL_TIME; HISTORICAL_PREDICTOR_VALUE_VINTAGES_UNVERIFIED
2024Q2,H1,5.9337143755842154,5.9050379830393762,5.8778304158006911,6.0174963219706656,5.9601435368809863,5.9057284024036178,5.8499324291977652,6.4000000000000004,0.46628562441578492,0.46628562441578492,0.49496201696062414,0.49496201696062414,0.52216958419930926,0.52216958419930926,0.38250367802933471,0.38250367802933471,0.43985646311901405,0.43985646311901405,0.49427159759638251,0.49427159759638251,0.55006757080223512,0.55006757080223512,-0.05588395978352434,-4.4408920985006262e-16,EARLIER_DEVELOPMENT_COMMON,AVAILABILITY_AWARE_PSEUDO_REAL_TIME; HISTORICAL_PREDICTOR_VALUE_VINTAGES_UNVERIFIED
2024Q2,H2,5.9177009933567053,5.8906947548315518,5.8742051107121247,6.0209785304490762,5.9669660533987683,5.933986765159915,5.8144234562643344,6.4000000000000004,0.48229900664329506,0.48229900664329506,0.50930524516844855,0.50930524516844855,0.52579488928787566,0.52579488928787566,0.37902146955092419,0.37902146955092419,0.43303394660123207,0.43303394660123207,0.46601323484008539,0.46601323484008539,0.58557654373566592,0.58557654373566592,-0.043495882644580597,0,EARLIER_DEVELOPMENT_COMMON,AVAILABILITY_AWARE_PSEUDO_REAL_TIME; HISTORICAL_PREDICTOR_VALUE_VINTAGES_UNVERIFIED
2024Q2,H3,6.0978157402509119,6.0709348547520197,6.0516878780625607,6.0271348416041759,5.9733730706063932,5.9348791172274753,6.168496638897647,6.4000000000000004,0.30218425974908847,0.30218425974908847,0.32906514524798069,0.32906514524798069,0.34831212193743966,0.34831212193743966,0.37286515839582446,0.37286515839582446,0.42662692939360713,0.42662692939360713,0.46512088277252506,0.46512088277252506,0.23150336110235337,0.23150336110235337,-0.046127862188351187,-8.8817841970012523e-16,EARLIER_DEVELOPMENT_COMMON,AVAILABILITY_AWARE_PSEUDO_REAL_TIME; HISTORICAL_PREDICTOR_VALUE_VINTAGES_UNVERIFIED
2024Q3,H1,6.4210271289827485,6.41698587996986,6.4019731823050519,6.2133942599459031,6.205311761920127,6.1752863665905107,6.628659998019593,6.5999999999999996,0.17897287101725112,0.17897287101725112,0.18301412003013962,0.18301412003013962,0.19802681769494779,0.19802681769494779,0.38660574005409654,0.38660574005409654,0.39468823807987263,0.39468823807987263,0.42471363340948898,0.42471363340948898,-0.028659998019593402,0.028659998019593402,-0.019053946677696665,-4.4408920985006262e-16,EARLIER_DEVELOPMENT_COMMON,AVAILABILITY_AWARE_PSEUDO_REAL_TIME; HISTORICAL_PREDICTOR_VALUE_VINTAGES_UNVERIFIED
2024Q3,H2,6.4299218221513161,6.426339228881,6.4154448422389345,6.2166424584106466,6.209477271870016,6.1876884985858842,6.6432011858919848,6.5999999999999996,0.17007817784868351,0.17007817784868351,0.17366077111899969,0.17366077111899969,0.18455515776106513,0.18455515776106513,0.38335754158935309,0.38335754158935309,0.39052272812998368,0.39052272812998368,0.41231150141411543,0.41231150141411543,-0.043201185891985183,0.043201185891985183,-0.014476979912381616,-4.4408920985006262e-16,EARLIER_DEVELOPMENT_COMMON,AVAILABILITY_AWARE_PSEUDO_REAL_TIME; HISTORICAL_PREDICTOR_VALUE_VINTAGES_UNVERIFIED
2024Q3,H3,6.4042463830247573,6.3991760493493128,6.3943140596990018,6.2014964756910578,6.1913558083401679,6.1816318290395458,6.6069962903584578,6.5999999999999996,0.19575361697524229,0.19575361697524229,0.20082395065068681,0.20082395065068681,0.20568594030099785,0.20568594030099785,0.39850352430894187,0.39850352430894187,0.40864419165983179,0.40864419165983179,0.41836817096045387,0.41836817096045387,-0.0069962903584581682,0.0069962903584581682,-0.0099323233257555543,4.4408920985006262e-16,EARLIER_DEVELOPMENT_COMMON,AVAILABILITY_AWARE_PSEUDO_REAL_TIME; HISTORICAL_PREDICTOR_VALUE_VINTAGES_UNVERIFIED
2024Q4,H1,6.4190956142514528,6.4251110605251949,6.4355595206442011,6.3607297971741827,6.3727606897216678,6.3936576099596785,6.4774614313287229,6.5,0.080904385748547192,0.080904385748547192,0.074888939474805127,0.074888939474805127,0.064440479355798885,0.064440479355798885,0.13927020282581726,0.13927020282581726,0.12723931027833224,0.12723931027833224,0.10634239004032153,0.10634239004032153,0.022538568671277126,0.022538568671277126,0.016463906392748306,4.4408920985006262e-16,EARLIER_DEVELOPMENT_COMMON,AVAILABILITY_AWARE_PSEUDO_REAL_TIME; HISTORICAL_PREDICTOR_VALUE_VINTAGES_UNVERIFIED
2024Q4,H2,6.3454919981971107,6.3647868372806551,6.3708341748318214,6.353503507322392,6.3920931854894807,6.4041878605918132,6.3374804890718295,6.5,0.15450800180288926,0.15450800180288926,0.13521316271934491,0.13521316271934491,0.12916582516817865,0.12916582516817865,0.146496492677608,0.146496492677608,0.10790681451051931,0.10790681451051931,0.095812139408186781,0.095812139408186781,0.16251951092817052,0.16251951092817052,0.025342176634710611,0,EARLIER_DEVELOPMENT_COMMON,AVAILABILITY_AWARE_PSEUDO_REAL_TIME; HISTORICAL_PREDICTOR_VALUE_VINTAGES_UNVERIFIED
2024Q4,H3,6.3423490094883679,6.3611343626337939,6.3728258120875445,6.3529734539787164,6.3905441602695676,6.4139270591770678,6.3317245649980203,6.5,0.15765099051163212,0.15765099051163212,0.13886563736620605,0.13886563736620605,0.12717418791245549,0.12717418791245549,0.14702654602128362,0.14702654602128362,0.10945583973043238,0.10945583973043238,0.086072940822932154,0.086072940822932154,0.16827543500197972,0.16827543500197972,0.030476802599176622,8.8817841970012523e-16,EARLIER_DEVELOPMENT_COMMON,AVAILABILITY_AWARE_PSEUDO_REAL_TIME; HISTORICAL_PREDICTOR_VALUE_VINTAGES_UNVERIFIED
2025Q1,H1,6.318413280686503,6.3507895824988267,6.369734440374617,6.3117250310270707,6.37647763465172,6.4143673504032996,6.3251015303459344,6.7999999999999998,0.48158671931349684,0.48158671931349684,0.44921041750117308,0.44921041750117308,0.43026555962538282,0.43026555962538282,0.4882749689729291,0.4882749689729291,0.42352236534827981,0.42352236534827981,0.38563264959670018,0.38563264959670018,0.47489846965406546,0.47489846965406546,0.051321159688114015,-4.4408920985006262e-16,EARLIER_DEVELOPMENT_COMMON,AVAILABILITY_AWARE_PSEUDO_REAL_TIME; HISTORICAL_PREDICTOR_VALUE_VINTAGES_UNVERIFIED
2025Q1,H2,6.2489602202375067,6.2820593070292832,6.3023447861567581,6.3125283732953852,6.3787265468789389,6.4192975051338887,6.1853920671796274,6.7999999999999998,0.55103977976249308,0.55103977976249308,0.51794069297071665,0.51794069297071665,0.49765521384324174,0.49765521384324174,0.48747162670461464,0.48747162670461464,0.4212734531210609,0.4212734531210609,0.38070249486611107,0.38070249486611107,0.6146079328203724,0.6146079328203724,0.053384565919251337,-4.4408920985006262e-16,EARLIER_DEVELOPMENT_COMMON,AVAILABILITY_AWARE_PSEUDO_REAL_TIME; HISTORICAL_PREDICTOR_VALUE_VINTAGES_UNVERIFIED
2025Q1,H3,6.4061025469219839,6.4405228504229441,6.4579348509599726,6.3130247192736659,6.3818653262755864,6.4166893273496441,6.4991803745703018,6.7999999999999998,0.39389745307801594,0.39389745307801594,0.35947714957705568,0.35947714957705568,0.34206514904002727,0.34206514904002727,0.48697528072633389,0.48697528072633389,0.41813467372441337,0.41813467372441337,0.38331067265035568,0.38331067265035568,0.30081962542969798,0.30081962542969798,0.051832304037988663,-4.4408920985006262e-16,EARLIER_DEVELOPMENT_COMMON,AVAILABILITY_AWARE_PSEUDO_REAL_TIME; HISTORICAL_PREDICTOR_VALUE_VINTAGES_UNVERIFIED
2025Q2,H1,6.6655646949850604,6.6816540677159644,6.7162964603726865,6.616819368583049,6.648998114044856,6.718282899358301,6.7143100213870719,7.2000000000000002,0.53443530501493974,0.53443530501493974,0.5183459322840358,0.5183459322840358,0.48370353962731372,0.48370353962731372,0.5831806314169512,0.5831806314169512,0.55100188595514421,0.55100188595514421,0.48171710064169915,0.48171710064169915,0.48568997861292829,0.48568997861292829,0.050731765387626027,0,EARLIER_DEVELOPMENT_COMMON,AVAILABILITY_AWARE_PSEUDO_REAL_TIME; HISTORICAL_PREDICTOR_VALUE_VINTAGES_UNVERIFIED
2025Q2,H2,6.6340342368322398,6.6507676000663594,6.6774269436588671,6.6323532349065708,6.6658199613748108,6.7191386485598263,6.6357152387579088,7.2000000000000002,0.56596576316776037,0.56596576316776037,0.54923239993364081,0.54923239993364081,0.52257305634113305,0.52257305634113305,0.56764676509342937,0.56764676509342937,0.53418003862518937,0.53418003862518937,0.48086135144017383,0.48086135144017383,0.56428476124209137,0.56428476124209137,0.043392706826627325,-4.4408920985006262e-16,EARLIER_DEVELOPMENT_COMMON,AVAILABILITY_AWARE_PSEUDO_REAL_TIME; HISTORICAL_PREDICTOR_VALUE_VINTAGES_UNVERIFIED
2025Q2,H3,7.6012793532975103,7.6180652952406369,7.6479308758191831,6.6327427287648284,6.6663146126510826,6.7260457738081749,8.5698159778301921,7.2000000000000002,-0.40127935329751008,0.40127935329751008,-0.41806529524063674,0.41806529524063674,-0.44793087581918289,0.44793087581918289,0.56725727123517178,0.56725727123517178,0.53368538734891757,0.53368538734891757,0.47395422619182526,0.47395422619182526,-1.3698159778301919,1.3698159778301919,0.046651522521672817,-4.4408920985006262e-16,EARLIER_DEVELOPMENT_COMMON,AVAILABILITY_AWARE_PSEUDO_REAL_TIME; HISTORICAL_PREDICTOR_VALUE_VINTAGES_UNVERIFIED
