model_a,model_b,sample,horizon,N,error_correlation,component_MSE,umidas_MSE,mean_error_product,ensemble_MSE,interpretation,evidence_class
S0,U0,EXTENDED_COMMON,H1,14,0.6348741394991978,0.25488237175285033,0.29311283094409674,0.19067981698061037,0.23233870916454194,Descriptive error correlation; correlated horizons within quarters; correlation alone omits bias,AVAILABILITY_AWARE_PSEUDO_REAL_TIME; HISTORICAL_PREDICTOR_VALUE_VINTAGES_UNVERIFIED
S1,U0,EXTENDED_COMMON,H1,14,0.61005334841631087,0.24247675897194726,0.29311283094409674,0.18402272870559164,0.2259087618318068,Descriptive error correlation; correlated horizons within quarters; correlation alone omits bias,AVAILABILITY_AWARE_PSEUDO_REAL_TIME; HISTORICAL_PREDICTOR_VALUE_VINTAGES_UNVERIFIED
S2,U0,EXTENDED_COMMON,H1,14,0.56595459532838233,0.27136156184141302,0.29311283094409674,0.18945240571614769,0.2358448010544513,Descriptive error correlation; correlated horizons within quarters; correlation alone omits bias,AVAILABILITY_AWARE_PSEUDO_REAL_TIME; HISTORICAL_PREDICTOR_VALUE_VINTAGES_UNVERIFIED
S0,U0,EXTENDED_COMMON,H2,15,0.69830127656911578,0.2326343209875224,0.26610302940696956,0.17514434117749691,0.21225650818737146,Descriptive error correlation; correlated horizons within quarters; correlation alone omits bias,AVAILABILITY_AWARE_PSEUDO_REAL_TIME; HISTORICAL_PREDICTOR_VALUE_VINTAGES_UNVERIFIED
S1,U0,EXTENDED_COMMON,H2,15,0.68809392630974331,0.21467700117362562,0.26610302940696956,0.17044535341701758,0.20541768435365759,Descriptive error correlation; correlated horizons within quarters; correlation alone omits bias,AVAILABILITY_AWARE_PSEUDO_REAL_TIME; HISTORICAL_PREDICTOR_VALUE_VINTAGES_UNVERIFIED
S2,U0,EXTENDED_COMMON,H2,15,0.58265639340769626,0.31262481630288508,0.26610302940696956,0.18744593646406332,0.23840492965949531,Descriptive error correlation; correlated horizons within quarters; correlation alone omits bias,AVAILABILITY_AWARE_PSEUDO_REAL_TIME; HISTORICAL_PREDICTOR_VALUE_VINTAGES_UNVERIFIED
S0,U0,EXTENDED_COMMON,H3,15,0.031910511546397645,0.22668314794383049,0.19764684432116508,-0.034524790234174256,0.088820102949161761,Descriptive error correlation; correlated horizons within quarters; correlation alone omits bias,AVAILABILITY_AWARE_PSEUDO_REAL_TIME; HISTORICAL_PREDICTOR_VALUE_VINTAGES_UNVERIFIED
S1,U0,EXTENDED_COMMON,H3,15,0.07197137033599621,0.21239111358193258,0.19764684432116508,-0.026420613897495216,0.089299182527026802,Descriptive error correlation; correlated horizons within quarters; correlation alone omits bias,AVAILABILITY_AWARE_PSEUDO_REAL_TIME; HISTORICAL_PREDICTOR_VALUE_VINTAGES_UNVERIFIED
S2,U0,EXTENDED_COMMON,H3,15,0.16483715033098043,0.25474676835684074,0.19764684432116508,0.0032728667252192008,0.11473483653211106,Descriptive error correlation; correlated horizons within quarters; correlation alone omits bias,AVAILABILITY_AWARE_PSEUDO_REAL_TIME; HISTORICAL_PREDICTOR_VALUE_VINTAGES_UNVERIFIED
S0,U0,EXTENDED_COMMON,POOLED,44,0.45079728802841668,0.23768443723886817,0.25135972134407669,0.10860933413359969,0.17656570671253607,Descriptive error correlation; correlated horizons within quarters; correlation alone omits bias,AVAILABILITY_AWARE_PSEUDO_REAL_TIME; HISTORICAL_PREDICTOR_VALUE_VINTAGES_UNVERIFIED
S1,U0,EXTENDED_COMMON,POOLED,44,0.45248752041450985,0.22274309879410534,0.25135972134407669,0.10765202942434358,0.17235171974671731,Descriptive error correlation; correlated horizons within quarters; correlation alone omits bias,AVAILABILITY_AWARE_PSEUDO_REAL_TIME; HISTORICAL_PREDICTOR_VALUE_VINTAGES_UNVERIFIED
S2,U0,EXTENDED_COMMON,POOLED,44,0.43254186679070389,0.27976444626535613,0.25135972134407669,0.12529808472421144,0.19543008426446393,Descriptive error correlation; correlated horizons within quarters; correlation alone omits bias,AVAILABILITY_AWARE_PSEUDO_REAL_TIME; HISTORICAL_PREDICTOR_VALUE_VINTAGES_UNVERIFIED
S0,U0,ORIGINAL_HOLDOUT_COMMON,H1,4,0.58557776211259638,0.47710704050708402,0.6610215597976673,0.33391449552912622,0.45148939784075093,Descriptive error correlation; correlated horizons within quarters; correlation alone omits bias,AVAILABILITY_AWARE_PSEUDO_REAL_TIME; HISTORICAL_PREDICTOR_VALUE_VINTAGES_UNVERIFIED
S1,U0,ORIGINAL_HOLDOUT_COMMON,H1,4,0.54245721939420422,0.40318441490194984,0.6610215597976673,0.30099989657042814,0.41655144196011834,Descriptive error correlation; correlated horizons within quarters; correlation alone omits bias,AVAILABILITY_AWARE_PSEUDO_REAL_TIME; HISTORICAL_PREDICTOR_VALUE_VINTAGES_UNVERIFIED
S2,U0,ORIGINAL_HOLDOUT_COMMON,H1,4,0.54149073596963415,0.40125279996591706,0.6610215597976673,0.3036407014828818,0.41738894068233701,Descriptive error correlation; correlated horizons within quarters; correlation alone omits bias,AVAILABILITY_AWARE_PSEUDO_REAL_TIME; HISTORICAL_PREDICTOR_VALUE_VINTAGES_UNVERIFIED
S0,U0,ORIGINAL_HOLDOUT_COMMON,H2,4,0.76699302436917927,0.45358293368087377,0.64456737726073265,0.36786879268813699,0.4584719740794701,Descriptive error correlation; correlated horizons within quarters; correlation alone omits bias,AVAILABILITY_AWARE_PSEUDO_REAL_TIME; HISTORICAL_PREDICTOR_VALUE_VINTAGES_UNVERIFIED
S1,U0,ORIGINAL_HOLDOUT_COMMON,H2,4,0.73171958376453028,0.37804695943687455,0.64456737726073265,0.33884840921329995,0.42507778878105179,Descriptive error correlation; correlated horizons within quarters; correlation alone omits bias,AVAILABILITY_AWARE_PSEUDO_REAL_TIME; HISTORICAL_PREDICTOR_VALUE_VINTAGES_UNVERIFIED
S2,U0,ORIGINAL_HOLDOUT_COMMON,H2,4,0.72455084665593261,0.36998223361615717,0.64456737726073265,0.34493977036630352,0.42610728790237423,Descriptive error correlation; correlated horizons within quarters; correlation alone omits bias,AVAILABILITY_AWARE_PSEUDO_REAL_TIME; HISTORICAL_PREDICTOR_VALUE_VINTAGES_UNVERIFIED
S0,U0,ORIGINAL_HOLDOUT_COMMON,H3,4,0.15397209141089246,0.45016264968947844,0.10681257767389452,-0.062379069552707576,0.10805427206448946,Descriptive error correlation; correlated horizons within quarters; correlation alone omits bias,AVAILABILITY_AWARE_PSEUDO_REAL_TIME; HISTORICAL_PREDICTOR_VALUE_VINTAGES_UNVERIFIED
S1,U0,ORIGINAL_HOLDOUT_COMMON,H3,4,0.1100688465267765,0.37556295427706682,0.10681257767389452,-0.056520447046393793,0.092333659464543444,Descriptive error correlation; correlated horizons within quarters; correlation alone omits bias,AVAILABILITY_AWARE_PSEUDO_REAL_TIME; HISTORICAL_PREDICTOR_VALUE_VINTAGES_UNVERIFIED
S2,U0,ORIGINAL_HOLDOUT_COMMON,H3,4,0.12751384458060822,0.35657490919551454,0.10681257767389452,-0.048625109621828935,0.09153431690643779,Descriptive error correlation; correlated horizons within quarters; correlation alone omits bias,AVAILABILITY_AWARE_PSEUDO_REAL_TIME; HISTORICAL_PREDICTOR_VALUE_VINTAGES_UNVERIFIED
S0,U0,ORIGINAL_HOLDOUT_COMMON,POOLED,12,0.53624394588764401,0.46028420795914543,0.47080050491076469,0.21313473955485185,0.33933854799490348,Descriptive error correlation; correlated horizons within quarters; correlation alone omits bias,AVAILABILITY_AWARE_PSEUDO_REAL_TIME; HISTORICAL_PREDICTOR_VALUE_VINTAGES_UNVERIFIED
S1,U0,ORIGINAL_HOLDOUT_COMMON,POOLED,12,0.50105379761074365,0.38559810953863044,0.47080050491076469,0.19444261957911146,0.31132096340190452,Descriptive error correlation; correlated horizons within quarters; correlation alone omits bias,AVAILABILITY_AWARE_PSEUDO_REAL_TIME; HISTORICAL_PREDICTOR_VALUE_VINTAGES_UNVERIFIED
S2,U0,ORIGINAL_HOLDOUT_COMMON,POOLED,12,0.50685964351859358,0.37593664759252959,0.47080050491076469,0.19998512074245214,0.31167684849704963,Descriptive error correlation; correlated horizons within quarters; correlation alone omits bias,AVAILABILITY_AWARE_PSEUDO_REAL_TIME; HISTORICAL_PREDICTOR_VALUE_VINTAGES_UNVERIFIED
S0,U0,EARLIER_DEVELOPMENT_COMMON,H1,10,0.8072215880684277,0.16599250425115691,0.14594933940266847,0.13338594556120409,0.14467843369405839,Descriptive error correlation; correlated horizons within quarters; correlation alone omits bias,AVAILABILITY_AWARE_PSEUDO_REAL_TIME; HISTORICAL_PREDICTOR_VALUE_VINTAGES_UNVERIFIED
S1,U0,EARLIER_DEVELOPMENT_COMMON,H1,10,0.77205935905779621,0.17819369659994622,0.14594933940266847,0.13723186155965705,0.14965168978048221,Descriptive error correlation; correlated horizons within quarters; correlation alone omits bias,AVAILABILITY_AWARE_PSEUDO_REAL_TIME; HISTORICAL_PREDICTOR_VALUE_VINTAGES_UNVERIFIED
S2,U0,EARLIER_DEVELOPMENT_COMMON,H1,10,0.69217305832848852,0.21940506659161146,0.14594933940266847,0.14377708740945405,0.16322714520329701,Descriptive error correlation; correlated horizons within quarters; correlation alone omits bias,AVAILABILITY_AWARE_PSEUDO_REAL_TIME; HISTORICAL_PREDICTOR_VALUE_VINTAGES_UNVERIFIED
S0,U0,EARLIER_DEVELOPMENT_COMMON,H2,11,0.66886557043320982,0.15228937091721281,0.12847963018741934,0.10506272244635509,0.12272361149933558,Descriptive error correlation; correlated horizons within quarters; correlation alone omits bias,AVAILABILITY_AWARE_PSEUDO_REAL_TIME; HISTORICAL_PREDICTOR_VALUE_VINTAGES_UNVERIFIED
S1,U0,EARLIER_DEVELOPMENT_COMMON,H2,11,0.68542686871400504,0.15526974362335322,0.12847963018741934,0.10920787858200583,0.12554128274369605,Descriptive error correlation; correlated horizons within quarters; correlation alone omits bias,AVAILABILITY_AWARE_PSEUDO_REAL_TIME; HISTORICAL_PREDICTOR_VALUE_VINTAGES_UNVERIFIED
S2,U0,EARLIER_DEVELOPMENT_COMMON,H2,11,0.6355559522689338,0.29176757364351336,0.12847963018741934,0.13017545140870321,0.17014952666208477,Descriptive error correlation; correlated horizons within quarters; correlation alone omits bias,AVAILABILITY_AWARE_PSEUDO_REAL_TIME; HISTORICAL_PREDICTOR_VALUE_VINTAGES_UNVERIFIED
S0,U0,EARLIER_DEVELOPMENT_COMMON,H3,11,0.025977565659755918,0.14541787458177671,0.23067748673835434,-0.024395961391071232,0.08182585963449715,Descriptive error correlation; correlated horizons within quarters; correlation alone omits bias,AVAILABILITY_AWARE_PSEUDO_REAL_TIME; HISTORICAL_PREDICTOR_VALUE_VINTAGES_UNVERIFIED
S1,U0,EARLIER_DEVELOPMENT_COMMON,H3,11,0.091277331795217589,0.15305589878370193,0.23067748673835434,-0.015475220025168464,0.088195736367929836,Descriptive error correlation; correlated horizons within quarters; correlation alone omits bias,AVAILABILITY_AWARE_PSEUDO_REAL_TIME; HISTORICAL_PREDICTOR_VALUE_VINTAGES_UNVERIFIED
S2,U0,EARLIER_DEVELOPMENT_COMMON,H3,11,0.2006166397313344,0.21771835350641389,0.23067748673835434,0.022144858124145794,0.12317138912326495,Descriptive error correlation; correlated horizons within quarters; correlation alone omits bias,AVAILABILITY_AWARE_PSEUDO_REAL_TIME; HISTORICAL_PREDICTOR_VALUE_VINTAGES_UNVERIFIED
S0,U0,EARLIER_DEVELOPMENT_COMMON,POOLED,32,0.39849835860757193,0.15420952321876419,0.16906942750656859,0.069412307100630122,0.11552589123164825,Descriptive error correlation; correlated horizons within quarters; correlation alone omits bias,AVAILABILITY_AWARE_PSEUDO_REAL_TIME; HISTORICAL_PREDICTOR_VALUE_VINTAGES_UNVERIFIED
S1,U0,EARLIER_DEVELOPMENT_COMMON,POOLED,32,0.42125298288594987,0.1616724697649084,0.16906942750656859,0.075105558116305676,0.12023825337602208,Descriptive error correlation; correlated horizons within quarters; correlation alone omits bias,AVAILABILITY_AWARE_PSEUDO_REAL_TIME; HISTORICAL_PREDICTOR_VALUE_VINTAGES_UNVERIFIED
S2,U0,EARLIER_DEVELOPMENT_COMMON,POOLED,32,0.42561999229184222,0.24369987076766603,0.16906942750656859,0.097290446217371235,0.15183754767724428,Descriptive error correlation; correlated horizons within quarters; correlation alone omits bias,AVAILABILITY_AWARE_PSEUDO_REAL_TIME; HISTORICAL_PREDICTOR_VALUE_VINTAGES_UNVERIFIED
