sample,model,target_quarter,horizon,forecast_origin,variable,reference_period,shock_training_sd,nowcast,change_pp,training_parameters_unchanged
NATIVE,M0_CURRENT_M2,2026Q3,H3,2026-10-05 16:54:48.927036,m2,2026-08,-1,8.1888698139481768,-0.11228307151640848,True
NATIVE,M0_CURRENT_M2,2026Q3,H3,2026-10-05 16:54:48.927036,m2,2026-08,1,8.413435956980992,0.11228307151640671,True
NATIVE,M1_CPI_ONLY,2026Q3,H3,2026-10-05 16:54:48.927036,cpi,2026-08,-1,8.6491382754629065,0.43322449061064461,True
NATIVE,M1_CPI_ONLY,2026Q3,H3,2026-10-05 16:54:48.927036,cpi,2026-08,1,7.7826892942416155,-0.43322449061064638,True
NATIVE,M2_NOMINAL_M2_PLUS_CPI,2026Q3,H3,2026-10-05 16:54:48.927036,m2,2026-08,-1,8.2136296717472455,0.0010609654491773313,True
NATIVE,M2_NOMINAL_M2_PLUS_CPI,2026Q3,H3,2026-10-05 16:54:48.927036,m2,2026-08,1,8.2115077408488926,-0.0010609654491755549,True
NATIVE,M2_NOMINAL_M2_PLUS_CPI,2026Q3,H3,2026-10-05 16:54:48.927036,cpi,2026-08,-1,8.6424846982731705,0.42991599197510233,True
NATIVE,M2_NOMINAL_M2_PLUS_CPI,2026Q3,H3,2026-10-05 16:54:48.927036,cpi,2026-08,1,7.7826527143229649,-0.42991599197510322,True
NATIVE,M3_REAL_M2_PLUS_CPI,2026Q3,H3,2026-10-05 16:54:48.927036,m2,2026-08,-1,8.2174060438938241,-0.0011134919422826073,True
NATIVE,M3_REAL_M2_PLUS_CPI,2026Q3,H3,2026-10-05 16:54:48.927036,m2,2026-08,1,8.2196330277783893,0.0011134919422826073,True
NATIVE,M3_REAL_M2_PLUS_CPI,2026Q3,H3,2026-10-05 16:54:48.927036,cpi,2026-08,-1,8.6518397807257479,0.43332024488964116,True
NATIVE,M3_REAL_M2_PLUS_CPI,2026Q3,H3,2026-10-05 16:54:48.927036,cpi,2026-08,1,7.7851992909464656,-0.43332024488964116,True
NATIVE,M4_REAL_M2_ONLY,2026Q3,H3,2026-10-05 16:54:48.927036,m2,2026-08,-1,8.0174806797204443,-0.14892503607789287,True
NATIVE,M4_REAL_M2_ONLY,2026Q3,H3,2026-10-05 16:54:48.927036,m2,2026-08,1,8.3153307518762283,0.14892503607789109,True
COMMON,M1_CPI_ONLY,2026Q3,H3,2026-10-05 16:54:48.927036,cpi,2026-08,-1,8.6491382754629065,0.43322449061064461,True
COMMON,M1_CPI_ONLY,2026Q3,H3,2026-10-05 16:54:48.927036,cpi,2026-08,1,7.7826892942416155,-0.43322449061064638,True
COMMON,M2_NOMINAL_M2_PLUS_CPI,2026Q3,H3,2026-10-05 16:54:48.927036,m2,2026-08,-1,8.2136296717472455,0.0010609654491773313,True
COMMON,M2_NOMINAL_M2_PLUS_CPI,2026Q3,H3,2026-10-05 16:54:48.927036,m2,2026-08,1,8.2115077408488926,-0.0010609654491755549,True
COMMON,M2_NOMINAL_M2_PLUS_CPI,2026Q3,H3,2026-10-05 16:54:48.927036,cpi,2026-08,-1,8.6424846982731705,0.42991599197510233,True
COMMON,M2_NOMINAL_M2_PLUS_CPI,2026Q3,H3,2026-10-05 16:54:48.927036,cpi,2026-08,1,7.7826527143229649,-0.42991599197510322,True
COMMON,M3_REAL_M2_PLUS_CPI,2026Q3,H3,2026-10-05 16:54:48.927036,m2,2026-08,-1,8.2174060438938241,-0.0011134919422826073,True
COMMON,M3_REAL_M2_PLUS_CPI,2026Q3,H3,2026-10-05 16:54:48.927036,m2,2026-08,1,8.2196330277783893,0.0011134919422826073,True
COMMON,M3_REAL_M2_PLUS_CPI,2026Q3,H3,2026-10-05 16:54:48.927036,cpi,2026-08,-1,8.6518397807257479,0.43332024488964116,True
COMMON,M3_REAL_M2_PLUS_CPI,2026Q3,H3,2026-10-05 16:54:48.927036,cpi,2026-08,1,7.7851992909464656,-0.43332024488964116,True
COMMON,M4_REAL_M2_ONLY,2026Q3,H3,2026-10-05 16:54:48.927036,m2,2026-08,-1,8.0174806797204443,-0.14892503607789287,True
COMMON,M4_REAL_M2_ONLY,2026Q3,H3,2026-10-05 16:54:48.927036,m2,2026-08,1,8.3153307518762283,0.14892503607789109,True
