sample,model,target_quarter,horizon,forecast_origin,current,factor_variance_explained,n_GDP_quarters,training_quarters,condition
NATIVE,M0_CURRENT_M2,2022Q3,H2,2022-08-31 00:00:00,False,0.24520026254018601,14,"[""2019Q1"", ""2019Q2"", ""2019Q3"", ""2019Q4"", ""2020Q1"", ""2020Q2"", ""2020Q3"", ""2020Q4"", ""2021Q1"", ""2021Q2"", ""2021Q3"", ""2021Q4"", ""2022Q1"", ""2022Q2""]",20.039573395674481
NATIVE,M0_CURRENT_M2,2022Q3,H3,2022-09-30 00:00:00,False,0.24520026254018601,14,"[""2019Q1"", ""2019Q2"", ""2019Q3"", ""2019Q4"", ""2020Q1"", ""2020Q2"", ""2020Q3"", ""2020Q4"", ""2021Q1"", ""2021Q2"", ""2021Q3"", ""2021Q4"", ""2022Q1"", ""2022Q2""]",20.039573395674481
NATIVE,M0_CURRENT_M2,2023Q1,H1,2023-01-31 00:00:00,False,0.24887115778248503,16,"[""2019Q1"", ""2019Q2"", ""2019Q3"", ""2019Q4"", ""2020Q1"", ""2020Q2"", ""2020Q3"", ""2020Q4"", ""2021Q1"", ""2021Q2"", ""2021Q3"", ""2021Q4"", ""2022Q1"", ""2022Q2"", ""2022Q3"", ""2022Q4""]",14.919234881334523
NATIVE,M0_CURRENT_M2,2023Q1,H2,2023-02-28 00:00:00,False,0.24859210329356679,16,"[""2019Q1"", ""2019Q2"", ""2019Q3"", ""2019Q4"", ""2020Q1"", ""2020Q2"", ""2020Q3"", ""2020Q4"", ""2021Q1"", ""2021Q2"", ""2021Q3"", ""2021Q4"", ""2022Q1"", ""2022Q2"", ""2022Q3"", ""2022Q4""]",14.91766069451762
NATIVE,M0_CURRENT_M2,2023Q1,H3,2023-03-31 00:00:00,False,0.24859210329356679,16,"[""2019Q1"", ""2019Q2"", ""2019Q3"", ""2019Q4"", ""2020Q1"", ""2020Q2"", ""2020Q3"", ""2020Q4"", ""2021Q1"", ""2021Q2"", ""2021Q3"", ""2021Q4"", ""2022Q1"", ""2022Q2"", ""2022Q3"", ""2022Q4""]",14.91766069451762
NATIVE,M0_CURRENT_M2,2023Q2,H1,2023-04-30 00:00:00,False,0.24217025962384064,17,"[""2019Q1"", ""2019Q2"", ""2019Q3"", ""2019Q4"", ""2020Q1"", ""2020Q2"", ""2020Q3"", ""2020Q4"", ""2021Q1"", ""2021Q2"", ""2021Q3"", ""2021Q4"", ""2022Q1"", ""2022Q2"", ""2022Q3"", ""2022Q4"", ""2023Q1""]",16.142353484359663
NATIVE,M0_CURRENT_M2,2023Q2,H2,2023-05-31 00:00:00,False,0.24213601962207296,17,"[""2019Q1"", ""2019Q2"", ""2019Q3"", ""2019Q4"", ""2020Q1"", ""2020Q2"", ""2020Q3"", ""2020Q4"", ""2021Q1"", ""2021Q2"", ""2021Q3"", ""2021Q4"", ""2022Q1"", ""2022Q2"", ""2022Q3"", ""2022Q4"", ""2023Q1""]",16.142254006450806
NATIVE,M0_CURRENT_M2,2023Q2,H3,2023-06-30 00:00:00,False,0.24213601962207296,17,"[""2019Q1"", ""2019Q2"", ""2019Q3"", ""2019Q4"", ""2020Q1"", ""2020Q2"", ""2020Q3"", ""2020Q4"", ""2021Q1"", ""2021Q2"", ""2021Q3"", ""2021Q4"", ""2022Q1"", ""2022Q2"", ""2022Q3"", ""2022Q4"", ""2023Q1""]",16.142254006450806
NATIVE,M0_CURRENT_M2,2023Q3,H1,2023-07-31 00:00:00,False,0.23843045563360385,18,"[""2019Q1"", ""2019Q2"", ""2019Q3"", ""2019Q4"", ""2020Q1"", ""2020Q2"", ""2020Q3"", ""2020Q4"", ""2021Q1"", ""2021Q2"", ""2021Q3"", ""2021Q4"", ""2022Q1"", ""2022Q2"", ""2022Q3"", ""2022Q4"", ""2023Q1"", ""2023Q2""]",17.190374204274011
NATIVE,M0_CURRENT_M2,2023Q3,H2,2023-08-31 00:00:00,False,0.23856434492261092,18,"[""2019Q1"", ""2019Q2"", ""2019Q3"", ""2019Q4"", ""2020Q1"", ""2020Q2"", ""2020Q3"", ""2020Q4"", ""2021Q1"", ""2021Q2"", ""2021Q3"", ""2021Q4"", ""2022Q1"", ""2022Q2"", ""2022Q3"", ""2022Q4"", ""2023Q1"", ""2023Q2""]",17.196037029066751
NATIVE,M0_CURRENT_M2,2023Q3,H3,2023-09-30 00:00:00,False,0.23856434492261092,18,"[""2019Q1"", ""2019Q2"", ""2019Q3"", ""2019Q4"", ""2020Q1"", ""2020Q2"", ""2020Q3"", ""2020Q4"", ""2021Q1"", ""2021Q2"", ""2021Q3"", ""2021Q4"", ""2022Q1"", ""2022Q2"", ""2022Q3"", ""2022Q4"", ""2023Q1"", ""2023Q2""]",17.196037029066751
NATIVE,M0_CURRENT_M2,2023Q4,H1,2023-10-31 00:00:00,False,0.22914544333783285,19,"[""2019Q1"", ""2019Q2"", ""2019Q3"", ""2019Q4"", ""2020Q1"", ""2020Q2"", ""2020Q3"", ""2020Q4"", ""2021Q1"", ""2021Q2"", ""2021Q3"", ""2021Q4"", ""2022Q1"", ""2022Q2"", ""2022Q3"", ""2022Q4"", ""2023Q1"", ""2023Q2"", ""2023Q3""]",18.139720392596882
NATIVE,M0_CURRENT_M2,2023Q4,H2,2023-11-30 00:00:00,False,0.229229046055863,19,"[""2019Q1"", ""2019Q2"", ""2019Q3"", ""2019Q4"", ""2020Q1"", ""2020Q2"", ""2020Q3"", ""2020Q4"", ""2021Q1"", ""2021Q2"", ""2021Q3"", ""2021Q4"", ""2022Q1"", ""2022Q2"", ""2022Q3"", ""2022Q4"", ""2023Q1"", ""2023Q2"", ""2023Q3""]",18.145663140726899
NATIVE,M0_CURRENT_M2,2023Q4,H3,2023-12-31 00:00:00,False,0.229229046055863,19,"[""2019Q1"", ""2019Q2"", ""2019Q3"", ""2019Q4"", ""2020Q1"", ""2020Q2"", ""2020Q3"", ""2020Q4"", ""2021Q1"", ""2021Q2"", ""2021Q3"", ""2021Q4"", ""2022Q1"", ""2022Q2"", ""2022Q3"", ""2022Q4"", ""2023Q1"", ""2023Q2"", ""2023Q3""]",18.145663140726899
NATIVE,M0_CURRENT_M2,2024Q1,H1,2024-01-31 00:00:00,False,0.21426621092290896,20,"[""2019Q1"", ""2019Q2"", ""2019Q3"", ""2019Q4"", ""2020Q1"", ""2020Q2"", ""2020Q3"", ""2020Q4"", ""2021Q1"", ""2021Q2"", ""2021Q3"", ""2021Q4"", ""2022Q1"", ""2022Q2"", ""2022Q3"", ""2022Q4"", ""2023Q1"", ""2023Q2"", ""2023Q3"", ""2023Q4""]",18.292321146326646
NATIVE,M0_CURRENT_M2,2024Q1,H2,2024-02-29 00:00:00,False,0.21395176433282903,20,"[""2019Q1"", ""2019Q2"", ""2019Q3"", ""2019Q4"", ""2020Q1"", ""2020Q2"", ""2020Q3"", ""2020Q4"", ""2021Q1"", ""2021Q2"", ""2021Q3"", ""2021Q4"", ""2022Q1"", ""2022Q2"", ""2022Q3"", ""2022Q4"", ""2023Q1"", ""2023Q2"", ""2023Q3"", ""2023Q4""]",18.287171020112801
NATIVE,M0_CURRENT_M2,2024Q1,H3,2024-03-31 00:00:00,False,0.21395176433282903,20,"[""2019Q1"", ""2019Q2"", ""2019Q3"", ""2019Q4"", ""2020Q1"", ""2020Q2"", ""2020Q3"", ""2020Q4"", ""2021Q1"", ""2021Q2"", ""2021Q3"", ""2021Q4"", ""2022Q1"", ""2022Q2"", ""2022Q3"", ""2022Q4"", ""2023Q1"", ""2023Q2"", ""2023Q3"", ""2023Q4""]",18.287171020112801
NATIVE,M0_CURRENT_M2,2024Q2,H1,2024-04-30 00:00:00,False,0.2020705352815233,21,"[""2019Q1"", ""2019Q2"", ""2019Q3"", ""2019Q4"", ""2020Q1"", ""2020Q2"", ""2020Q3"", ""2020Q4"", ""2021Q1"", ""2021Q2"", ""2021Q3"", ""2021Q4"", ""2022Q1"", ""2022Q2"", ""2022Q3"", ""2022Q4"", ""2023Q1"", ""2023Q2"", ""2023Q3"", ""2023Q4"", ""2024Q1""]",18.606744551185983
NATIVE,M0_CURRENT_M2,2024Q2,H2,2024-05-31 00:00:00,False,0.20209201866846424,21,"[""2019Q1"", ""2019Q2"", ""2019Q3"", ""2019Q4"", ""2020Q1"", ""2020Q2"", ""2020Q3"", ""2020Q4"", ""2021Q1"", ""2021Q2"", ""2021Q3"", ""2021Q4"", ""2022Q1"", ""2022Q2"", ""2022Q3"", ""2022Q4"", ""2023Q1"", ""2023Q2"", ""2023Q3"", ""2023Q4"", ""2024Q1""]",18.607343662790836
NATIVE,M0_CURRENT_M2,2024Q2,H3,2024-06-30 00:00:00,False,0.20209201866846424,21,"[""2019Q1"", ""2019Q2"", ""2019Q3"", ""2019Q4"", ""2020Q1"", ""2020Q2"", ""2020Q3"", ""2020Q4"", ""2021Q1"", ""2021Q2"", ""2021Q3"", ""2021Q4"", ""2022Q1"", ""2022Q2"", ""2022Q3"", ""2022Q4"", ""2023Q1"", ""2023Q2"", ""2023Q3"", ""2023Q4"", ""2024Q1""]",18.607343662790836
NATIVE,M0_CURRENT_M2,2024Q3,H1,2024-07-31 00:00:00,False,0.1993279801816871,22,"[""2019Q1"", ""2019Q2"", ""2019Q3"", ""2019Q4"", ""2020Q1"", ""2020Q2"", ""2020Q3"", ""2020Q4"", ""2021Q1"", ""2021Q2"", ""2021Q3"", ""2021Q4"", ""2022Q1"", ""2022Q2"", ""2022Q3"", ""2022Q4"", ""2023Q1"", ""2023Q2"", ""2023Q3"", ""2023Q4"", ""2024Q1"", ""2024Q2""]",18.780735803327321
NATIVE,M0_CURRENT_M2,2024Q3,H2,2024-08-31 00:00:00,False,0.19940857720890093,22,"[""2019Q1"", ""2019Q2"", ""2019Q3"", ""2019Q4"", ""2020Q1"", ""2020Q2"", ""2020Q3"", ""2020Q4"", ""2021Q1"", ""2021Q2"", ""2021Q3"", ""2021Q4"", ""2022Q1"", ""2022Q2"", ""2022Q3"", ""2022Q4"", ""2023Q1"", ""2023Q2"", ""2023Q3"", ""2023Q4"", ""2024Q1"", ""2024Q2""]",18.783960976896271
NATIVE,M0_CURRENT_M2,2024Q3,H3,2024-09-30 00:00:00,False,0.19940857720890093,22,"[""2019Q1"", ""2019Q2"", ""2019Q3"", ""2019Q4"", ""2020Q1"", ""2020Q2"", ""2020Q3"", ""2020Q4"", ""2021Q1"", ""2021Q2"", ""2021Q3"", ""2021Q4"", ""2022Q1"", ""2022Q2"", ""2022Q3"", ""2022Q4"", ""2023Q1"", ""2023Q2"", ""2023Q3"", ""2023Q4"", ""2024Q1"", ""2024Q2""]",18.783960976896271
NATIVE,M0_CURRENT_M2,2024Q4,H1,2024-10-31 00:00:00,False,0.19405502170981154,23,"[""2019Q1"", ""2019Q2"", ""2019Q3"", ""2019Q4"", ""2020Q1"", ""2020Q2"", ""2020Q3"", ""2020Q4"", ""2021Q1"", ""2021Q2"", ""2021Q3"", ""2021Q4"", ""2022Q1"", ""2022Q2"", ""2022Q3"", ""2022Q4"", ""2023Q1"", ""2023Q2"", ""2023Q3"", ""2023Q4"", ""2024Q1"", ""2024Q2"", ""2024Q3""]",17.837006220218427
NATIVE,M0_CURRENT_M2,2024Q4,H2,2024-11-30 00:00:00,False,0.194113191959322,23,"[""2019Q1"", ""2019Q2"", ""2019Q3"", ""2019Q4"", ""2020Q1"", ""2020Q2"", ""2020Q3"", ""2020Q4"", ""2021Q1"", ""2021Q2"", ""2021Q3"", ""2021Q4"", ""2022Q1"", ""2022Q2"", ""2022Q3"", ""2022Q4"", ""2023Q1"", ""2023Q2"", ""2023Q3"", ""2023Q4"", ""2024Q1"", ""2024Q2"", ""2024Q3""]",17.838310177803535
NATIVE,M0_CURRENT_M2,2024Q4,H3,2024-12-31 00:00:00,False,0.194113191959322,23,"[""2019Q1"", ""2019Q2"", ""2019Q3"", ""2019Q4"", ""2020Q1"", ""2020Q2"", ""2020Q3"", ""2020Q4"", ""2021Q1"", ""2021Q2"", ""2021Q3"", ""2021Q4"", ""2022Q1"", ""2022Q2"", ""2022Q3"", ""2022Q4"", ""2023Q1"", ""2023Q2"", ""2023Q3"", ""2023Q4"", ""2024Q1"", ""2024Q2"", ""2024Q3""]",17.838310177803535
NATIVE,M0_CURRENT_M2,2025Q1,H1,2025-01-31 00:00:00,False,0.17994175050204878,24,"[""2019Q1"", ""2019Q2"", ""2019Q3"", ""2019Q4"", ""2020Q1"", ""2020Q2"", ""2020Q3"", ""2020Q4"", ""2021Q1"", ""2021Q2"", ""2021Q3"", ""2021Q4"", ""2022Q1"", ""2022Q2"", ""2022Q3"", ""2022Q4"", ""2023Q1"", ""2023Q2"", ""2023Q3"", ""2023Q4"", ""2024Q1"", ""2024Q2"", ""2024Q3"", ""2024Q4""]",18.120031424420706
NATIVE,M1_CPI_ONLY,2025Q1,H1,2025-01-31 00:00:00,False,0.24255022133892079,12,"[""2022Q1"", ""2022Q2"", ""2022Q3"", ""2022Q4"", ""2023Q1"", ""2023Q2"", ""2023Q3"", ""2023Q4"", ""2024Q1"", ""2024Q2"", ""2024Q3"", ""2024Q4""]",63.478871520124876
NATIVE,M2_NOMINAL_M2_PLUS_CPI,2025Q1,H1,2025-01-31 00:00:00,False,0.30284735827427461,12,"[""2022Q1"", ""2022Q2"", ""2022Q3"", ""2022Q4"", ""2023Q1"", ""2023Q2"", ""2023Q3"", ""2023Q4"", ""2024Q1"", ""2024Q2"", ""2024Q3"", ""2024Q4""]",62.117927508323277
NATIVE,M3_REAL_M2_PLUS_CPI,2025Q1,H1,2025-01-31 00:00:00,False,0.28873033650154689,12,"[""2022Q1"", ""2022Q2"", ""2022Q3"", ""2022Q4"", ""2023Q1"", ""2023Q2"", ""2023Q3"", ""2023Q4"", ""2024Q1"", ""2024Q2"", ""2024Q3"", ""2024Q4""]",62.645404277842211
NATIVE,M4_REAL_M2_ONLY,2025Q1,H1,2025-01-31 00:00:00,False,0.2300371733707702,12,"[""2022Q1"", ""2022Q2"", ""2022Q3"", ""2022Q4"", ""2023Q1"", ""2023Q2"", ""2023Q3"", ""2023Q4"", ""2024Q1"", ""2024Q2"", ""2024Q3"", ""2024Q4""]",55.875502295602757
COMMON,M0_CURRENT_M2,2025Q1,H1,2025-01-31 00:00:00,False,0.23411853207686281,12,"[""2022Q1"", ""2022Q2"", ""2022Q3"", ""2022Q4"", ""2023Q1"", ""2023Q2"", ""2023Q3"", ""2023Q4"", ""2024Q1"", ""2024Q2"", ""2024Q3"", ""2024Q4""]",56.757780221938496
COMMON,M1_CPI_ONLY,2025Q1,H1,2025-01-31 00:00:00,False,0.24255022133892079,12,"[""2022Q1"", ""2022Q2"", ""2022Q3"", ""2022Q4"", ""2023Q1"", ""2023Q2"", ""2023Q3"", ""2023Q4"", ""2024Q1"", ""2024Q2"", ""2024Q3"", ""2024Q4""]",63.478871520124876
COMMON,M2_NOMINAL_M2_PLUS_CPI,2025Q1,H1,2025-01-31 00:00:00,False,0.30284735827427461,12,"[""2022Q1"", ""2022Q2"", ""2022Q3"", ""2022Q4"", ""2023Q1"", ""2023Q2"", ""2023Q3"", ""2023Q4"", ""2024Q1"", ""2024Q2"", ""2024Q3"", ""2024Q4""]",62.117927508323277
COMMON,M3_REAL_M2_PLUS_CPI,2025Q1,H1,2025-01-31 00:00:00,False,0.28873033650154689,12,"[""2022Q1"", ""2022Q2"", ""2022Q3"", ""2022Q4"", ""2023Q1"", ""2023Q2"", ""2023Q3"", ""2023Q4"", ""2024Q1"", ""2024Q2"", ""2024Q3"", ""2024Q4""]",62.645404277842211
COMMON,M4_REAL_M2_ONLY,2025Q1,H1,2025-01-31 00:00:00,False,0.2300371733707702,12,"[""2022Q1"", ""2022Q2"", ""2022Q3"", ""2022Q4"", ""2023Q1"", ""2023Q2"", ""2023Q3"", ""2023Q4"", ""2024Q1"", ""2024Q2"", ""2024Q3"", ""2024Q4""]",55.875502295602757
NATIVE,M0_CURRENT_M2,2025Q1,H2,2025-02-28 00:00:00,False,0.18003007623716658,24,"[""2019Q1"", ""2019Q2"", ""2019Q3"", ""2019Q4"", ""2020Q1"", ""2020Q2"", ""2020Q3"", ""2020Q4"", ""2021Q1"", ""2021Q2"", ""2021Q3"", ""2021Q4"", ""2022Q1"", ""2022Q2"", ""2022Q3"", ""2022Q4"", ""2023Q1"", ""2023Q2"", ""2023Q3"", ""2023Q4"", ""2024Q1"", ""2024Q2"", ""2024Q3"", ""2024Q4""]",18.122520667088093
NATIVE,M1_CPI_ONLY,2025Q1,H2,2025-02-28 00:00:00,False,0.24264756555255243,12,"[""2022Q1"", ""2022Q2"", ""2022Q3"", ""2022Q4"", ""2023Q1"", ""2023Q2"", ""2023Q3"", ""2023Q4"", ""2024Q1"", ""2024Q2"", ""2024Q3"", ""2024Q4""]",63.475851081217193
NATIVE,M2_NOMINAL_M2_PLUS_CPI,2025Q1,H2,2025-02-28 00:00:00,False,0.30284958494751968,12,"[""2022Q1"", ""2022Q2"", ""2022Q3"", ""2022Q4"", ""2023Q1"", ""2023Q2"", ""2023Q3"", ""2023Q4"", ""2024Q1"", ""2024Q2"", ""2024Q3"", ""2024Q4""]",62.133143667926682
NATIVE,M3_REAL_M2_PLUS_CPI,2025Q1,H2,2025-02-28 00:00:00,False,0.28878279805408169,12,"[""2022Q1"", ""2022Q2"", ""2022Q3"", ""2022Q4"", ""2023Q1"", ""2023Q2"", ""2023Q3"", ""2023Q4"", ""2024Q1"", ""2024Q2"", ""2024Q3"", ""2024Q4""]",62.646455419618995
NATIVE,M4_REAL_M2_ONLY,2025Q1,H2,2025-02-28 00:00:00,False,0.22939370842959422,12,"[""2022Q1"", ""2022Q2"", ""2022Q3"", ""2022Q4"", ""2023Q1"", ""2023Q2"", ""2023Q3"", ""2023Q4"", ""2024Q1"", ""2024Q2"", ""2024Q3"", ""2024Q4""]",55.880225563636429
COMMON,M0_CURRENT_M2,2025Q1,H2,2025-02-28 00:00:00,False,0.23361968754294055,12,"[""2022Q1"", ""2022Q2"", ""2022Q3"", ""2022Q4"", ""2023Q1"", ""2023Q2"", ""2023Q3"", ""2023Q4"", ""2024Q1"", ""2024Q2"", ""2024Q3"", ""2024Q4""]",56.762938388499734
COMMON,M1_CPI_ONLY,2025Q1,H2,2025-02-28 00:00:00,False,0.24264756555255243,12,"[""2022Q1"", ""2022Q2"", ""2022Q3"", ""2022Q4"", ""2023Q1"", ""2023Q2"", ""2023Q3"", ""2023Q4"", ""2024Q1"", ""2024Q2"", ""2024Q3"", ""2024Q4""]",63.475851081217193
COMMON,M2_NOMINAL_M2_PLUS_CPI,2025Q1,H2,2025-02-28 00:00:00,False,0.30284958494751968,12,"[""2022Q1"", ""2022Q2"", ""2022Q3"", ""2022Q4"", ""2023Q1"", ""2023Q2"", ""2023Q3"", ""2023Q4"", ""2024Q1"", ""2024Q2"", ""2024Q3"", ""2024Q4""]",62.133143667926682
COMMON,M3_REAL_M2_PLUS_CPI,2025Q1,H2,2025-02-28 00:00:00,False,0.28878279805408169,12,"[""2022Q1"", ""2022Q2"", ""2022Q3"", ""2022Q4"", ""2023Q1"", ""2023Q2"", ""2023Q3"", ""2023Q4"", ""2024Q1"", ""2024Q2"", ""2024Q3"", ""2024Q4""]",62.646455419618995
COMMON,M4_REAL_M2_ONLY,2025Q1,H2,2025-02-28 00:00:00,False,0.22939370842959422,12,"[""2022Q1"", ""2022Q2"", ""2022Q3"", ""2022Q4"", ""2023Q1"", ""2023Q2"", ""2023Q3"", ""2023Q4"", ""2024Q1"", ""2024Q2"", ""2024Q3"", ""2024Q4""]",55.880225563636429
NATIVE,M0_CURRENT_M2,2025Q1,H3,2025-03-31 00:00:00,False,0.18003007623716658,24,"[""2019Q1"", ""2019Q2"", ""2019Q3"", ""2019Q4"", ""2020Q1"", ""2020Q2"", ""2020Q3"", ""2020Q4"", ""2021Q1"", ""2021Q2"", ""2021Q3"", ""2021Q4"", ""2022Q1"", ""2022Q2"", ""2022Q3"", ""2022Q4"", ""2023Q1"", ""2023Q2"", ""2023Q3"", ""2023Q4"", ""2024Q1"", ""2024Q2"", ""2024Q3"", ""2024Q4""]",18.122520667088093
NATIVE,M1_CPI_ONLY,2025Q1,H3,2025-03-31 00:00:00,False,0.24264756555255243,12,"[""2022Q1"", ""2022Q2"", ""2022Q3"", ""2022Q4"", ""2023Q1"", ""2023Q2"", ""2023Q3"", ""2023Q4"", ""2024Q1"", ""2024Q2"", ""2024Q3"", ""2024Q4""]",63.475851081217193
NATIVE,M2_NOMINAL_M2_PLUS_CPI,2025Q1,H3,2025-03-31 00:00:00,False,0.30284958494751968,12,"[""2022Q1"", ""2022Q2"", ""2022Q3"", ""2022Q4"", ""2023Q1"", ""2023Q2"", ""2023Q3"", ""2023Q4"", ""2024Q1"", ""2024Q2"", ""2024Q3"", ""2024Q4""]",62.133143667926682
NATIVE,M3_REAL_M2_PLUS_CPI,2025Q1,H3,2025-03-31 00:00:00,False,0.28878279805408169,12,"[""2022Q1"", ""2022Q2"", ""2022Q3"", ""2022Q4"", ""2023Q1"", ""2023Q2"", ""2023Q3"", ""2023Q4"", ""2024Q1"", ""2024Q2"", ""2024Q3"", ""2024Q4""]",62.646455419618995
NATIVE,M4_REAL_M2_ONLY,2025Q1,H3,2025-03-31 00:00:00,False,0.22939370842959422,12,"[""2022Q1"", ""2022Q2"", ""2022Q3"", ""2022Q4"", ""2023Q1"", ""2023Q2"", ""2023Q3"", ""2023Q4"", ""2024Q1"", ""2024Q2"", ""2024Q3"", ""2024Q4""]",55.880225563636429
COMMON,M0_CURRENT_M2,2025Q1,H3,2025-03-31 00:00:00,False,0.23361968754294055,12,"[""2022Q1"", ""2022Q2"", ""2022Q3"", ""2022Q4"", ""2023Q1"", ""2023Q2"", ""2023Q3"", ""2023Q4"", ""2024Q1"", ""2024Q2"", ""2024Q3"", ""2024Q4""]",56.762938388499734
COMMON,M1_CPI_ONLY,2025Q1,H3,2025-03-31 00:00:00,False,0.24264756555255243,12,"[""2022Q1"", ""2022Q2"", ""2022Q3"", ""2022Q4"", ""2023Q1"", ""2023Q2"", ""2023Q3"", ""2023Q4"", ""2024Q1"", ""2024Q2"", ""2024Q3"", ""2024Q4""]",63.475851081217193
COMMON,M2_NOMINAL_M2_PLUS_CPI,2025Q1,H3,2025-03-31 00:00:00,False,0.30284958494751968,12,"[""2022Q1"", ""2022Q2"", ""2022Q3"", ""2022Q4"", ""2023Q1"", ""2023Q2"", ""2023Q3"", ""2023Q4"", ""2024Q1"", ""2024Q2"", ""2024Q3"", ""2024Q4""]",62.133143667926682
COMMON,M3_REAL_M2_PLUS_CPI,2025Q1,H3,2025-03-31 00:00:00,False,0.28878279805408169,12,"[""2022Q1"", ""2022Q2"", ""2022Q3"", ""2022Q4"", ""2023Q1"", ""2023Q2"", ""2023Q3"", ""2023Q4"", ""2024Q1"", ""2024Q2"", ""2024Q3"", ""2024Q4""]",62.646455419618995
COMMON,M4_REAL_M2_ONLY,2025Q1,H3,2025-03-31 00:00:00,False,0.22939370842959422,12,"[""2022Q1"", ""2022Q2"", ""2022Q3"", ""2022Q4"", ""2023Q1"", ""2023Q2"", ""2023Q3"", ""2023Q4"", ""2024Q1"", ""2024Q2"", ""2024Q3"", ""2024Q4""]",55.880225563636429
NATIVE,M0_CURRENT_M2,2025Q2,H1,2025-04-30 00:00:00,False,0.18029946031586369,25,"[""2019Q1"", ""2019Q2"", ""2019Q3"", ""2019Q4"", ""2020Q1"", ""2020Q2"", ""2020Q3"", ""2020Q4"", ""2021Q1"", ""2021Q2"", ""2021Q3"", ""2021Q4"", ""2022Q1"", ""2022Q2"", ""2022Q3"", ""2022Q4"", ""2023Q1"", ""2023Q2"", ""2023Q3"", ""2023Q4"", ""2024Q1"", ""2024Q2"", ""2024Q3"", ""2024Q4"", ""2025Q1""]",18.192095432279782
NATIVE,M1_CPI_ONLY,2025Q2,H1,2025-04-30 00:00:00,False,0.23647901453088968,13,"[""2022Q1"", ""2022Q2"", ""2022Q3"", ""2022Q4"", ""2023Q1"", ""2023Q2"", ""2023Q3"", ""2023Q4"", ""2024Q1"", ""2024Q2"", ""2024Q3"", ""2024Q4"", ""2025Q1""]",64.041596089673675
NATIVE,M2_NOMINAL_M2_PLUS_CPI,2025Q2,H1,2025-04-30 00:00:00,False,0.29194120891994796,13,"[""2022Q1"", ""2022Q2"", ""2022Q3"", ""2022Q4"", ""2023Q1"", ""2023Q2"", ""2023Q3"", ""2023Q4"", ""2024Q1"", ""2024Q2"", ""2024Q3"", ""2024Q4"", ""2025Q1""]",63.445707415278413
NATIVE,M3_REAL_M2_PLUS_CPI,2025Q2,H1,2025-04-30 00:00:00,False,0.27611466623557912,13,"[""2022Q1"", ""2022Q2"", ""2022Q3"", ""2022Q4"", ""2023Q1"", ""2023Q2"", ""2023Q3"", ""2023Q4"", ""2024Q1"", ""2024Q2"", ""2024Q3"", ""2024Q4"", ""2025Q1""]",63.696815654551393
NATIVE,M4_REAL_M2_ONLY,2025Q2,H1,2025-04-30 00:00:00,False,0.23462866399690238,13,"[""2022Q1"", ""2022Q2"", ""2022Q3"", ""2022Q4"", ""2023Q1"", ""2023Q2"", ""2023Q3"", ""2023Q4"", ""2024Q1"", ""2024Q2"", ""2024Q3"", ""2024Q4"", ""2025Q1""]",57.164402681229731
COMMON,M0_CURRENT_M2,2025Q2,H1,2025-04-30 00:00:00,False,0.23630279911527335,13,"[""2022Q1"", ""2022Q2"", ""2022Q3"", ""2022Q4"", ""2023Q1"", ""2023Q2"", ""2023Q3"", ""2023Q4"", ""2024Q1"", ""2024Q2"", ""2024Q3"", ""2024Q4"", ""2025Q1""]",58.454802404250287
COMMON,M1_CPI_ONLY,2025Q2,H1,2025-04-30 00:00:00,False,0.23647901453088968,13,"[""2022Q1"", ""2022Q2"", ""2022Q3"", ""2022Q4"", ""2023Q1"", ""2023Q2"", ""2023Q3"", ""2023Q4"", ""2024Q1"", ""2024Q2"", ""2024Q3"", ""2024Q4"", ""2025Q1""]",64.041596089673675
COMMON,M2_NOMINAL_M2_PLUS_CPI,2025Q2,H1,2025-04-30 00:00:00,False,0.29194120891994796,13,"[""2022Q1"", ""2022Q2"", ""2022Q3"", ""2022Q4"", ""2023Q1"", ""2023Q2"", ""2023Q3"", ""2023Q4"", ""2024Q1"", ""2024Q2"", ""2024Q3"", ""2024Q4"", ""2025Q1""]",63.445707415278413
COMMON,M3_REAL_M2_PLUS_CPI,2025Q2,H1,2025-04-30 00:00:00,False,0.27611466623557912,13,"[""2022Q1"", ""2022Q2"", ""2022Q3"", ""2022Q4"", ""2023Q1"", ""2023Q2"", ""2023Q3"", ""2023Q4"", ""2024Q1"", ""2024Q2"", ""2024Q3"", ""2024Q4"", ""2025Q1""]",63.696815654551393
COMMON,M4_REAL_M2_ONLY,2025Q2,H1,2025-04-30 00:00:00,False,0.23462866399690238,13,"[""2022Q1"", ""2022Q2"", ""2022Q3"", ""2022Q4"", ""2023Q1"", ""2023Q2"", ""2023Q3"", ""2023Q4"", ""2024Q1"", ""2024Q2"", ""2024Q3"", ""2024Q4"", ""2025Q1""]",57.164402681229731
NATIVE,M0_CURRENT_M2,2025Q2,H2,2025-05-31 00:00:00,False,0.18036435448968993,25,"[""2019Q1"", ""2019Q2"", ""2019Q3"", ""2019Q4"", ""2020Q1"", ""2020Q2"", ""2020Q3"", ""2020Q4"", ""2021Q1"", ""2021Q2"", ""2021Q3"", ""2021Q4"", ""2022Q1"", ""2022Q2"", ""2022Q3"", ""2022Q4"", ""2023Q1"", ""2023Q2"", ""2023Q3"", ""2023Q4"", ""2024Q1"", ""2024Q2"", ""2024Q3"", ""2024Q4"", ""2025Q1""]",18.193201549938134
NATIVE,M1_CPI_ONLY,2025Q2,H2,2025-05-31 00:00:00,False,0.23649703910278624,13,"[""2022Q1"", ""2022Q2"", ""2022Q3"", ""2022Q4"", ""2023Q1"", ""2023Q2"", ""2023Q3"", ""2023Q4"", ""2024Q1"", ""2024Q2"", ""2024Q3"", ""2024Q4"", ""2025Q1""]",64.037712176856886
NATIVE,M2_NOMINAL_M2_PLUS_CPI,2025Q2,H2,2025-05-31 00:00:00,False,0.29171069000645194,13,"[""2022Q1"", ""2022Q2"", ""2022Q3"", ""2022Q4"", ""2023Q1"", ""2023Q2"", ""2023Q3"", ""2023Q4"", ""2024Q1"", ""2024Q2"", ""2024Q3"", ""2024Q4"", ""2025Q1""]",63.456616951041298
NATIVE,M3_REAL_M2_PLUS_CPI,2025Q2,H2,2025-05-31 00:00:00,False,0.27600461119650588,13,"[""2022Q1"", ""2022Q2"", ""2022Q3"", ""2022Q4"", ""2023Q1"", ""2023Q2"", ""2023Q3"", ""2023Q4"", ""2024Q1"", ""2024Q2"", ""2024Q3"", ""2024Q4"", ""2025Q1""]",63.696556975543714
NATIVE,M4_REAL_M2_ONLY,2025Q2,H2,2025-05-31 00:00:00,False,0.23364089915794578,13,"[""2022Q1"", ""2022Q2"", ""2022Q3"", ""2022Q4"", ""2023Q1"", ""2023Q2"", ""2023Q3"", ""2023Q4"", ""2024Q1"", ""2024Q2"", ""2024Q3"", ""2024Q4"", ""2025Q1""]",57.171617756822187
COMMON,M0_CURRENT_M2,2025Q2,H2,2025-05-31 00:00:00,False,0.23550947999627908,13,"[""2022Q1"", ""2022Q2"", ""2022Q3"", ""2022Q4"", ""2023Q1"", ""2023Q2"", ""2023Q3"", ""2023Q4"", ""2024Q1"", ""2024Q2"", ""2024Q3"", ""2024Q4"", ""2025Q1""]",58.459523702687484
COMMON,M1_CPI_ONLY,2025Q2,H2,2025-05-31 00:00:00,False,0.23649703910278624,13,"[""2022Q1"", ""2022Q2"", ""2022Q3"", ""2022Q4"", ""2023Q1"", ""2023Q2"", ""2023Q3"", ""2023Q4"", ""2024Q1"", ""2024Q2"", ""2024Q3"", ""2024Q4"", ""2025Q1""]",64.037712176856886
COMMON,M2_NOMINAL_M2_PLUS_CPI,2025Q2,H2,2025-05-31 00:00:00,False,0.29171069000645194,13,"[""2022Q1"", ""2022Q2"", ""2022Q3"", ""2022Q4"", ""2023Q1"", ""2023Q2"", ""2023Q3"", ""2023Q4"", ""2024Q1"", ""2024Q2"", ""2024Q3"", ""2024Q4"", ""2025Q1""]",63.456616951041298
COMMON,M3_REAL_M2_PLUS_CPI,2025Q2,H2,2025-05-31 00:00:00,False,0.27600461119650588,13,"[""2022Q1"", ""2022Q2"", ""2022Q3"", ""2022Q4"", ""2023Q1"", ""2023Q2"", ""2023Q3"", ""2023Q4"", ""2024Q1"", ""2024Q2"", ""2024Q3"", ""2024Q4"", ""2025Q1""]",63.696556975543714
COMMON,M4_REAL_M2_ONLY,2025Q2,H2,2025-05-31 00:00:00,False,0.23364089915794578,13,"[""2022Q1"", ""2022Q2"", ""2022Q3"", ""2022Q4"", ""2023Q1"", ""2023Q2"", ""2023Q3"", ""2023Q4"", ""2024Q1"", ""2024Q2"", ""2024Q3"", ""2024Q4"", ""2025Q1""]",57.171617756822187
NATIVE,M0_CURRENT_M2,2025Q2,H3,2025-06-30 00:00:00,False,0.18036435448968993,25,"[""2019Q1"", ""2019Q2"", ""2019Q3"", ""2019Q4"", ""2020Q1"", ""2020Q2"", ""2020Q3"", ""2020Q4"", ""2021Q1"", ""2021Q2"", ""2021Q3"", ""2021Q4"", ""2022Q1"", ""2022Q2"", ""2022Q3"", ""2022Q4"", ""2023Q1"", ""2023Q2"", ""2023Q3"", ""2023Q4"", ""2024Q1"", ""2024Q2"", ""2024Q3"", ""2024Q4"", ""2025Q1""]",18.193201549938134
NATIVE,M1_CPI_ONLY,2025Q2,H3,2025-06-30 00:00:00,False,0.23649703910278624,13,"[""2022Q1"", ""2022Q2"", ""2022Q3"", ""2022Q4"", ""2023Q1"", ""2023Q2"", ""2023Q3"", ""2023Q4"", ""2024Q1"", ""2024Q2"", ""2024Q3"", ""2024Q4"", ""2025Q1""]",64.037712176856886
NATIVE,M2_NOMINAL_M2_PLUS_CPI,2025Q2,H3,2025-06-30 00:00:00,False,0.29171069000645194,13,"[""2022Q1"", ""2022Q2"", ""2022Q3"", ""2022Q4"", ""2023Q1"", ""2023Q2"", ""2023Q3"", ""2023Q4"", ""2024Q1"", ""2024Q2"", ""2024Q3"", ""2024Q4"", ""2025Q1""]",63.456616951041298
NATIVE,M3_REAL_M2_PLUS_CPI,2025Q2,H3,2025-06-30 00:00:00,False,0.27600461119650588,13,"[""2022Q1"", ""2022Q2"", ""2022Q3"", ""2022Q4"", ""2023Q1"", ""2023Q2"", ""2023Q3"", ""2023Q4"", ""2024Q1"", ""2024Q2"", ""2024Q3"", ""2024Q4"", ""2025Q1""]",63.696556975543714
NATIVE,M4_REAL_M2_ONLY,2025Q2,H3,2025-06-30 00:00:00,False,0.23364089915794578,13,"[""2022Q1"", ""2022Q2"", ""2022Q3"", ""2022Q4"", ""2023Q1"", ""2023Q2"", ""2023Q3"", ""2023Q4"", ""2024Q1"", ""2024Q2"", ""2024Q3"", ""2024Q4"", ""2025Q1""]",57.171617756822187
COMMON,M0_CURRENT_M2,2025Q2,H3,2025-06-30 00:00:00,False,0.23550947999627908,13,"[""2022Q1"", ""2022Q2"", ""2022Q3"", ""2022Q4"", ""2023Q1"", ""2023Q2"", ""2023Q3"", ""2023Q4"", ""2024Q1"", ""2024Q2"", ""2024Q3"", ""2024Q4"", ""2025Q1""]",58.459523702687484
COMMON,M1_CPI_ONLY,2025Q2,H3,2025-06-30 00:00:00,False,0.23649703910278624,13,"[""2022Q1"", ""2022Q2"", ""2022Q3"", ""2022Q4"", ""2023Q1"", ""2023Q2"", ""2023Q3"", ""2023Q4"", ""2024Q1"", ""2024Q2"", ""2024Q3"", ""2024Q4"", ""2025Q1""]",64.037712176856886
COMMON,M2_NOMINAL_M2_PLUS_CPI,2025Q2,H3,2025-06-30 00:00:00,False,0.29171069000645194,13,"[""2022Q1"", ""2022Q2"", ""2022Q3"", ""2022Q4"", ""2023Q1"", ""2023Q2"", ""2023Q3"", ""2023Q4"", ""2024Q1"", ""2024Q2"", ""2024Q3"", ""2024Q4"", ""2025Q1""]",63.456616951041298
COMMON,M3_REAL_M2_PLUS_CPI,2025Q2,H3,2025-06-30 00:00:00,False,0.27600461119650588,13,"[""2022Q1"", ""2022Q2"", ""2022Q3"", ""2022Q4"", ""2023Q1"", ""2023Q2"", ""2023Q3"", ""2023Q4"", ""2024Q1"", ""2024Q2"", ""2024Q3"", ""2024Q4"", ""2025Q1""]",63.696556975543714
COMMON,M4_REAL_M2_ONLY,2025Q2,H3,2025-06-30 00:00:00,False,0.23364089915794578,13,"[""2022Q1"", ""2022Q2"", ""2022Q3"", ""2022Q4"", ""2023Q1"", ""2023Q2"", ""2023Q3"", ""2023Q4"", ""2024Q1"", ""2024Q2"", ""2024Q3"", ""2024Q4"", ""2025Q1""]",57.171617756822187
NATIVE,M0_CURRENT_M2,2025Q3,H1,2025-07-31 00:00:00,False,0.18311130238513912,26,"[""2019Q1"", ""2019Q2"", ""2019Q3"", ""2019Q4"", ""2020Q1"", ""2020Q2"", ""2020Q3"", ""2020Q4"", ""2021Q1"", ""2021Q2"", ""2021Q3"", ""2021Q4"", ""2022Q1"", ""2022Q2"", ""2022Q3"", ""2022Q4"", ""2023Q1"", ""2023Q2"", ""2023Q3"", ""2023Q4"", ""2024Q1"", ""2024Q2"", ""2024Q3"", ""2024Q4"", ""2025Q1"", ""2025Q2""]",18.388645704090251
NATIVE,M1_CPI_ONLY,2025Q3,H1,2025-07-31 00:00:00,False,0.22418152126538071,14,"[""2022Q1"", ""2022Q2"", ""2022Q3"", ""2022Q4"", ""2023Q1"", ""2023Q2"", ""2023Q3"", ""2023Q4"", ""2024Q1"", ""2024Q2"", ""2024Q3"", ""2024Q4"", ""2025Q1"", ""2025Q2""]",66.264821750360767
NATIVE,M2_NOMINAL_M2_PLUS_CPI,2025Q3,H1,2025-07-31 00:00:00,False,0.26425083726037951,14,"[""2022Q1"", ""2022Q2"", ""2022Q3"", ""2022Q4"", ""2023Q1"", ""2023Q2"", ""2023Q3"", ""2023Q4"", ""2024Q1"", ""2024Q2"", ""2024Q3"", ""2024Q4"", ""2025Q1"", ""2025Q2""]",65.975350312978478
NATIVE,M3_REAL_M2_PLUS_CPI,2025Q3,H1,2025-07-31 00:00:00,False,0.24639544099229552,14,"[""2022Q1"", ""2022Q2"", ""2022Q3"", ""2022Q4"", ""2023Q1"", ""2023Q2"", ""2023Q3"", ""2023Q4"", ""2024Q1"", ""2024Q2"", ""2024Q3"", ""2024Q4"", ""2025Q1"", ""2025Q2""]",66.087360753838581
NATIVE,M4_REAL_M2_ONLY,2025Q3,H1,2025-07-31 00:00:00,False,0.24405288934190156,14,"[""2022Q1"", ""2022Q2"", ""2022Q3"", ""2022Q4"", ""2023Q1"", ""2023Q2"", ""2023Q3"", ""2023Q4"", ""2024Q1"", ""2024Q2"", ""2024Q3"", ""2024Q4"", ""2025Q1"", ""2025Q2""]",54.182465828828988
COMMON,M0_CURRENT_M2,2025Q3,H1,2025-07-31 00:00:00,False,0.23913658779157207,14,"[""2022Q1"", ""2022Q2"", ""2022Q3"", ""2022Q4"", ""2023Q1"", ""2023Q2"", ""2023Q3"", ""2023Q4"", ""2024Q1"", ""2024Q2"", ""2024Q3"", ""2024Q4"", ""2025Q1"", ""2025Q2""]",56.297484838289229
COMMON,M1_CPI_ONLY,2025Q3,H1,2025-07-31 00:00:00,False,0.22418152126538071,14,"[""2022Q1"", ""2022Q2"", ""2022Q3"", ""2022Q4"", ""2023Q1"", ""2023Q2"", ""2023Q3"", ""2023Q4"", ""2024Q1"", ""2024Q2"", ""2024Q3"", ""2024Q4"", ""2025Q1"", ""2025Q2""]",66.264821750360767
COMMON,M2_NOMINAL_M2_PLUS_CPI,2025Q3,H1,2025-07-31 00:00:00,False,0.26425083726037951,14,"[""2022Q1"", ""2022Q2"", ""2022Q3"", ""2022Q4"", ""2023Q1"", ""2023Q2"", ""2023Q3"", ""2023Q4"", ""2024Q1"", ""2024Q2"", ""2024Q3"", ""2024Q4"", ""2025Q1"", ""2025Q2""]",65.975350312978478
COMMON,M3_REAL_M2_PLUS_CPI,2025Q3,H1,2025-07-31 00:00:00,False,0.24639544099229552,14,"[""2022Q1"", ""2022Q2"", ""2022Q3"", ""2022Q4"", ""2023Q1"", ""2023Q2"", ""2023Q3"", ""2023Q4"", ""2024Q1"", ""2024Q2"", ""2024Q3"", ""2024Q4"", ""2025Q1"", ""2025Q2""]",66.087360753838581
COMMON,M4_REAL_M2_ONLY,2025Q3,H1,2025-07-31 00:00:00,False,0.24405288934190156,14,"[""2022Q1"", ""2022Q2"", ""2022Q3"", ""2022Q4"", ""2023Q1"", ""2023Q2"", ""2023Q3"", ""2023Q4"", ""2024Q1"", ""2024Q2"", ""2024Q3"", ""2024Q4"", ""2025Q1"", ""2025Q2""]",54.182465828828988
NATIVE,M0_CURRENT_M2,2025Q3,H2,2025-08-31 00:00:00,False,0.18318731601170798,26,"[""2019Q1"", ""2019Q2"", ""2019Q3"", ""2019Q4"", ""2020Q1"", ""2020Q2"", ""2020Q3"", ""2020Q4"", ""2021Q1"", ""2021Q2"", ""2021Q3"", ""2021Q4"", ""2022Q1"", ""2022Q2"", ""2022Q3"", ""2022Q4"", ""2023Q1"", ""2023Q2"", ""2023Q3"", ""2023Q4"", ""2024Q1"", ""2024Q2"", ""2024Q3"", ""2024Q4"", ""2025Q1"", ""2025Q2""]",18.389373327608045
NATIVE,M1_CPI_ONLY,2025Q3,H2,2025-08-31 00:00:00,False,0.22349119997065195,14,"[""2022Q1"", ""2022Q2"", ""2022Q3"", ""2022Q4"", ""2023Q1"", ""2023Q2"", ""2023Q3"", ""2023Q4"", ""2024Q1"", ""2024Q2"", ""2024Q3"", ""2024Q4"", ""2025Q1"", ""2025Q2""]",66.269528970982421
NATIVE,M2_NOMINAL_M2_PLUS_CPI,2025Q3,H2,2025-08-31 00:00:00,False,0.26424851083486922,14,"[""2022Q1"", ""2022Q2"", ""2022Q3"", ""2022Q4"", ""2023Q1"", ""2023Q2"", ""2023Q3"", ""2023Q4"", ""2024Q1"", ""2024Q2"", ""2024Q3"", ""2024Q4"", ""2025Q1"", ""2025Q2""]",65.953955920308076
NATIVE,M3_REAL_M2_PLUS_CPI,2025Q3,H2,2025-08-31 00:00:00,False,0.2459774037356223,14,"[""2022Q1"", ""2022Q2"", ""2022Q3"", ""2022Q4"", ""2023Q1"", ""2023Q2"", ""2023Q3"", ""2023Q4"", ""2024Q1"", ""2024Q2"", ""2024Q3"", ""2024Q4"", ""2025Q1"", ""2025Q2""]",66.098307625365379
NATIVE,M4_REAL_M2_ONLY,2025Q3,H2,2025-08-31 00:00:00,False,0.24303121755641177,14,"[""2022Q1"", ""2022Q2"", ""2022Q3"", ""2022Q4"", ""2023Q1"", ""2023Q2"", ""2023Q3"", ""2023Q4"", ""2024Q1"", ""2024Q2"", ""2024Q3"", ""2024Q4"", ""2025Q1"", ""2025Q2""]",54.188516908019743
COMMON,M0_CURRENT_M2,2025Q3,H2,2025-08-31 00:00:00,False,0.23847676665289344,14,"[""2022Q1"", ""2022Q2"", ""2022Q3"", ""2022Q4"", ""2023Q1"", ""2023Q2"", ""2023Q3"", ""2023Q4"", ""2024Q1"", ""2024Q2"", ""2024Q3"", ""2024Q4"", ""2025Q1"", ""2025Q2""]",56.304492609053881
COMMON,M1_CPI_ONLY,2025Q3,H2,2025-08-31 00:00:00,False,0.22349119997065195,14,"[""2022Q1"", ""2022Q2"", ""2022Q3"", ""2022Q4"", ""2023Q1"", ""2023Q2"", ""2023Q3"", ""2023Q4"", ""2024Q1"", ""2024Q2"", ""2024Q3"", ""2024Q4"", ""2025Q1"", ""2025Q2""]",66.269528970982421
COMMON,M2_NOMINAL_M2_PLUS_CPI,2025Q3,H2,2025-08-31 00:00:00,False,0.26424851083486922,14,"[""2022Q1"", ""2022Q2"", ""2022Q3"", ""2022Q4"", ""2023Q1"", ""2023Q2"", ""2023Q3"", ""2023Q4"", ""2024Q1"", ""2024Q2"", ""2024Q3"", ""2024Q4"", ""2025Q1"", ""2025Q2""]",65.953955920308076
COMMON,M3_REAL_M2_PLUS_CPI,2025Q3,H2,2025-08-31 00:00:00,False,0.2459774037356223,14,"[""2022Q1"", ""2022Q2"", ""2022Q3"", ""2022Q4"", ""2023Q1"", ""2023Q2"", ""2023Q3"", ""2023Q4"", ""2024Q1"", ""2024Q2"", ""2024Q3"", ""2024Q4"", ""2025Q1"", ""2025Q2""]",66.098307625365379
COMMON,M4_REAL_M2_ONLY,2025Q3,H2,2025-08-31 00:00:00,False,0.24303121755641177,14,"[""2022Q1"", ""2022Q2"", ""2022Q3"", ""2022Q4"", ""2023Q1"", ""2023Q2"", ""2023Q3"", ""2023Q4"", ""2024Q1"", ""2024Q2"", ""2024Q3"", ""2024Q4"", ""2025Q1"", ""2025Q2""]",54.188516908019743
NATIVE,M0_CURRENT_M2,2025Q3,H3,2025-09-30 00:00:00,False,0.18318731601170798,26,"[""2019Q1"", ""2019Q2"", ""2019Q3"", ""2019Q4"", ""2020Q1"", ""2020Q2"", ""2020Q3"", ""2020Q4"", ""2021Q1"", ""2021Q2"", ""2021Q3"", ""2021Q4"", ""2022Q1"", ""2022Q2"", ""2022Q3"", ""2022Q4"", ""2023Q1"", ""2023Q2"", ""2023Q3"", ""2023Q4"", ""2024Q1"", ""2024Q2"", ""2024Q3"", ""2024Q4"", ""2025Q1"", ""2025Q2""]",18.389373327608045
NATIVE,M1_CPI_ONLY,2025Q3,H3,2025-09-30 00:00:00,False,0.22349119997065195,14,"[""2022Q1"", ""2022Q2"", ""2022Q3"", ""2022Q4"", ""2023Q1"", ""2023Q2"", ""2023Q3"", ""2023Q4"", ""2024Q1"", ""2024Q2"", ""2024Q3"", ""2024Q4"", ""2025Q1"", ""2025Q2""]",66.269528970982421
NATIVE,M2_NOMINAL_M2_PLUS_CPI,2025Q3,H3,2025-09-30 00:00:00,False,0.26424851083486922,14,"[""2022Q1"", ""2022Q2"", ""2022Q3"", ""2022Q4"", ""2023Q1"", ""2023Q2"", ""2023Q3"", ""2023Q4"", ""2024Q1"", ""2024Q2"", ""2024Q3"", ""2024Q4"", ""2025Q1"", ""2025Q2""]",65.953955920308076
NATIVE,M3_REAL_M2_PLUS_CPI,2025Q3,H3,2025-09-30 00:00:00,False,0.2459774037356223,14,"[""2022Q1"", ""2022Q2"", ""2022Q3"", ""2022Q4"", ""2023Q1"", ""2023Q2"", ""2023Q3"", ""2023Q4"", ""2024Q1"", ""2024Q2"", ""2024Q3"", ""2024Q4"", ""2025Q1"", ""2025Q2""]",66.098307625365379
NATIVE,M4_REAL_M2_ONLY,2025Q3,H3,2025-09-30 00:00:00,False,0.24303121755641177,14,"[""2022Q1"", ""2022Q2"", ""2022Q3"", ""2022Q4"", ""2023Q1"", ""2023Q2"", ""2023Q3"", ""2023Q4"", ""2024Q1"", ""2024Q2"", ""2024Q3"", ""2024Q4"", ""2025Q1"", ""2025Q2""]",54.188516908019743
COMMON,M0_CURRENT_M2,2025Q3,H3,2025-09-30 00:00:00,False,0.23847676665289344,14,"[""2022Q1"", ""2022Q2"", ""2022Q3"", ""2022Q4"", ""2023Q1"", ""2023Q2"", ""2023Q3"", ""2023Q4"", ""2024Q1"", ""2024Q2"", ""2024Q3"", ""2024Q4"", ""2025Q1"", ""2025Q2""]",56.304492609053881
COMMON,M1_CPI_ONLY,2025Q3,H3,2025-09-30 00:00:00,False,0.22349119997065195,14,"[""2022Q1"", ""2022Q2"", ""2022Q3"", ""2022Q4"", ""2023Q1"", ""2023Q2"", ""2023Q3"", ""2023Q4"", ""2024Q1"", ""2024Q2"", ""2024Q3"", ""2024Q4"", ""2025Q1"", ""2025Q2""]",66.269528970982421
COMMON,M2_NOMINAL_M2_PLUS_CPI,2025Q3,H3,2025-09-30 00:00:00,False,0.26424851083486922,14,"[""2022Q1"", ""2022Q2"", ""2022Q3"", ""2022Q4"", ""2023Q1"", ""2023Q2"", ""2023Q3"", ""2023Q4"", ""2024Q1"", ""2024Q2"", ""2024Q3"", ""2024Q4"", ""2025Q1"", ""2025Q2""]",65.953955920308076
COMMON,M3_REAL_M2_PLUS_CPI,2025Q3,H3,2025-09-30 00:00:00,False,0.2459774037356223,14,"[""2022Q1"", ""2022Q2"", ""2022Q3"", ""2022Q4"", ""2023Q1"", ""2023Q2"", ""2023Q3"", ""2023Q4"", ""2024Q1"", ""2024Q2"", ""2024Q3"", ""2024Q4"", ""2025Q1"", ""2025Q2""]",66.098307625365379
COMMON,M4_REAL_M2_ONLY,2025Q3,H3,2025-09-30 00:00:00,False,0.24303121755641177,14,"[""2022Q1"", ""2022Q2"", ""2022Q3"", ""2022Q4"", ""2023Q1"", ""2023Q2"", ""2023Q3"", ""2023Q4"", ""2024Q1"", ""2024Q2"", ""2024Q3"", ""2024Q4"", ""2025Q1"", ""2025Q2""]",54.188516908019743
NATIVE,M0_CURRENT_M2,2025Q4,H1,2025-10-31 00:00:00,False,0.18692518944637418,27,"[""2019Q1"", ""2019Q2"", ""2019Q3"", ""2019Q4"", ""2020Q1"", ""2020Q2"", ""2020Q3"", ""2020Q4"", ""2021Q1"", ""2021Q2"", ""2021Q3"", ""2021Q4"", ""2022Q1"", ""2022Q2"", ""2022Q3"", ""2022Q4"", ""2023Q1"", ""2023Q2"", ""2023Q3"", ""2023Q4"", ""2024Q1"", ""2024Q2"", ""2024Q3"", ""2024Q4"", ""2025Q1"", ""2025Q2"", ""2025Q3""]",18.93480922433389
NATIVE,M1_CPI_ONLY,2025Q4,H1,2025-10-31 00:00:00,False,0.21677735946861848,15,"[""2022Q1"", ""2022Q2"", ""2022Q3"", ""2022Q4"", ""2023Q1"", ""2023Q2"", ""2023Q3"", ""2023Q4"", ""2024Q1"", ""2024Q2"", ""2024Q3"", ""2024Q4"", ""2025Q1"", ""2025Q2"", ""2025Q3""]",69.724754570795568
NATIVE,M2_NOMINAL_M2_PLUS_CPI,2025Q4,H1,2025-10-31 00:00:00,False,0.24133749685639166,15,"[""2022Q1"", ""2022Q2"", ""2022Q3"", ""2022Q4"", ""2023Q1"", ""2023Q2"", ""2023Q3"", ""2023Q4"", ""2024Q1"", ""2024Q2"", ""2024Q3"", ""2024Q4"", ""2025Q1"", ""2025Q2"", ""2025Q3""]",69.511483644824835
NATIVE,M3_REAL_M2_PLUS_CPI,2025Q4,H1,2025-10-31 00:00:00,False,0.22315872532399872,15,"[""2022Q1"", ""2022Q2"", ""2022Q3"", ""2022Q4"", ""2023Q1"", ""2023Q2"", ""2023Q3"", ""2023Q4"", ""2024Q1"", ""2024Q2"", ""2024Q3"", ""2024Q4"", ""2025Q1"", ""2025Q2"", ""2025Q3""]",69.595707244762252
NATIVE,M4_REAL_M2_ONLY,2025Q4,H1,2025-10-31 00:00:00,False,0.24289228250440592,15,"[""2022Q1"", ""2022Q2"", ""2022Q3"", ""2022Q4"", ""2023Q1"", ""2023Q2"", ""2023Q3"", ""2023Q4"", ""2024Q1"", ""2024Q2"", ""2024Q3"", ""2024Q4"", ""2025Q1"", ""2025Q2"", ""2025Q3""]",52.535219424739523
COMMON,M0_CURRENT_M2,2025Q4,H1,2025-10-31 00:00:00,False,0.24108496458674367,15,"[""2022Q1"", ""2022Q2"", ""2022Q3"", ""2022Q4"", ""2023Q1"", ""2023Q2"", ""2023Q3"", ""2023Q4"", ""2024Q1"", ""2024Q2"", ""2024Q3"", ""2024Q4"", ""2025Q1"", ""2025Q2"", ""2025Q3""]",55.085345150325928
COMMON,M1_CPI_ONLY,2025Q4,H1,2025-10-31 00:00:00,False,0.21677735946861848,15,"[""2022Q1"", ""2022Q2"", ""2022Q3"", ""2022Q4"", ""2023Q1"", ""2023Q2"", ""2023Q3"", ""2023Q4"", ""2024Q1"", ""2024Q2"", ""2024Q3"", ""2024Q4"", ""2025Q1"", ""2025Q2"", ""2025Q3""]",69.724754570795568
COMMON,M2_NOMINAL_M2_PLUS_CPI,2025Q4,H1,2025-10-31 00:00:00,False,0.24133749685639166,15,"[""2022Q1"", ""2022Q2"", ""2022Q3"", ""2022Q4"", ""2023Q1"", ""2023Q2"", ""2023Q3"", ""2023Q4"", ""2024Q1"", ""2024Q2"", ""2024Q3"", ""2024Q4"", ""2025Q1"", ""2025Q2"", ""2025Q3""]",69.511483644824835
COMMON,M3_REAL_M2_PLUS_CPI,2025Q4,H1,2025-10-31 00:00:00,False,0.22315872532399872,15,"[""2022Q1"", ""2022Q2"", ""2022Q3"", ""2022Q4"", ""2023Q1"", ""2023Q2"", ""2023Q3"", ""2023Q4"", ""2024Q1"", ""2024Q2"", ""2024Q3"", ""2024Q4"", ""2025Q1"", ""2025Q2"", ""2025Q3""]",69.595707244762252
COMMON,M4_REAL_M2_ONLY,2025Q4,H1,2025-10-31 00:00:00,False,0.24289228250440592,15,"[""2022Q1"", ""2022Q2"", ""2022Q3"", ""2022Q4"", ""2023Q1"", ""2023Q2"", ""2023Q3"", ""2023Q4"", ""2024Q1"", ""2024Q2"", ""2024Q3"", ""2024Q4"", ""2025Q1"", ""2025Q2"", ""2025Q3""]",52.535219424739523
NATIVE,M0_CURRENT_M2,2025Q4,H2,2025-11-30 00:00:00,False,0.18700435697190718,27,"[""2019Q1"", ""2019Q2"", ""2019Q3"", ""2019Q4"", ""2020Q1"", ""2020Q2"", ""2020Q3"", ""2020Q4"", ""2021Q1"", ""2021Q2"", ""2021Q3"", ""2021Q4"", ""2022Q1"", ""2022Q2"", ""2022Q3"", ""2022Q4"", ""2023Q1"", ""2023Q2"", ""2023Q3"", ""2023Q4"", ""2024Q1"", ""2024Q2"", ""2024Q3"", ""2024Q4"", ""2025Q1"", ""2025Q2"", ""2025Q3""]",18.935499048028795
NATIVE,M1_CPI_ONLY,2025Q4,H2,2025-11-30 00:00:00,False,0.21578450534510651,15,"[""2022Q1"", ""2022Q2"", ""2022Q3"", ""2022Q4"", ""2023Q1"", ""2023Q2"", ""2023Q3"", ""2023Q4"", ""2024Q1"", ""2024Q2"", ""2024Q3"", ""2024Q4"", ""2025Q1"", ""2025Q2"", ""2025Q3""]",69.734685819894011
NATIVE,M2_NOMINAL_M2_PLUS_CPI,2025Q4,H2,2025-11-30 00:00:00,False,0.24073866326478482,15,"[""2022Q1"", ""2022Q2"", ""2022Q3"", ""2022Q4"", ""2023Q1"", ""2023Q2"", ""2023Q3"", ""2023Q4"", ""2024Q1"", ""2024Q2"", ""2024Q3"", ""2024Q4"", ""2025Q1"", ""2025Q2"", ""2025Q3""]",69.511549973897047
NATIVE,M3_REAL_M2_PLUS_CPI,2025Q4,H2,2025-11-30 00:00:00,False,0.22241271585865563,15,"[""2022Q1"", ""2022Q2"", ""2022Q3"", ""2022Q4"", ""2023Q1"", ""2023Q2"", ""2023Q3"", ""2023Q4"", ""2024Q1"", ""2024Q2"", ""2024Q3"", ""2024Q4"", ""2025Q1"", ""2025Q2"", ""2025Q3""]",69.606630574834853
NATIVE,M4_REAL_M2_ONLY,2025Q4,H2,2025-11-30 00:00:00,False,0.24231545119744846,15,"[""2022Q1"", ""2022Q2"", ""2022Q3"", ""2022Q4"", ""2023Q1"", ""2023Q2"", ""2023Q3"", ""2023Q4"", ""2024Q1"", ""2024Q2"", ""2024Q3"", ""2024Q4"", ""2025Q1"", ""2025Q2"", ""2025Q3""]",52.538811540198765
COMMON,M0_CURRENT_M2,2025Q4,H2,2025-11-30 00:00:00,False,0.24067377930373035,15,"[""2022Q1"", ""2022Q2"", ""2022Q3"", ""2022Q4"", ""2023Q1"", ""2023Q2"", ""2023Q3"", ""2023Q4"", ""2024Q1"", ""2024Q2"", ""2024Q3"", ""2024Q4"", ""2025Q1"", ""2025Q2"", ""2025Q3""]",55.091266327625036
COMMON,M1_CPI_ONLY,2025Q4,H2,2025-11-30 00:00:00,False,0.21578450534510651,15,"[""2022Q1"", ""2022Q2"", ""2022Q3"", ""2022Q4"", ""2023Q1"", ""2023Q2"", ""2023Q3"", ""2023Q4"", ""2024Q1"", ""2024Q2"", ""2024Q3"", ""2024Q4"", ""2025Q1"", ""2025Q2"", ""2025Q3""]",69.734685819894011
COMMON,M2_NOMINAL_M2_PLUS_CPI,2025Q4,H2,2025-11-30 00:00:00,False,0.24073866326478482,15,"[""2022Q1"", ""2022Q2"", ""2022Q3"", ""2022Q4"", ""2023Q1"", ""2023Q2"", ""2023Q3"", ""2023Q4"", ""2024Q1"", ""2024Q2"", ""2024Q3"", ""2024Q4"", ""2025Q1"", ""2025Q2"", ""2025Q3""]",69.511549973897047
COMMON,M3_REAL_M2_PLUS_CPI,2025Q4,H2,2025-11-30 00:00:00,False,0.22241271585865563,15,"[""2022Q1"", ""2022Q2"", ""2022Q3"", ""2022Q4"", ""2023Q1"", ""2023Q2"", ""2023Q3"", ""2023Q4"", ""2024Q1"", ""2024Q2"", ""2024Q3"", ""2024Q4"", ""2025Q1"", ""2025Q2"", ""2025Q3""]",69.606630574834853
COMMON,M4_REAL_M2_ONLY,2025Q4,H2,2025-11-30 00:00:00,False,0.24231545119744846,15,"[""2022Q1"", ""2022Q2"", ""2022Q3"", ""2022Q4"", ""2023Q1"", ""2023Q2"", ""2023Q3"", ""2023Q4"", ""2024Q1"", ""2024Q2"", ""2024Q3"", ""2024Q4"", ""2025Q1"", ""2025Q2"", ""2025Q3""]",52.538811540198765
NATIVE,M0_CURRENT_M2,2025Q4,H3,2025-12-31 00:00:00,False,0.18700435697190718,27,"[""2019Q1"", ""2019Q2"", ""2019Q3"", ""2019Q4"", ""2020Q1"", ""2020Q2"", ""2020Q3"", ""2020Q4"", ""2021Q1"", ""2021Q2"", ""2021Q3"", ""2021Q4"", ""2022Q1"", ""2022Q2"", ""2022Q3"", ""2022Q4"", ""2023Q1"", ""2023Q2"", ""2023Q3"", ""2023Q4"", ""2024Q1"", ""2024Q2"", ""2024Q3"", ""2024Q4"", ""2025Q1"", ""2025Q2"", ""2025Q3""]",18.935499048028795
NATIVE,M1_CPI_ONLY,2025Q4,H3,2025-12-31 00:00:00,False,0.21578450534510651,15,"[""2022Q1"", ""2022Q2"", ""2022Q3"", ""2022Q4"", ""2023Q1"", ""2023Q2"", ""2023Q3"", ""2023Q4"", ""2024Q1"", ""2024Q2"", ""2024Q3"", ""2024Q4"", ""2025Q1"", ""2025Q2"", ""2025Q3""]",69.734685819894011
NATIVE,M2_NOMINAL_M2_PLUS_CPI,2025Q4,H3,2025-12-31 00:00:00,False,0.24073866326478482,15,"[""2022Q1"", ""2022Q2"", ""2022Q3"", ""2022Q4"", ""2023Q1"", ""2023Q2"", ""2023Q3"", ""2023Q4"", ""2024Q1"", ""2024Q2"", ""2024Q3"", ""2024Q4"", ""2025Q1"", ""2025Q2"", ""2025Q3""]",69.511549973897047
NATIVE,M3_REAL_M2_PLUS_CPI,2025Q4,H3,2025-12-31 00:00:00,False,0.22241271585865563,15,"[""2022Q1"", ""2022Q2"", ""2022Q3"", ""2022Q4"", ""2023Q1"", ""2023Q2"", ""2023Q3"", ""2023Q4"", ""2024Q1"", ""2024Q2"", ""2024Q3"", ""2024Q4"", ""2025Q1"", ""2025Q2"", ""2025Q3""]",69.606630574834853
NATIVE,M4_REAL_M2_ONLY,2025Q4,H3,2025-12-31 00:00:00,False,0.24231545119744846,15,"[""2022Q1"", ""2022Q2"", ""2022Q3"", ""2022Q4"", ""2023Q1"", ""2023Q2"", ""2023Q3"", ""2023Q4"", ""2024Q1"", ""2024Q2"", ""2024Q3"", ""2024Q4"", ""2025Q1"", ""2025Q2"", ""2025Q3""]",52.538811540198765
COMMON,M0_CURRENT_M2,2025Q4,H3,2025-12-31 00:00:00,False,0.24067377930373035,15,"[""2022Q1"", ""2022Q2"", ""2022Q3"", ""2022Q4"", ""2023Q1"", ""2023Q2"", ""2023Q3"", ""2023Q4"", ""2024Q1"", ""2024Q2"", ""2024Q3"", ""2024Q4"", ""2025Q1"", ""2025Q2"", ""2025Q3""]",55.091266327625036
COMMON,M1_CPI_ONLY,2025Q4,H3,2025-12-31 00:00:00,False,0.21578450534510651,15,"[""2022Q1"", ""2022Q2"", ""2022Q3"", ""2022Q4"", ""2023Q1"", ""2023Q2"", ""2023Q3"", ""2023Q4"", ""2024Q1"", ""2024Q2"", ""2024Q3"", ""2024Q4"", ""2025Q1"", ""2025Q2"", ""2025Q3""]",69.734685819894011
COMMON,M2_NOMINAL_M2_PLUS_CPI,2025Q4,H3,2025-12-31 00:00:00,False,0.24073866326478482,15,"[""2022Q1"", ""2022Q2"", ""2022Q3"", ""2022Q4"", ""2023Q1"", ""2023Q2"", ""2023Q3"", ""2023Q4"", ""2024Q1"", ""2024Q2"", ""2024Q3"", ""2024Q4"", ""2025Q1"", ""2025Q2"", ""2025Q3""]",69.511549973897047
COMMON,M3_REAL_M2_PLUS_CPI,2025Q4,H3,2025-12-31 00:00:00,False,0.22241271585865563,15,"[""2022Q1"", ""2022Q2"", ""2022Q3"", ""2022Q4"", ""2023Q1"", ""2023Q2"", ""2023Q3"", ""2023Q4"", ""2024Q1"", ""2024Q2"", ""2024Q3"", ""2024Q4"", ""2025Q1"", ""2025Q2"", ""2025Q3""]",69.606630574834853
COMMON,M4_REAL_M2_ONLY,2025Q4,H3,2025-12-31 00:00:00,False,0.24231545119744846,15,"[""2022Q1"", ""2022Q2"", ""2022Q3"", ""2022Q4"", ""2023Q1"", ""2023Q2"", ""2023Q3"", ""2023Q4"", ""2024Q1"", ""2024Q2"", ""2024Q3"", ""2024Q4"", ""2025Q1"", ""2025Q2"", ""2025Q3""]",52.538811540198765
NATIVE,M0_CURRENT_M2,2026Q1,H1,2026-01-31 00:00:00,False,0.19282245475844167,28,"[""2019Q1"", ""2019Q2"", ""2019Q3"", ""2019Q4"", ""2020Q1"", ""2020Q2"", ""2020Q3"", ""2020Q4"", ""2021Q1"", ""2021Q2"", ""2021Q3"", ""2021Q4"", ""2022Q1"", ""2022Q2"", ""2022Q3"", ""2022Q4"", ""2023Q1"", ""2023Q2"", ""2023Q3"", ""2023Q4"", ""2024Q1"", ""2024Q2"", ""2024Q3"", ""2024Q4"", ""2025Q1"", ""2025Q2"", ""2025Q3"", ""2025Q4""]",19.586847159908974
NATIVE,M1_CPI_ONLY,2026Q1,H1,2026-01-31 00:00:00,False,0.22136025282681637,16,"[""2022Q1"", ""2022Q2"", ""2022Q3"", ""2022Q4"", ""2023Q1"", ""2023Q2"", ""2023Q3"", ""2023Q4"", ""2024Q1"", ""2024Q2"", ""2024Q3"", ""2024Q4"", ""2025Q1"", ""2025Q2"", ""2025Q3"", ""2025Q4""]",69.236462524417462
NATIVE,M2_NOMINAL_M2_PLUS_CPI,2026Q1,H1,2026-01-31 00:00:00,False,0.22040696728720499,16,"[""2022Q1"", ""2022Q2"", ""2022Q3"", ""2022Q4"", ""2023Q1"", ""2023Q2"", ""2023Q3"", ""2023Q4"", ""2024Q1"", ""2024Q2"", ""2024Q3"", ""2024Q4"", ""2025Q1"", ""2025Q2"", ""2025Q3"", ""2025Q4""]",69.212684839672164
NATIVE,M3_REAL_M2_PLUS_CPI,2026Q1,H1,2026-01-31 00:00:00,False,0.23709014650267932,16,"[""2022Q1"", ""2022Q2"", ""2022Q3"", ""2022Q4"", ""2023Q1"", ""2023Q2"", ""2023Q3"", ""2023Q4"", ""2024Q1"", ""2024Q2"", ""2024Q3"", ""2024Q4"", ""2025Q1"", ""2025Q2"", ""2025Q3"", ""2025Q4""]",49.466268543435788
NATIVE,M4_REAL_M2_ONLY,2026Q1,H1,2026-01-31 00:00:00,False,0.25775943179074107,16,"[""2022Q1"", ""2022Q2"", ""2022Q3"", ""2022Q4"", ""2023Q1"", ""2023Q2"", ""2023Q3"", ""2023Q4"", ""2024Q1"", ""2024Q2"", ""2024Q3"", ""2024Q4"", ""2025Q1"", ""2025Q2"", ""2025Q3"", ""2025Q4""]",49.240932192284269
COMMON,M0_CURRENT_M2,2026Q1,H1,2026-01-31 00:00:00,False,0.24008244491848602,16,"[""2022Q1"", ""2022Q2"", ""2022Q3"", ""2022Q4"", ""2023Q1"", ""2023Q2"", ""2023Q3"", ""2023Q4"", ""2024Q1"", ""2024Q2"", ""2024Q3"", ""2024Q4"", ""2025Q1"", ""2025Q2"", ""2025Q3"", ""2025Q4""]",50.870916960619049
COMMON,M1_CPI_ONLY,2026Q1,H1,2026-01-31 00:00:00,False,0.22136025282681637,16,"[""2022Q1"", ""2022Q2"", ""2022Q3"", ""2022Q4"", ""2023Q1"", ""2023Q2"", ""2023Q3"", ""2023Q4"", ""2024Q1"", ""2024Q2"", ""2024Q3"", ""2024Q4"", ""2025Q1"", ""2025Q2"", ""2025Q3"", ""2025Q4""]",69.236462524417462
COMMON,M2_NOMINAL_M2_PLUS_CPI,2026Q1,H1,2026-01-31 00:00:00,False,0.22040696728720499,16,"[""2022Q1"", ""2022Q2"", ""2022Q3"", ""2022Q4"", ""2023Q1"", ""2023Q2"", ""2023Q3"", ""2023Q4"", ""2024Q1"", ""2024Q2"", ""2024Q3"", ""2024Q4"", ""2025Q1"", ""2025Q2"", ""2025Q3"", ""2025Q4""]",69.212684839672164
COMMON,M3_REAL_M2_PLUS_CPI,2026Q1,H1,2026-01-31 00:00:00,False,0.23709014650267932,16,"[""2022Q1"", ""2022Q2"", ""2022Q3"", ""2022Q4"", ""2023Q1"", ""2023Q2"", ""2023Q3"", ""2023Q4"", ""2024Q1"", ""2024Q2"", ""2024Q3"", ""2024Q4"", ""2025Q1"", ""2025Q2"", ""2025Q3"", ""2025Q4""]",49.466268543435788
COMMON,M4_REAL_M2_ONLY,2026Q1,H1,2026-01-31 00:00:00,False,0.25775943179074107,16,"[""2022Q1"", ""2022Q2"", ""2022Q3"", ""2022Q4"", ""2023Q1"", ""2023Q2"", ""2023Q3"", ""2023Q4"", ""2024Q1"", ""2024Q2"", ""2024Q3"", ""2024Q4"", ""2025Q1"", ""2025Q2"", ""2025Q3"", ""2025Q4""]",49.240932192284269
NATIVE,M0_CURRENT_M2,2026Q1,H2,2026-02-28 00:00:00,False,0.19294970920498419,28,"[""2019Q1"", ""2019Q2"", ""2019Q3"", ""2019Q4"", ""2020Q1"", ""2020Q2"", ""2020Q3"", ""2020Q4"", ""2021Q1"", ""2021Q2"", ""2021Q3"", ""2021Q4"", ""2022Q1"", ""2022Q2"", ""2022Q3"", ""2022Q4"", ""2023Q1"", ""2023Q2"", ""2023Q3"", ""2023Q4"", ""2024Q1"", ""2024Q2"", ""2024Q3"", ""2024Q4"", ""2025Q1"", ""2025Q2"", ""2025Q3"", ""2025Q4""]",19.587722586864189
NATIVE,M1_CPI_ONLY,2026Q1,H2,2026-02-28 00:00:00,False,0.21987641113670497,16,"[""2022Q1"", ""2022Q2"", ""2022Q3"", ""2022Q4"", ""2023Q1"", ""2023Q2"", ""2023Q3"", ""2023Q4"", ""2024Q1"", ""2024Q2"", ""2024Q3"", ""2024Q4"", ""2025Q1"", ""2025Q2"", ""2025Q3"", ""2025Q4""]",69.249066036213975
NATIVE,M2_NOMINAL_M2_PLUS_CPI,2026Q1,H2,2026-02-28 00:00:00,False,0.21916946957069985,16,"[""2022Q1"", ""2022Q2"", ""2022Q3"", ""2022Q4"", ""2023Q1"", ""2023Q2"", ""2023Q3"", ""2023Q4"", ""2024Q1"", ""2024Q2"", ""2024Q3"", ""2024Q4"", ""2025Q1"", ""2025Q2"", ""2025Q3"", ""2025Q4""]",69.228641162876031
NATIVE,M3_REAL_M2_PLUS_CPI,2026Q1,H2,2026-02-28 00:00:00,False,0.23642176078395843,16,"[""2022Q1"", ""2022Q2"", ""2022Q3"", ""2022Q4"", ""2023Q1"", ""2023Q2"", ""2023Q3"", ""2023Q4"", ""2024Q1"", ""2024Q2"", ""2024Q3"", ""2024Q4"", ""2025Q1"", ""2025Q2"", ""2025Q3"", ""2025Q4""]",49.464642551591112
NATIVE,M4_REAL_M2_ONLY,2026Q1,H2,2026-02-28 00:00:00,False,0.25706896082863134,16,"[""2022Q1"", ""2022Q2"", ""2022Q3"", ""2022Q4"", ""2023Q1"", ""2023Q2"", ""2023Q3"", ""2023Q4"", ""2024Q1"", ""2024Q2"", ""2024Q3"", ""2024Q4"", ""2025Q1"", ""2025Q2"", ""2025Q3"", ""2025Q4""]",49.238263857804171
COMMON,M0_CURRENT_M2,2026Q1,H2,2026-02-28 00:00:00,False,0.23942989481485813,16,"[""2022Q1"", ""2022Q2"", ""2022Q3"", ""2022Q4"", ""2023Q1"", ""2023Q2"", ""2023Q3"", ""2023Q4"", ""2024Q1"", ""2024Q2"", ""2024Q3"", ""2024Q4"", ""2025Q1"", ""2025Q2"", ""2025Q3"", ""2025Q4""]",50.873195197270121
COMMON,M1_CPI_ONLY,2026Q1,H2,2026-02-28 00:00:00,False,0.21987641113670497,16,"[""2022Q1"", ""2022Q2"", ""2022Q3"", ""2022Q4"", ""2023Q1"", ""2023Q2"", ""2023Q3"", ""2023Q4"", ""2024Q1"", ""2024Q2"", ""2024Q3"", ""2024Q4"", ""2025Q1"", ""2025Q2"", ""2025Q3"", ""2025Q4""]",69.249066036213975
COMMON,M2_NOMINAL_M2_PLUS_CPI,2026Q1,H2,2026-02-28 00:00:00,False,0.21916946957069985,16,"[""2022Q1"", ""2022Q2"", ""2022Q3"", ""2022Q4"", ""2023Q1"", ""2023Q2"", ""2023Q3"", ""2023Q4"", ""2024Q1"", ""2024Q2"", ""2024Q3"", ""2024Q4"", ""2025Q1"", ""2025Q2"", ""2025Q3"", ""2025Q4""]",69.228641162876031
COMMON,M3_REAL_M2_PLUS_CPI,2026Q1,H2,2026-02-28 00:00:00,False,0.23642176078395843,16,"[""2022Q1"", ""2022Q2"", ""2022Q3"", ""2022Q4"", ""2023Q1"", ""2023Q2"", ""2023Q3"", ""2023Q4"", ""2024Q1"", ""2024Q2"", ""2024Q3"", ""2024Q4"", ""2025Q1"", ""2025Q2"", ""2025Q3"", ""2025Q4""]",49.464642551591112
COMMON,M4_REAL_M2_ONLY,2026Q1,H2,2026-02-28 00:00:00,False,0.25706896082863134,16,"[""2022Q1"", ""2022Q2"", ""2022Q3"", ""2022Q4"", ""2023Q1"", ""2023Q2"", ""2023Q3"", ""2023Q4"", ""2024Q1"", ""2024Q2"", ""2024Q3"", ""2024Q4"", ""2025Q1"", ""2025Q2"", ""2025Q3"", ""2025Q4""]",49.238263857804171
NATIVE,M0_CURRENT_M2,2026Q1,H3,2026-03-31 00:00:00,False,0.19294970920498419,28,"[""2019Q1"", ""2019Q2"", ""2019Q3"", ""2019Q4"", ""2020Q1"", ""2020Q2"", ""2020Q3"", ""2020Q4"", ""2021Q1"", ""2021Q2"", ""2021Q3"", ""2021Q4"", ""2022Q1"", ""2022Q2"", ""2022Q3"", ""2022Q4"", ""2023Q1"", ""2023Q2"", ""2023Q3"", ""2023Q4"", ""2024Q1"", ""2024Q2"", ""2024Q3"", ""2024Q4"", ""2025Q1"", ""2025Q2"", ""2025Q3"", ""2025Q4""]",19.587722586864189
NATIVE,M1_CPI_ONLY,2026Q1,H3,2026-03-31 00:00:00,False,0.21987641113670497,16,"[""2022Q1"", ""2022Q2"", ""2022Q3"", ""2022Q4"", ""2023Q1"", ""2023Q2"", ""2023Q3"", ""2023Q4"", ""2024Q1"", ""2024Q2"", ""2024Q3"", ""2024Q4"", ""2025Q1"", ""2025Q2"", ""2025Q3"", ""2025Q4""]",69.249066036213975
NATIVE,M2_NOMINAL_M2_PLUS_CPI,2026Q1,H3,2026-03-31 00:00:00,False,0.21916946957069985,16,"[""2022Q1"", ""2022Q2"", ""2022Q3"", ""2022Q4"", ""2023Q1"", ""2023Q2"", ""2023Q3"", ""2023Q4"", ""2024Q1"", ""2024Q2"", ""2024Q3"", ""2024Q4"", ""2025Q1"", ""2025Q2"", ""2025Q3"", ""2025Q4""]",69.228641162876031
NATIVE,M3_REAL_M2_PLUS_CPI,2026Q1,H3,2026-03-31 00:00:00,False,0.23642176078395843,16,"[""2022Q1"", ""2022Q2"", ""2022Q3"", ""2022Q4"", ""2023Q1"", ""2023Q2"", ""2023Q3"", ""2023Q4"", ""2024Q1"", ""2024Q2"", ""2024Q3"", ""2024Q4"", ""2025Q1"", ""2025Q2"", ""2025Q3"", ""2025Q4""]",49.464642551591112
NATIVE,M4_REAL_M2_ONLY,2026Q1,H3,2026-03-31 00:00:00,False,0.25706896082863134,16,"[""2022Q1"", ""2022Q2"", ""2022Q3"", ""2022Q4"", ""2023Q1"", ""2023Q2"", ""2023Q3"", ""2023Q4"", ""2024Q1"", ""2024Q2"", ""2024Q3"", ""2024Q4"", ""2025Q1"", ""2025Q2"", ""2025Q3"", ""2025Q4""]",49.238263857804171
COMMON,M0_CURRENT_M2,2026Q1,H3,2026-03-31 00:00:00,False,0.23942989481485813,16,"[""2022Q1"", ""2022Q2"", ""2022Q3"", ""2022Q4"", ""2023Q1"", ""2023Q2"", ""2023Q3"", ""2023Q4"", ""2024Q1"", ""2024Q2"", ""2024Q3"", ""2024Q4"", ""2025Q1"", ""2025Q2"", ""2025Q3"", ""2025Q4""]",50.873195197270121
COMMON,M1_CPI_ONLY,2026Q1,H3,2026-03-31 00:00:00,False,0.21987641113670497,16,"[""2022Q1"", ""2022Q2"", ""2022Q3"", ""2022Q4"", ""2023Q1"", ""2023Q2"", ""2023Q3"", ""2023Q4"", ""2024Q1"", ""2024Q2"", ""2024Q3"", ""2024Q4"", ""2025Q1"", ""2025Q2"", ""2025Q3"", ""2025Q4""]",69.249066036213975
COMMON,M2_NOMINAL_M2_PLUS_CPI,2026Q1,H3,2026-03-31 00:00:00,False,0.21916946957069985,16,"[""2022Q1"", ""2022Q2"", ""2022Q3"", ""2022Q4"", ""2023Q1"", ""2023Q2"", ""2023Q3"", ""2023Q4"", ""2024Q1"", ""2024Q2"", ""2024Q3"", ""2024Q4"", ""2025Q1"", ""2025Q2"", ""2025Q3"", ""2025Q4""]",69.228641162876031
COMMON,M3_REAL_M2_PLUS_CPI,2026Q1,H3,2026-03-31 00:00:00,False,0.23642176078395843,16,"[""2022Q1"", ""2022Q2"", ""2022Q3"", ""2022Q4"", ""2023Q1"", ""2023Q2"", ""2023Q3"", ""2023Q4"", ""2024Q1"", ""2024Q2"", ""2024Q3"", ""2024Q4"", ""2025Q1"", ""2025Q2"", ""2025Q3"", ""2025Q4""]",49.464642551591112
COMMON,M4_REAL_M2_ONLY,2026Q1,H3,2026-03-31 00:00:00,False,0.25706896082863134,16,"[""2022Q1"", ""2022Q2"", ""2022Q3"", ""2022Q4"", ""2023Q1"", ""2023Q2"", ""2023Q3"", ""2023Q4"", ""2024Q1"", ""2024Q2"", ""2024Q3"", ""2024Q4"", ""2025Q1"", ""2025Q2"", ""2025Q3"", ""2025Q4""]",49.238263857804171
NATIVE,M0_CURRENT_M2,2026Q2,H1,2026-04-30 00:00:00,False,0.19135861089693443,29,"[""2019Q1"", ""2019Q2"", ""2019Q3"", ""2019Q4"", ""2020Q1"", ""2020Q2"", ""2020Q3"", ""2020Q4"", ""2021Q1"", ""2021Q2"", ""2021Q3"", ""2021Q4"", ""2022Q1"", ""2022Q2"", ""2022Q3"", ""2022Q4"", ""2023Q1"", ""2023Q2"", ""2023Q3"", ""2023Q4"", ""2024Q1"", ""2024Q2"", ""2024Q3"", ""2024Q4"", ""2025Q1"", ""2025Q2"", ""2025Q3"", ""2025Q4"", ""2026Q1""]",20.261991213801682
NATIVE,M1_CPI_ONLY,2026Q2,H1,2026-04-30 00:00:00,False,0.21798604080817427,17,"[""2022Q1"", ""2022Q2"", ""2022Q3"", ""2022Q4"", ""2023Q1"", ""2023Q2"", ""2023Q3"", ""2023Q4"", ""2024Q1"", ""2024Q2"", ""2024Q3"", ""2024Q4"", ""2025Q1"", ""2025Q2"", ""2025Q3"", ""2025Q4"", ""2026Q1""]",72.880899158162407
NATIVE,M2_NOMINAL_M2_PLUS_CPI,2026Q2,H1,2026-04-30 00:00:00,False,0.20144203404096908,17,"[""2022Q1"", ""2022Q2"", ""2022Q3"", ""2022Q4"", ""2023Q1"", ""2023Q2"", ""2023Q3"", ""2023Q4"", ""2024Q1"", ""2024Q2"", ""2024Q3"", ""2024Q4"", ""2025Q1"", ""2025Q2"", ""2025Q3"", ""2025Q4"", ""2026Q1""]",72.87600756361654
NATIVE,M3_REAL_M2_PLUS_CPI,2026Q2,H1,2026-04-30 00:00:00,False,0.20834712494675481,17,"[""2022Q1"", ""2022Q2"", ""2022Q3"", ""2022Q4"", ""2023Q1"", ""2023Q2"", ""2023Q3"", ""2023Q4"", ""2024Q1"", ""2024Q2"", ""2024Q3"", ""2024Q4"", ""2025Q1"", ""2025Q2"", ""2025Q3"", ""2025Q4"", ""2026Q1""]",48.820760416868637
NATIVE,M4_REAL_M2_ONLY,2026Q2,H1,2026-04-30 00:00:00,False,0.23307132001987269,17,"[""2022Q1"", ""2022Q2"", ""2022Q3"", ""2022Q4"", ""2023Q1"", ""2023Q2"", ""2023Q3"", ""2023Q4"", ""2024Q1"", ""2024Q2"", ""2024Q3"", ""2024Q4"", ""2025Q1"", ""2025Q2"", ""2025Q3"", ""2025Q4"", ""2026Q1""]",48.820731225866766
COMMON,M0_CURRENT_M2,2026Q2,H1,2026-04-30 00:00:00,False,0.2286403862931842,17,"[""2022Q1"", ""2022Q2"", ""2022Q3"", ""2022Q4"", ""2023Q1"", ""2023Q2"", ""2023Q3"", ""2023Q4"", ""2024Q1"", ""2024Q2"", ""2024Q3"", ""2024Q4"", ""2025Q1"", ""2025Q2"", ""2025Q3"", ""2025Q4"", ""2026Q1""]",49.441567736798532
COMMON,M1_CPI_ONLY,2026Q2,H1,2026-04-30 00:00:00,False,0.21798604080817427,17,"[""2022Q1"", ""2022Q2"", ""2022Q3"", ""2022Q4"", ""2023Q1"", ""2023Q2"", ""2023Q3"", ""2023Q4"", ""2024Q1"", ""2024Q2"", ""2024Q3"", ""2024Q4"", ""2025Q1"", ""2025Q2"", ""2025Q3"", ""2025Q4"", ""2026Q1""]",72.880899158162407
COMMON,M2_NOMINAL_M2_PLUS_CPI,2026Q2,H1,2026-04-30 00:00:00,False,0.20144203404096908,17,"[""2022Q1"", ""2022Q2"", ""2022Q3"", ""2022Q4"", ""2023Q1"", ""2023Q2"", ""2023Q3"", ""2023Q4"", ""2024Q1"", ""2024Q2"", ""2024Q3"", ""2024Q4"", ""2025Q1"", ""2025Q2"", ""2025Q3"", ""2025Q4"", ""2026Q1""]",72.87600756361654
COMMON,M3_REAL_M2_PLUS_CPI,2026Q2,H1,2026-04-30 00:00:00,False,0.20834712494675481,17,"[""2022Q1"", ""2022Q2"", ""2022Q3"", ""2022Q4"", ""2023Q1"", ""2023Q2"", ""2023Q3"", ""2023Q4"", ""2024Q1"", ""2024Q2"", ""2024Q3"", ""2024Q4"", ""2025Q1"", ""2025Q2"", ""2025Q3"", ""2025Q4"", ""2026Q1""]",48.820760416868637
COMMON,M4_REAL_M2_ONLY,2026Q2,H1,2026-04-30 00:00:00,False,0.23307132001987269,17,"[""2022Q1"", ""2022Q2"", ""2022Q3"", ""2022Q4"", ""2023Q1"", ""2023Q2"", ""2023Q3"", ""2023Q4"", ""2024Q1"", ""2024Q2"", ""2024Q3"", ""2024Q4"", ""2025Q1"", ""2025Q2"", ""2025Q3"", ""2025Q4"", ""2026Q1""]",48.820731225866766
NATIVE,M0_CURRENT_M2,2026Q2,H2,2026-05-31 00:00:00,False,0.1916903151601253,29,"[""2019Q1"", ""2019Q2"", ""2019Q3"", ""2019Q4"", ""2020Q1"", ""2020Q2"", ""2020Q3"", ""2020Q4"", ""2021Q1"", ""2021Q2"", ""2021Q3"", ""2021Q4"", ""2022Q1"", ""2022Q2"", ""2022Q3"", ""2022Q4"", ""2023Q1"", ""2023Q2"", ""2023Q3"", ""2023Q4"", ""2024Q1"", ""2024Q2"", ""2024Q3"", ""2024Q4"", ""2025Q1"", ""2025Q2"", ""2025Q3"", ""2025Q4"", ""2026Q1""]",20.263625250575632
NATIVE,M1_CPI_ONLY,2026Q2,H2,2026-05-31 00:00:00,False,0.21816770018244683,17,"[""2022Q1"", ""2022Q2"", ""2022Q3"", ""2022Q4"", ""2023Q1"", ""2023Q2"", ""2023Q3"", ""2023Q4"", ""2024Q1"", ""2024Q2"", ""2024Q3"", ""2024Q4"", ""2025Q1"", ""2025Q2"", ""2025Q3"", ""2025Q4"", ""2026Q1""]",72.884735050340112
NATIVE,M2_NOMINAL_M2_PLUS_CPI,2026Q2,H2,2026-05-31 00:00:00,False,0.20161405702799085,17,"[""2022Q1"", ""2022Q2"", ""2022Q3"", ""2022Q4"", ""2023Q1"", ""2023Q2"", ""2023Q3"", ""2023Q4"", ""2024Q1"", ""2024Q2"", ""2024Q3"", ""2024Q4"", ""2025Q1"", ""2025Q2"", ""2025Q3"", ""2025Q4"", ""2026Q1""]",72.879858234918061
NATIVE,M3_REAL_M2_PLUS_CPI,2026Q2,H2,2026-05-31 00:00:00,False,0.20728698063825343,17,"[""2022Q1"", ""2022Q2"", ""2022Q3"", ""2022Q4"", ""2023Q1"", ""2023Q2"", ""2023Q3"", ""2023Q4"", ""2024Q1"", ""2024Q2"", ""2024Q3"", ""2024Q4"", ""2025Q1"", ""2025Q2"", ""2025Q3"", ""2025Q4"", ""2026Q1""]",48.820715028613115
NATIVE,M4_REAL_M2_ONLY,2026Q2,H2,2026-05-31 00:00:00,False,0.23186239673458606,17,"[""2022Q1"", ""2022Q2"", ""2022Q3"", ""2022Q4"", ""2023Q1"", ""2023Q2"", ""2023Q3"", ""2023Q4"", ""2024Q1"", ""2024Q2"", ""2024Q3"", ""2024Q4"", ""2025Q1"", ""2025Q2"", ""2025Q3"", ""2025Q4"", ""2026Q1""]",48.820698237413929
COMMON,M0_CURRENT_M2,2026Q2,H2,2026-05-31 00:00:00,False,0.22731145131198643,17,"[""2022Q1"", ""2022Q2"", ""2022Q3"", ""2022Q4"", ""2023Q1"", ""2023Q2"", ""2023Q3"", ""2023Q4"", ""2024Q1"", ""2024Q2"", ""2024Q3"", ""2024Q4"", ""2025Q1"", ""2025Q2"", ""2025Q3"", ""2025Q4"", ""2026Q1""]",49.44069555595587
COMMON,M1_CPI_ONLY,2026Q2,H2,2026-05-31 00:00:00,False,0.21816770018244683,17,"[""2022Q1"", ""2022Q2"", ""2022Q3"", ""2022Q4"", ""2023Q1"", ""2023Q2"", ""2023Q3"", ""2023Q4"", ""2024Q1"", ""2024Q2"", ""2024Q3"", ""2024Q4"", ""2025Q1"", ""2025Q2"", ""2025Q3"", ""2025Q4"", ""2026Q1""]",72.884735050340112
COMMON,M2_NOMINAL_M2_PLUS_CPI,2026Q2,H2,2026-05-31 00:00:00,False,0.20161405702799085,17,"[""2022Q1"", ""2022Q2"", ""2022Q3"", ""2022Q4"", ""2023Q1"", ""2023Q2"", ""2023Q3"", ""2023Q4"", ""2024Q1"", ""2024Q2"", ""2024Q3"", ""2024Q4"", ""2025Q1"", ""2025Q2"", ""2025Q3"", ""2025Q4"", ""2026Q1""]",72.879858234918061
COMMON,M3_REAL_M2_PLUS_CPI,2026Q2,H2,2026-05-31 00:00:00,False,0.20728698063825343,17,"[""2022Q1"", ""2022Q2"", ""2022Q3"", ""2022Q4"", ""2023Q1"", ""2023Q2"", ""2023Q3"", ""2023Q4"", ""2024Q1"", ""2024Q2"", ""2024Q3"", ""2024Q4"", ""2025Q1"", ""2025Q2"", ""2025Q3"", ""2025Q4"", ""2026Q1""]",48.820715028613115
COMMON,M4_REAL_M2_ONLY,2026Q2,H2,2026-05-31 00:00:00,False,0.23186239673458606,17,"[""2022Q1"", ""2022Q2"", ""2022Q3"", ""2022Q4"", ""2023Q1"", ""2023Q2"", ""2023Q3"", ""2023Q4"", ""2024Q1"", ""2024Q2"", ""2024Q3"", ""2024Q4"", ""2025Q1"", ""2025Q2"", ""2025Q3"", ""2025Q4"", ""2026Q1""]",48.820698237413929
NATIVE,M0_CURRENT_M2,2026Q2,H3,2026-06-30 00:00:00,False,0.1916903151601253,29,"[""2019Q1"", ""2019Q2"", ""2019Q3"", ""2019Q4"", ""2020Q1"", ""2020Q2"", ""2020Q3"", ""2020Q4"", ""2021Q1"", ""2021Q2"", ""2021Q3"", ""2021Q4"", ""2022Q1"", ""2022Q2"", ""2022Q3"", ""2022Q4"", ""2023Q1"", ""2023Q2"", ""2023Q3"", ""2023Q4"", ""2024Q1"", ""2024Q2"", ""2024Q3"", ""2024Q4"", ""2025Q1"", ""2025Q2"", ""2025Q3"", ""2025Q4"", ""2026Q1""]",20.263625250575632
NATIVE,M1_CPI_ONLY,2026Q2,H3,2026-06-30 00:00:00,False,0.21816770018244683,17,"[""2022Q1"", ""2022Q2"", ""2022Q3"", ""2022Q4"", ""2023Q1"", ""2023Q2"", ""2023Q3"", ""2023Q4"", ""2024Q1"", ""2024Q2"", ""2024Q3"", ""2024Q4"", ""2025Q1"", ""2025Q2"", ""2025Q3"", ""2025Q4"", ""2026Q1""]",72.884735050340112
NATIVE,M2_NOMINAL_M2_PLUS_CPI,2026Q2,H3,2026-06-30 00:00:00,False,0.20161405702799085,17,"[""2022Q1"", ""2022Q2"", ""2022Q3"", ""2022Q4"", ""2023Q1"", ""2023Q2"", ""2023Q3"", ""2023Q4"", ""2024Q1"", ""2024Q2"", ""2024Q3"", ""2024Q4"", ""2025Q1"", ""2025Q2"", ""2025Q3"", ""2025Q4"", ""2026Q1""]",72.879858234918061
NATIVE,M3_REAL_M2_PLUS_CPI,2026Q2,H3,2026-06-30 00:00:00,False,0.20728698063825343,17,"[""2022Q1"", ""2022Q2"", ""2022Q3"", ""2022Q4"", ""2023Q1"", ""2023Q2"", ""2023Q3"", ""2023Q4"", ""2024Q1"", ""2024Q2"", ""2024Q3"", ""2024Q4"", ""2025Q1"", ""2025Q2"", ""2025Q3"", ""2025Q4"", ""2026Q1""]",48.820715028613115
NATIVE,M4_REAL_M2_ONLY,2026Q2,H3,2026-06-30 00:00:00,False,0.23186239673458606,17,"[""2022Q1"", ""2022Q2"", ""2022Q3"", ""2022Q4"", ""2023Q1"", ""2023Q2"", ""2023Q3"", ""2023Q4"", ""2024Q1"", ""2024Q2"", ""2024Q3"", ""2024Q4"", ""2025Q1"", ""2025Q2"", ""2025Q3"", ""2025Q4"", ""2026Q1""]",48.820698237413929
COMMON,M0_CURRENT_M2,2026Q2,H3,2026-06-30 00:00:00,False,0.22731145131198643,17,"[""2022Q1"", ""2022Q2"", ""2022Q3"", ""2022Q4"", ""2023Q1"", ""2023Q2"", ""2023Q3"", ""2023Q4"", ""2024Q1"", ""2024Q2"", ""2024Q3"", ""2024Q4"", ""2025Q1"", ""2025Q2"", ""2025Q3"", ""2025Q4"", ""2026Q1""]",49.44069555595587
COMMON,M1_CPI_ONLY,2026Q2,H3,2026-06-30 00:00:00,False,0.21816770018244683,17,"[""2022Q1"", ""2022Q2"", ""2022Q3"", ""2022Q4"", ""2023Q1"", ""2023Q2"", ""2023Q3"", ""2023Q4"", ""2024Q1"", ""2024Q2"", ""2024Q3"", ""2024Q4"", ""2025Q1"", ""2025Q2"", ""2025Q3"", ""2025Q4"", ""2026Q1""]",72.884735050340112
COMMON,M2_NOMINAL_M2_PLUS_CPI,2026Q2,H3,2026-06-30 00:00:00,False,0.20161405702799085,17,"[""2022Q1"", ""2022Q2"", ""2022Q3"", ""2022Q4"", ""2023Q1"", ""2023Q2"", ""2023Q3"", ""2023Q4"", ""2024Q1"", ""2024Q2"", ""2024Q3"", ""2024Q4"", ""2025Q1"", ""2025Q2"", ""2025Q3"", ""2025Q4"", ""2026Q1""]",72.879858234918061
COMMON,M3_REAL_M2_PLUS_CPI,2026Q2,H3,2026-06-30 00:00:00,False,0.20728698063825343,17,"[""2022Q1"", ""2022Q2"", ""2022Q3"", ""2022Q4"", ""2023Q1"", ""2023Q2"", ""2023Q3"", ""2023Q4"", ""2024Q1"", ""2024Q2"", ""2024Q3"", ""2024Q4"", ""2025Q1"", ""2025Q2"", ""2025Q3"", ""2025Q4"", ""2026Q1""]",48.820715028613115
COMMON,M4_REAL_M2_ONLY,2026Q2,H3,2026-06-30 00:00:00,False,0.23186239673458606,17,"[""2022Q1"", ""2022Q2"", ""2022Q3"", ""2022Q4"", ""2023Q1"", ""2023Q2"", ""2023Q3"", ""2023Q4"", ""2024Q1"", ""2024Q2"", ""2024Q3"", ""2024Q4"", ""2025Q1"", ""2025Q2"", ""2025Q3"", ""2025Q4"", ""2026Q1""]",48.820698237413929
NATIVE,M0_CURRENT_M2,2026Q3,H3,2026-10-05 16:54:48.927036,True,0.1905270660135292,30,"[""2019Q1"", ""2019Q2"", ""2019Q3"", ""2019Q4"", ""2020Q1"", ""2020Q2"", ""2020Q3"", ""2020Q4"", ""2021Q1"", ""2021Q2"", ""2021Q3"", ""2021Q4"", ""2022Q1"", ""2022Q2"", ""2022Q3"", ""2022Q4"", ""2023Q1"", ""2023Q2"", ""2023Q3"", ""2023Q4"", ""2024Q1"", ""2024Q2"", ""2024Q3"", ""2024Q4"", ""2025Q1"", ""2025Q2"", ""2025Q3"", ""2025Q4"", ""2026Q1"", ""2026Q2""]",20.948606754499654
NATIVE,M1_CPI_ONLY,2026Q3,H3,2026-10-05 16:54:48.927036,True,0.20467275854069167,18,"[""2022Q1"", ""2022Q2"", ""2022Q3"", ""2022Q4"", ""2023Q1"", ""2023Q2"", ""2023Q3"", ""2023Q4"", ""2024Q1"", ""2024Q2"", ""2024Q3"", ""2024Q4"", ""2025Q1"", ""2025Q2"", ""2025Q3"", ""2025Q4"", ""2026Q1"", ""2026Q2""]",76.292239807000271
NATIVE,M2_NOMINAL_M2_PLUS_CPI,2026Q3,H3,2026-10-05 16:54:48.927036,True,0.1834052820804731,18,"[""2022Q1"", ""2022Q2"", ""2022Q3"", ""2022Q4"", ""2023Q1"", ""2023Q2"", ""2023Q3"", ""2023Q4"", ""2024Q1"", ""2024Q2"", ""2024Q3"", ""2024Q4"", ""2025Q1"", ""2025Q2"", ""2025Q3"", ""2025Q4"", ""2026Q1"", ""2026Q2""]",76.245900301603172
NATIVE,M3_REAL_M2_PLUS_CPI,2026Q3,H3,2026-10-05 16:54:48.927036,True,0.18358623304113394,18,"[""2022Q1"", ""2022Q2"", ""2022Q3"", ""2022Q4"", ""2023Q1"", ""2023Q2"", ""2023Q3"", ""2023Q4"", ""2024Q1"", ""2024Q2"", ""2024Q3"", ""2024Q4"", ""2025Q1"", ""2025Q2"", ""2025Q3"", ""2025Q4"", ""2026Q1"", ""2026Q2""]",76.274143471729104
NATIVE,M4_REAL_M2_ONLY,2026Q3,H3,2026-10-05 16:54:48.927036,True,0.20962641966503226,18,"[""2022Q1"", ""2022Q2"", ""2022Q3"", ""2022Q4"", ""2023Q1"", ""2023Q2"", ""2023Q3"", ""2023Q4"", ""2024Q1"", ""2024Q2"", ""2024Q3"", ""2024Q4"", ""2025Q1"", ""2025Q2"", ""2025Q3"", ""2025Q4"", ""2026Q1"", ""2026Q2""]",46.186741069549718
COMMON,M1_CPI_ONLY,2026Q3,H3,2026-10-05 16:54:48.927036,True,0.20467275854069167,18,"[""2022Q1"", ""2022Q2"", ""2022Q3"", ""2022Q4"", ""2023Q1"", ""2023Q2"", ""2023Q3"", ""2023Q4"", ""2024Q1"", ""2024Q2"", ""2024Q3"", ""2024Q4"", ""2025Q1"", ""2025Q2"", ""2025Q3"", ""2025Q4"", ""2026Q1"", ""2026Q2""]",76.292239807000271
COMMON,M2_NOMINAL_M2_PLUS_CPI,2026Q3,H3,2026-10-05 16:54:48.927036,True,0.1834052820804731,18,"[""2022Q1"", ""2022Q2"", ""2022Q3"", ""2022Q4"", ""2023Q1"", ""2023Q2"", ""2023Q3"", ""2023Q4"", ""2024Q1"", ""2024Q2"", ""2024Q3"", ""2024Q4"", ""2025Q1"", ""2025Q2"", ""2025Q3"", ""2025Q4"", ""2026Q1"", ""2026Q2""]",76.245900301603172
COMMON,M3_REAL_M2_PLUS_CPI,2026Q3,H3,2026-10-05 16:54:48.927036,True,0.18358623304113394,18,"[""2022Q1"", ""2022Q2"", ""2022Q3"", ""2022Q4"", ""2023Q1"", ""2023Q2"", ""2023Q3"", ""2023Q4"", ""2024Q1"", ""2024Q2"", ""2024Q3"", ""2024Q4"", ""2025Q1"", ""2025Q2"", ""2025Q3"", ""2025Q4"", ""2026Q1"", ""2026Q2""]",76.274143471729104
COMMON,M4_REAL_M2_ONLY,2026Q3,H3,2026-10-05 16:54:48.927036,True,0.20962641966503226,18,"[""2022Q1"", ""2022Q2"", ""2022Q3"", ""2022Q4"", ""2023Q1"", ""2023Q2"", ""2023Q3"", ""2023Q4"", ""2024Q1"", ""2024Q2"", ""2024Q3"", ""2024Q4"", ""2025Q1"", ""2025Q2"", ""2025Q3"", ""2025Q4"", ""2026Q1"", ""2026Q2""]",46.186741069549718
