origin,target_quarter,horizon,actual,evaluation_group,U0,U1,U2,U3,U4,U5,U6
2025-01-31 00:00:00,2025Q1,H1,6.7999999999999998,DEVELOPMENT,6.3251015303459344,3.238627535188467,5.9118031957606485,7.3263565979038114,2.8065742258315773,7.3949877431852862,7.9655270370375097
2025-02-28 00:00:00,2025Q1,H2,6.7999999999999998,DEVELOPMENT,6.1853920671796274,6.1615913044495185,6.1810432996472358,7.810212826193931,6.1148036825738288,7.7313089552962895,7.297171052152799
2025-03-31 00:00:00,2025Q1,H3,6.7999999999999998,DEVELOPMENT,6.4991803745703018,6.5174861552913228,6.9033080222171685,6.554550595813974,6.8060621253133391,6.7524836482473871,6.0899495156214982
2025-04-30 00:00:00,2025Q2,H1,7.2000000000000002,DEVELOPMENT,6.7143100213870719,6.8716565891599855,6.7356454340246721,6.7704857384246306,6.6201185969750558,6.701270717453796,6.4486952691114929
2025-05-31 00:00:00,2025Q2,H2,7.2000000000000002,DEVELOPMENT,6.6357152387579088,6.8181885177820707,6.7041624102879913,6.5438012402236909,6.6827180934799131,6.767692203187857,6.2791435715479089
2025-06-30 00:00:00,2025Q2,H3,7.2000000000000002,DEVELOPMENT,8.5698159778301921,9.5726460668105844,8.0743110154591058,8.7284725226780715,9.0506903799254488,9.1028901284425672,7.2849820225096291
2025-07-31 00:00:00,2025Q3,H1,7.5999999999999996,HOLDOUT,7.1084815282838418,7.6063417339708188,7.1752347944712636,8.4566303083667069,6.5759370358868097,7.9508655635467198,7.1554745662651431
2025-08-31 00:00:00,2025Q3,H2,7.5999999999999996,HOLDOUT,7.241279573469571,7.7015548527257769,7.6653425069721663,8.597555907027985,8.2072422201260853,9.3130065615298587,8.3414528399021322
2025-09-30 00:00:00,2025Q3,H3,7.5999999999999996,HOLDOUT,8.0749621014248376,8.2316122255333681,8.2442273961389159,8.2622356951655043,8.8072663573317236,8.1496514395879256,8.2557195759622584
2025-10-31 00:00:00,2025Q4,H1,7.7000000000000002,HOLDOUT,8.6601967255143784,8.6311890340962059,8.8437644460416607,8.4284338391084397,7.5600090158984488,6.3499186973369337,8.1342572089844563
2025-11-30 00:00:00,2025Q4,H2,7.7000000000000002,HOLDOUT,8.4951832867327077,10.036693232293752,8.6227165892046784,7.5368110114857894,8.9247892086205791,5.8952506943270722,8.7258300101372264
2025-12-31 00:00:00,2025Q4,H3,7.7000000000000002,HOLDOUT,8.1044820431206102,8.8994485550123521,8.3701577765369652,6.9677339569299317,9.7430420737802681,8.9415454560990337,10.203861251227128
2026-01-31 00:00:00,2026Q1,H1,8.6999999999999975,HOLDOUT,7.5372874330731747,7.9645108911964329,7.4513982547209423,5.6542698627427797,7.5707775940606261,6.2609137601474378,5.3523575491685005
2026-02-28 00:00:00,2026Q1,H2,8.6999999999999975,HOLDOUT,7.354093364294906,7.5263412098923173,7.0147632096581134,7.1625742182689178,6.5590560919475562,7.1245271256318832,6.2925291918119735
2026-03-31 00:00:00,2026Q1,H3,8.6999999999999975,HOLDOUT,8.5451224948166455,10.168248608954814,8.0571186249108813,8.4687440590927299,8.5118425321952298,8.2226237588152795,5.1407916361440886
2026-04-30 00:00:00,2026Q2,H1,8.5,HOLDOUT,8.1413670871568158,7.5838960779247557,7.980046510623767,8.2274753379179639,5.2002700230908463,5.6718201688494645,4.253200394164657
2026-05-31 00:00:00,2026Q2,H2,8.5,HOLDOUT,8.4237895473131843,8.3285883162877372,8.7222182169848637,7.4726316833601665,8.7266623742133564,6.102220573256588,4.6467388308599578
2026-06-30 00:00:00,2026Q2,H3,8.5,HOLDOUT,8.3813890895118117,8.2169620555435703,8.8415952653502252,7.9095317044583231,8.6854412629173297,7.8662430572253612,8.0664081903627665
