sample,evaluation_group,models,n_common,first_origin,last_origin
maximum_available,HOLDOUT,U0 + U1 + U2 + U3 + U4 + U5 + U6,12,2025-07-31 00:00:00,2026-06-30 00:00:00
strict_common,HOLDOUT,U0 + U1 + U2 + U3 + U4 + U5 + U6,12,2025-07-31 00:00:00,2026-06-30 00:00:00
sequence_common,HOLDOUT,U0 + U1 + U4 + U6,12,2025-07-31 00:00:00,2026-06-30 00:00:00
U0_vs_U1,HOLDOUT,U0 + U1,12,2025-07-31 00:00:00,2026-06-30 00:00:00
U0_vs_U2,HOLDOUT,U0 + U2,12,2025-07-31 00:00:00,2026-06-30 00:00:00
U0_vs_U3,HOLDOUT,U0 + U3,12,2025-07-31 00:00:00,2026-06-30 00:00:00
U0_vs_U4,HOLDOUT,U0 + U4,12,2025-07-31 00:00:00,2026-06-30 00:00:00
U0_vs_U5,HOLDOUT,U0 + U5,12,2025-07-31 00:00:00,2026-06-30 00:00:00
U0_vs_U6,HOLDOUT,U0 + U6,12,2025-07-31 00:00:00,2026-06-30 00:00:00
IP_increment,HOLDOUT,U0 + U1,12,2025-07-31 00:00:00,2026-06-30 00:00:00
M2_increment,HOLDOUT,U1 + U4,12,2025-07-31 00:00:00,2026-06-30 00:00:00
Retail_increment,HOLDOUT,U4 + U6,12,2025-07-31 00:00:00,2026-06-30 00:00:00
maximum_available,DEVELOPMENT,U0 + U1 + U2 + U3 + U4 + U5 + U6,6,2025-01-31 00:00:00,2025-06-30 00:00:00
strict_common,DEVELOPMENT,U0 + U1 + U2 + U3 + U4 + U5 + U6,6,2025-01-31 00:00:00,2025-06-30 00:00:00
sequence_common,DEVELOPMENT,U0 + U1 + U4 + U6,6,2025-01-31 00:00:00,2025-06-30 00:00:00
U0_vs_U1,DEVELOPMENT,U0 + U1,17,2024-02-29 00:00:00,2025-06-30 00:00:00
U0_vs_U2,DEVELOPMENT,U0 + U2,36,2022-07-31 00:00:00,2025-06-30 00:00:00
U0_vs_U3,DEVELOPMENT,U0 + U3,6,2025-01-31 00:00:00,2025-06-30 00:00:00
U0_vs_U4,DEVELOPMENT,U0 + U4,17,2024-02-29 00:00:00,2025-06-30 00:00:00
U0_vs_U5,DEVELOPMENT,U0 + U5,6,2025-01-31 00:00:00,2025-06-30 00:00:00
U0_vs_U6,DEVELOPMENT,U0 + U6,6,2025-01-31 00:00:00,2025-06-30 00:00:00
IP_increment,DEVELOPMENT,U0 + U1,17,2024-02-29 00:00:00,2025-06-30 00:00:00
M2_increment,DEVELOPMENT,U1 + U4,17,2024-02-29 00:00:00,2025-06-30 00:00:00
Retail_increment,DEVELOPMENT,U4 + U6,6,2025-01-31 00:00:00,2025-06-30 00:00:00
maximum_available,ALL,U0 + U1 + U2 + U3 + U4 + U5 + U6,18,2025-01-31 00:00:00,2026-06-30 00:00:00
strict_common,ALL,U0 + U1 + U2 + U3 + U4 + U5 + U6,18,2025-01-31 00:00:00,2026-06-30 00:00:00
sequence_common,ALL,U0 + U1 + U4 + U6,18,2025-01-31 00:00:00,2026-06-30 00:00:00
U0_vs_U1,ALL,U0 + U1,29,2024-02-29 00:00:00,2026-06-30 00:00:00
U0_vs_U2,ALL,U0 + U2,48,2022-07-31 00:00:00,2026-06-30 00:00:00
U0_vs_U3,ALL,U0 + U3,18,2025-01-31 00:00:00,2026-06-30 00:00:00
U0_vs_U4,ALL,U0 + U4,29,2024-02-29 00:00:00,2026-06-30 00:00:00
U0_vs_U5,ALL,U0 + U5,18,2025-01-31 00:00:00,2026-06-30 00:00:00
U0_vs_U6,ALL,U0 + U6,18,2025-01-31 00:00:00,2026-06-30 00:00:00
IP_increment,ALL,U0 + U1,29,2024-02-29 00:00:00,2026-06-30 00:00:00
M2_increment,ALL,U1 + U4,29,2024-02-29 00:00:00,2026-06-30 00:00:00
Retail_increment,ALL,U4 + U6,18,2025-01-31 00:00:00,2026-06-30 00:00:00
