model,horizon,variable,monthly_position,count,mean,std,min,max,distinct_signs
U0,H1,gdp_lag1,,16,0.70163922826633474,0.018805721371466282,0.67055642700312212,0.73351753107565421,1
U0,H1,intercept,,16,2.0742336458099753,0.085028839143130697,1.9095908472137166,2.2471166433105125,1
U0,H1,usd_uzs,lag_0,16,-0.22022074896188809,0.02778029561405141,-0.26506651381625063,-0.16291715072646371,1
U0,H1,usd_uzs,lag_1,16,0.22356098861249202,0.087870689186956452,0.093526074881376486,0.38707619444467561,1
U0,H1,usd_uzs,lag_2,16,-0.61115882236628738,0.1391949096345842,-0.90340470921330096,-0.47587506035339255,1
U0,H2,gdp_lag1,,16,0.71976771006476614,0.010635512817302736,0.70491181567882011,0.745546421961227,1
U0,H2,intercept,,16,1.8733867369294084,0.082702439401148159,1.7515439206197481,2.0170048820379867,1
U0,H2,usd_uzs,lag_0,16,0.047235112229118019,0.070263725562974,-0.055212483018522052,0.17429389092515671,2
U0,H2,usd_uzs,lag_1,16,-0.56228237495528277,0.12743673637033839,-0.82773060392041298,-0.43730929104264182,1
U0,H2,usd_uzs,lag_2,16,0.074313906782398784,0.039701491519721431,0.014522590343518257,0.14319359501919687,1
U0,H3,gdp_lag1,,16,0.76905429802750014,0.015696223466912209,0.7461574074589038,0.81300702962134463,1
U0,H3,intercept,,16,1.8185810288429611,0.091043476762165801,1.6306214065277198,1.9657946238969375,1
U0,H3,usd_uzs,lag_0,16,-0.69055322578145639,0.11695237841679056,-0.9595107129990309,-0.58119833705751878,1
U0,H3,usd_uzs,lag_1,16,0.43430663240162887,0.12378756707690397,0.27466657979440551,0.65830842751824803,1
U0,H3,usd_uzs,lag_2,16,-0.56793459369088883,0.15409104070060073,-0.90836620502771759,-0.42329560101245423,1
U1,H1,gdp_lag1,,9,0.83701116236722628,0.098635564423933467,0.70889619086999578,0.94146217810136101,1
U1,H1,industrial_production,lag_0,9,-0.025691641457874035,0.026413051506133552,-0.062439282288084208,0.00075930466012463782,2
U1,H1,industrial_production,lag_1,9,0.010581918124216445,0.020484283899445833,-0.017233132812392582,0.030458890280789908,2
U1,H1,industrial_production,lag_2,9,-0.057210764208461301,0.01060347538116474,-0.077543437473703625,-0.045125215439874078,1
U1,H1,intercept,,9,2.8628316690774862,0.82060036058910024,2.0063005890214161,3.955109205760369,1
U1,H1,usd_uzs,lag_0,9,-0.14702981509498025,0.074639606495207247,-0.28621471968631612,-0.032261045111263778,1
U1,H1,usd_uzs,lag_1,9,-0.36080331882975414,0.12229536102024241,-0.59196022587951658,-0.18124428267972534,1
U1,H1,usd_uzs,lag_2,9,0.019626802271440386,0.45559814137897636,-0.83212289491804503,0.53391118134570159,2
U1,H2,gdp_lag1,,10,0.81783683342164637,0.092272195782404989,0.67447408830218758,0.9078224768205051,1
U1,H2,industrial_production,lag_0,10,0.025700278686573964,0.024390110494452461,-0.0096034643379855344,0.053473148041316421,2
U1,H2,industrial_production,lag_1,10,-0.056401440983539441,0.012697763905177633,-0.074930570739013047,-0.040909081847319173,1
U1,H2,industrial_production,lag_2,10,0.00072587726067223075,0.019713991243108211,-0.039709236722655028,0.030889172695592437,2
U1,H2,intercept,,10,2.1905480525193282,0.58914073968809455,1.2485263716463155,3.3164386320026016,1
U1,H2,usd_uzs,lag_0,10,-0.081462635618399226,0.12727621350224319,-0.2386349103647214,0.11463685541732839,2
U1,H2,usd_uzs,lag_1,10,-0.76190885127994767,0.17251563996496735,-0.96119541992260815,-0.52980362091331878,1
U1,H2,usd_uzs,lag_2,10,0.190026477206026,0.17781904733122647,-0.058719554931548429,0.41815564113051062,2
U1,H3,gdp_lag1,,10,0.9986014851755145,0.08790061435974518,0.8931215408076425,1.1639026382806748,1
U1,H3,industrial_production,lag_0,10,-0.076510928602639777,0.017079207068469417,-0.096568858359850185,-0.051026088835735228,1
U1,H3,industrial_production,lag_1,10,0.01081618427558061,0.019987110304489731,-0.015544997879280542,0.041056124167287322,2
U1,H3,industrial_production,lag_2,10,0.016618237597106279,0.017864132813933759,-0.0073083244975530315,0.04377901330267614,2
U1,H3,intercept,,10,1.6905821592067281,0.60357394779435714,0.71854864252952355,2.4270451423429682,1
U1,H3,usd_uzs,lag_0,10,-0.98878167411569462,0.17582395366223863,-1.2746858748490291,-0.77124535400705929,1
U1,H3,usd_uzs,lag_1,10,0.93915241930572646,0.099400177696465322,0.8031853231428181,1.0914653364937372,1
U1,H3,usd_uzs,lag_2,10,-0.97064225951153582,0.15604278182557124,-1.3421651703514952,-0.76463458394371975,1
U2,H1,gdp_lag1,,16,0.65679267066172475,0.044196922879145263,0.5540019962091085,0.70495041817089887,1
U2,H1,intercept,,16,2.8853324235315174,0.43652255978859483,2.1501366777161031,3.7839801350923739,1
U2,H1,m2,lag_0,16,-0.11533925278949242,0.084567899073087066,-0.34308092748630359,-0.043123650895202592,1
U2,H1,m2,lag_1,16,0.16126448960991965,0.069922249010075155,0.10063267268792792,0.30853110048520216,1
U2,H1,m2,lag_2,16,-0.077450431948420162,0.043860258211181814,-0.17151410805318129,-0.015841013791301151,1
U2,H1,usd_uzs,lag_0,16,-0.26011954424916311,0.050875827687824011,-0.31816541244349128,-0.16410728251291862,1
U2,H1,usd_uzs,lag_1,16,0.22855842688369121,0.14179788633065621,0.029222023795313072,0.53422772513085759,1
U2,H1,usd_uzs,lag_2,16,-0.7164410430564232,0.18619652115926857,-1.1157468243624655,-0.52933646182878435,1
U2,H2,gdp_lag1,,16,0.73174202112704045,0.042748315739838977,0.63070407581867072,0.81200308130783971,1
U2,H2,intercept,,16,1.9899026061386742,0.32039568049692602,1.4327594069772869,2.7984984756995783,1
U2,H2,m2,lag_0,16,0.096637698852782838,0.042989456904946481,0.059962781995742287,0.18722469361741598,1
U2,H2,m2,lag_1,16,-0.026851329347374959,0.082121397001490223,-0.20464041898427399,0.082342961935372938,2
U2,H2,m2,lag_2,16,-0.076271049304556027,0.052977599237428286,-0.17867836936857245,0.04499707444679607,2
U2,H2,usd_uzs,lag_0,16,-0.013514255692816061,0.083531231383245211,-0.18567296371284697,0.16991230016497108,2
U2,H2,usd_uzs,lag_1,16,-0.61486393077104984,0.22670192594748192,-1.1076012572662239,-0.41086587433883237,1
U2,H2,usd_uzs,lag_2,16,0.051366298850488781,0.035455314368475765,-0.0014665063330105092,0.10401241259850191,2
U2,H3,gdp_lag1,,16,0.84604753246675291,0.034686303066356686,0.78568750169218871,0.90696402155371991,1
U2,H3,intercept,,16,1.5139421393758838,0.47471825671080015,1.0070135315721871,2.595778047659024,1
U2,H3,m2,lag_0,16,0.088614781947421867,0.072397455907830505,-0.055693375951468893,0.19210655204913935,2
U2,H3,m2,lag_1,16,-0.30485334570724726,0.042042460003497581,-0.40778374230825065,-0.24433957922497024,1
U2,H3,m2,lag_2,16,0.19586507073121209,0.070095500211191861,0.13569296039614542,0.32721409760770848,1
U2,H3,usd_uzs,lag_0,16,-0.45620996287044763,0.11576816465248688,-0.71737820848368428,-0.30458473015106619,1
U2,H3,usd_uzs,lag_1,16,0.28984206446939126,0.18486423787581813,0.020616151382948093,0.56179922686603012,1
U2,H3,usd_uzs,lag_2,16,-0.39315618104311062,0.27025776653879335,-0.78694800670800424,-0.013009617523514507,1
U3,H1,gdp_lag1,,6,0.34543974815305961,0.12698814660084706,0.24873450785647988,0.59077561964734959,1
U3,H1,intercept,,6,4.4233252613224989,0.90627440714802243,2.743828624072993,5.1196318313919802,1
U3,H1,retail_trade,lag_0,6,0.0021750205863279117,0.0039304210072302328,-0.0041004490675386474,0.0064751728938109987,2
U3,H1,retail_trade,lag_1,6,0.0054254557252904857,0.0017750907753440064,0.0041063527676624134,0.0089377898877535111,1
U3,H1,retail_trade,lag_2,6,-0.0092988735951484852,0.0083744711696448811,-0.016132291050402175,0.0073302550808663769,2
U3,H1,usd_uzs,lag_0,6,0.75176443037474605,0.35102200081482293,0.063988909077562564,1.0572014092735353,1
U3,H1,usd_uzs,lag_1,6,-0.77159596137738495,0.16549905298315126,-0.93156990738944823,-0.45802888135892506,1
U3,H1,usd_uzs,lag_2,6,0.091503221206333266,0.20594595209956387,-0.1525313158264964,0.34897697162856606,2
U3,H2,gdp_lag1,,6,0.30689240151345881,0.1194015503812226,0.21927596153545476,0.53641070107365918,1
U3,H2,intercept,,6,3.6618953451319087,0.85052947877112572,2.069851379254553,4.2861717221288647,1
U3,H2,retail_trade,lag_0,6,0.013506004121906454,0.0026441664267605799,0.010793571325826617,0.018607111103948526,1
U3,H2,retail_trade,lag_1,6,0.0025178616447865516,0.0026444644089074526,-0.00033454182819488143,0.0062554951918596113,2
U3,H2,retail_trade,lag_2,6,0.04444547339722011,0.0041897311940113239,0.039050053216939107,0.048962911741599405,1
U3,H2,usd_uzs,lag_0,6,-0.22723659489720247,0.15015309765553034,-0.39576555451538259,-0.066400700161510895,1
U3,H2,usd_uzs,lag_1,6,-0.027070072978796555,0.37891350230499415,-0.37509936215268258,0.52261414689600916,2
U3,H2,usd_uzs,lag_2,6,0.051284159006785131,0.11103412947042289,-0.060253555548907357,0.21625585302266231,2
U3,H3,gdp_lag1,,6,0.48812785078731408,0.17152662073147726,0.35459493368236339,0.77555453778448524,1
U3,H3,intercept,,6,3.3694682930883459,0.86528177272654183,1.8246818732753276,3.960214636290702,1
U3,H3,retail_trade,lag_0,6,0.0062852345980568408,0.0060351321799087506,-0.0043441870325661713,0.012437315277567085,2
U3,H3,retail_trade,lag_1,6,0.0090506271597078271,0.0054404824382713983,-0.0013046489726776245,0.014775229765772918,2
U3,H3,retail_trade,lag_2,6,0.010406565009352428,0.0048008685981060714,0.0016661255031524824,0.014141246061165819,1
U3,H3,usd_uzs,lag_0,6,-0.76470088113918655,0.065387897296373232,-0.84585649766593074,-0.65770989386324896,1
U3,H3,usd_uzs,lag_1,6,0.72878750607009379,0.092737260023152912,0.63678591099991122,0.89610674669423551,1
U3,H3,usd_uzs,lag_2,6,-0.6829510443455713,0.14572073775172351,-0.97835869046713386,-0.59895386588505395,1
U4,H1,gdp_lag1,,9,0.82613274067252562,0.04434623392467571,0.76789237848318381,0.88769982159225946,1
U4,H1,industrial_production,lag_0,9,-0.01842708589609841,0.034417292954101834,-0.059498446408063899,0.014614926389668825,2
U4,H1,industrial_production,lag_1,9,-0.014749143505914377,0.014524710708147702,-0.033689555878930466,0.0062425999220619144,2
U4,H1,industrial_production,lag_2,9,-0.033156646390737426,0.016101011595877825,-0.066935826027480327,-0.013599299221542849,1
U4,H1,intercept,,9,4.6957259605072892,0.67534766468073248,4.0131638999597277,5.5865293120815114,1
U4,H1,m2,lag_0,9,-0.15318154717266863,0.037313234052729641,-0.22481719523342308,-0.1153577371549469,1
U4,H1,m2,lag_1,9,0.27164632289581125,0.06066356994964299,0.17259925640405197,0.33262847172213872,1
U4,H1,m2,lag_2,9,-0.21462184685093386,0.094222688640330968,-0.32672784704216434,-0.084486344371189626,1
U4,H1,usd_uzs,lag_0,9,-0.85246014443433382,0.18876670810646626,-1.0514702703106111,-0.57672901627835504,1
U4,H1,usd_uzs,lag_1,9,-0.1841660184349555,0.12866607837438512,-0.46231628143539455,-0.029967060313341714,1
U4,H1,usd_uzs,lag_2,9,0.49062909481958855,0.43838939251359721,-0.19952932588271807,1.2246280981489439,2
U4,H2,gdp_lag1,,10,0.86233863029080915,0.10330355427260987,0.66201683505777731,1.0355523745589004,1
U4,H2,industrial_production,lag_0,10,0.046680099562257951,0.019507809926534597,0.017994842698465019,0.073901862200771939,1
U4,H2,industrial_production,lag_1,10,-0.06399524337848525,0.019295313956274179,-0.094407463533464464,-0.040088459428769235,1
U4,H2,industrial_production,lag_2,10,0.036565184562243898,0.032308317342984096,-0.0090435688045938378,0.094557832851886514,2
U4,H2,intercept,,10,1.9466665057932608,0.83687883203362923,0.40190424934248559,3.0478250598488059,1
U4,H2,m2,lag_0,10,0.13546038570423005,0.03902536685124533,0.047600921766295323,0.18283853659465552,1
U4,H2,m2,lag_1,10,-0.057150822664075764,0.072108099027526684,-0.13004074150465789,0.10573716009406411,2
U4,H2,m2,lag_2,10,-0.12853873272185148,0.050388506391786422,-0.21945805150158937,-0.072690237018569748,1
U4,H2,usd_uzs,lag_0,10,-0.0019134927658308516,0.13834471549598235,-0.19381281404194917,0.25550479111106456,2
U4,H2,usd_uzs,lag_1,10,-0.76045541665537042,0.17496132903005379,-1.0196829270054137,-0.58242288978314405,1
U4,H2,usd_uzs,lag_2,10,0.17600873700549718,0.21442311537241174,-0.11106935516725451,0.53656442303968288,2
U4,H3,gdp_lag1,,10,1.3623791425257179,0.059459898272744956,1.2680131821819716,1.432306423692868,1
U4,H3,industrial_production,lag_0,10,-0.096137334428925872,0.024952384220498114,-0.12805257637913636,-0.068236279946367606,1
U4,H3,industrial_production,lag_1,10,0.020257655386911089,0.01695051119170592,-0.021513054004218768,0.041033096496787991,2
U4,H3,industrial_production,lag_2,10,-0.034181581514769674,0.024273796186523759,-0.065113865367553703,0.0035643933525151827,2
U4,H3,intercept,,10,1.5191446371936479,0.34980117238199093,1.1240216422565119,2.3494487051054511,1
U4,H3,m2,lag_0,10,0.1463739675879917,0.062816781946951672,0.054868938025149805,0.24004841022185747,1
U4,H3,m2,lag_1,10,-0.36217541489934812,0.073293285633991595,-0.47061017411864581,-0.25190878560592134,1
U4,H3,m2,lag_2,10,0.17434610535665854,0.029054031397138413,0.12495501998823472,0.21332827648500652,1
U4,H3,usd_uzs,lag_0,10,-0.95986837270907499,0.19307542614480197,-1.2516040542184874,-0.70146976483986012,1
U4,H3,usd_uzs,lag_1,10,0.6658639297044594,0.15231338196947533,0.38660731899978462,0.91909782495228431,1
U4,H3,usd_uzs,lag_2,10,-0.98405100011489099,0.21228375893042117,-1.3332050505961115,-0.70122405081905426,1
U5,H1,gdp_lag1,,6,0.2022652459778119,0.12144964353880536,0.12369112290653439,0.44683547597598144,1
U5,H1,industrial_production,lag_0,6,-0.0112141441912261,0.011271584769670913,-0.032253293544429913,-0.00048243142755682866,1
U5,H1,industrial_production,lag_1,6,-0.12000349908579717,0.028670512686609379,-0.14116360543488971,-0.083098153361279847,1
U5,H1,industrial_production,lag_2,6,0.13387208532792477,0.012553179303005538,0.11798301107834798,0.15146785542267913,1
U5,H1,intercept,,6,4.8816751656657287,1.2005949364658162,2.5470812923668049,5.9189708050191081,1
U5,H1,retail_trade,lag_0,6,0.016280010397722141,0.0077995381979248197,0.003282028728492925,0.023631241213148052,1
U5,H1,retail_trade,lag_1,6,0.0094936863073438616,0.0042327140761009661,0.0066355096958186158,0.017791628336013832,1
U5,H1,retail_trade,lag_2,6,-0.0098347945540442488,0.0036401384218761827,-0.016884953268605597,-0.0069267580900453651,1
U5,H1,usd_uzs,lag_0,6,0.47451080429717923,0.15490245132436689,0.17648675768835748,0.62135306984544947,1
U5,H1,usd_uzs,lag_1,6,-0.50816309512192703,0.12979796566000532,-0.60255041269179843,-0.26097264943807963,1
U5,H1,usd_uzs,lag_2,6,-0.057985562091572913,0.27527027118425595,-0.44858328623680116,0.24736718043811756,2
U5,H2,gdp_lag1,,6,0.42816982477398025,0.061486890571370682,0.37555851872924922,0.51667462471264425,1
U5,H2,industrial_production,lag_0,6,-0.095898400450258658,0.020775872780511913,-0.11669830467808834,-0.069036692495870189,1
U5,H2,industrial_production,lag_1,6,0.075447048491428817,0.017363613504474074,0.054519879676169752,0.098886517473108865,1
U5,H2,industrial_production,lag_2,6,-0.0041266576570601022,0.0065806613774585018,-0.011936926382274338,0.0058121757296494825,2
U5,H2,intercept,,6,3.5223273825595633,0.90551774233981774,2.0299900718613579,4.4089415677277008,1
U5,H2,retail_trade,lag_0,6,0.010144876580289444,0.0024096504967302513,0.0078493551811792683,0.014694328477771579,1
U5,H2,retail_trade,lag_1,6,0.0025311726709424756,0.0089398095792515495,-0.0075222299500119078,0.014263749652093816,2
U5,H2,retail_trade,lag_2,6,0.030808404768534543,0.0050190363710755663,0.022647900150706335,0.035821450427193618,1
U5,H2,usd_uzs,lag_0,6,-0.42200380804211263,0.28570681221067074,-0.84439742084755443,-0.098390441565093412,1
U5,H2,usd_uzs,lag_1,6,0.41122258236268222,0.64893204054276321,-0.36522937539126038,1.2360756395436052,2
U5,H2,usd_uzs,lag_2,6,-0.17199599775244875,0.17912338259064836,-0.47681250387400814,0.048887259093061325,2
U5,H3,gdp_lag1,,6,0.43141548544277802,0.060123328061492586,0.37120769778118456,0.54251773567614225,1
U5,H3,industrial_production,lag_0,6,0.025643000802331766,0.051031794771816137,-0.010055677371743177,0.094095527907801291,2
U5,H3,industrial_production,lag_1,6,-0.031996870787678496,0.0055186269394223997,-0.039947071321909722,-0.024957725416104026,1
U5,H3,industrial_production,lag_2,6,-0.0014132504589075834,0.0063344443487787982,-0.0096442990364186409,0.0091522184173525312,2
U5,H3,intercept,,6,3.9179325565598724,0.79697358749163361,2.439603078672679,4.5633694297875067,1
U5,H3,retail_trade,lag_0,6,0.0081515004190502397,0.0041632072752844796,0.0021073469427383695,0.012800849998286262,1
U5,H3,retail_trade,lag_1,6,-0.00020176240995755287,0.017077311838434233,-0.02592980370163564,0.015808872306375149,2
U5,H3,retail_trade,lag_2,6,0.024310685110155914,0.0030013238808590166,0.019338776483384723,0.028052531484785953,1
U5,H3,usd_uzs,lag_0,6,-0.83191657160898025,0.26065313484189184,-1.162357480129377,-0.55984164251257151,1
U5,H3,usd_uzs,lag_1,6,0.61557738210088842,0.13190389704424305,0.48805647140962732,0.83189121072800554,1
U5,H3,usd_uzs,lag_2,6,-0.66386991758080727,0.16223485239860408,-0.98019726046111932,-0.55471906318128084,1
U6,H1,gdp_lag1,,6,0.37887603614931242,0.12200060048475457,0.23240507878538555,0.5507084572628137,1
U6,H1,industrial_production,lag_0,6,0.0031210269873933189,0.015225924211912184,-0.026395562453614976,0.016508206285682586,2
U6,H1,industrial_production,lag_1,6,-0.097778997045543478,0.040371538907118851,-0.13665859472984426,-0.032464752445442641,1
U6,H1,industrial_production,lag_2,6,0.088837037401079066,0.050417956167265306,-0.0040118480110506727,0.14778951339040319,2
U6,H1,intercept,,6,6.3223671252727405,1.1744550051123861,3.946494749816444,6.9644351463513061,1
U6,H1,m2,lag_0,6,-0.066665763242688664,0.021536744340910279,-0.085669550106548323,-0.026509019039278076,1
U6,H1,m2,lag_1,6,0.23166579453306876,0.041068268068378551,0.16699113150548375,0.2786018154592545,1
U6,H1,m2,lag_2,6,-0.25205182377907448,0.054689942924074302,-0.34575968106854482,-0.18582506913677194,1
U6,H1,retail_trade,lag_0,6,0.012719113291892648,0.0067593174186704958,0.0034526830478386339,0.019716957023252817,1
U6,H1,retail_trade,lag_1,6,0.0057579993897277732,0.0050902056850396825,0.00098030958016631642,0.014683123784089813,1
U6,H1,retail_trade,lag_2,6,-0.02975319198919853,0.007809081072784517,-0.041544103539742194,-0.018839701706859759,1
U6,H1,usd_uzs,lag_0,6,0.18748680156637243,0.19759763710736311,-0.20668570870256833,0.33212998211376293,2
U6,H1,usd_uzs,lag_1,6,-0.42968264099804093,0.12658510828623143,-0.53623887225272582,-0.1871950337470171,1
U6,H1,usd_uzs,lag_2,6,-0.035288694024936368,0.16319600613242377,-0.22010079151620071,0.26899038262970981,2
U6,H2,gdp_lag1,,6,0.40137714875169023,0.29570521760939988,0.10027602109322244,0.86254436973494941,1
U6,H2,industrial_production,lag_0,6,-0.082344391867141861,0.083577069157858924,-0.18248414975611676,0.028677255630744691,2
U6,H2,industrial_production,lag_1,6,0.084561472504461097,0.12433886767251588,-0.062620347866711557,0.25360357295693792,2
U6,H2,industrial_production,lag_2,6,-0.0052397374805335968,0.0090504620517719864,-0.018785779890524719,0.0083650382350439201,2
U6,H2,intercept,,6,5.5267152537476489,1.1854058346347189,3.9257998657252386,6.6052931024472672,1
U6,H2,m2,lag_0,6,0.1877201307598895,0.044953419169960186,0.12912566893673141,0.26301608839443058,1
U6,H2,m2,lag_1,6,-0.29261922770170057,0.060585431745395282,-0.36316640180796866,-0.18019925584506657,1
U6,H2,m2,lag_2,6,0.036750326170205773,0.11394798912306349,-0.139892913353452,0.20166096945625295,2
U6,H2,retail_trade,lag_0,6,0.010601187566083761,0.0016729613059132419,0.0091567623326033118,0.013724090783445969,1
U6,H2,retail_trade,lag_1,6,-0.026674591315348883,0.0084681986172608741,-0.041346462002153972,-0.017489517219323188,1
U6,H2,retail_trade,lag_2,6,0.02252875140322344,0.0046208881245350586,0.017649724729473043,0.030434779489449108,1
U6,H2,usd_uzs,lag_0,6,-0.26941386079914803,0.15558277417751001,-0.42151879169543022,0.0091269164250386992,2
U6,H2,usd_uzs,lag_1,6,-0.25704302914098576,0.47174248499012128,-0.97418296234883195,0.28187597172021261,2
U6,H2,usd_uzs,lag_2,6,0.050101307263959283,0.16157681985520983,-0.10786717201488998,0.36118470230221661,2
U6,H3,gdp_lag1,,6,1.0379264492295193,0.32374553527080391,0.56451596830925566,1.3078673871290325,1
U6,H3,industrial_production,lag_0,6,-0.10132074804386214,0.12098578971517324,-0.20042251546892487,0.055162543027585609,2
U6,H3,industrial_production,lag_1,6,0.032775112842750767,0.023833866059774604,0.0014096487944857128,0.062996289018902418,1
U6,H3,industrial_production,lag_2,6,-0.10151262562720675,0.045448452901243684,-0.13758566382598492,-0.011561872897102032,1
U6,H3,intercept,,6,6.814492393912313,2.8765261844038061,2.444651842313974,10.610159648374722,1
U6,H3,m2,lag_0,6,0.088668748206648121,0.096899395986637424,-0.066750593250877621,0.1641455482243539,2
U6,H3,m2,lag_1,6,-0.35808262837125332,0.14668937544859562,-0.49696039789610041,-0.15226674600913467,1
U6,H3,m2,lag_2,6,0.15204945959095886,0.1043325984504008,0.0067052131457044084,0.23686442922360826,1
U6,H3,retail_trade,lag_0,6,-0.020661004693496462,0.017514832441521452,-0.040001630663089996,0.0053902926389111094,2
U6,H3,retail_trade,lag_1,6,0.014094156574185959,0.023387126134523713,-0.015326661864187963,0.037394831823050589,2
U6,H3,retail_trade,lag_2,6,-0.009253924991881499,0.0068562159783970462,-0.017190598654855949,-0.00090949320662880861,1
U6,H3,usd_uzs,lag_0,6,-1.0118287178705845,0.5405691287414377,-1.6923708104032997,-0.29340596128573526,1
U6,H3,usd_uzs,lag_1,6,0.45965867392280285,0.098506046625338878,0.36612104483010605,0.61768948441757099,1
U6,H3,usd_uzs,lag_2,6,-0.91077078254642763,0.17541393004041297,-1.0477203559264014,-0.57720415233819988,1
