model,horizon,release_lag_mode,prospective_quarters_available,matched_quarters,coverage,forecast_availability,failure_rate,mean_revision_size,median_revision_size,maximum_revision_size,status,matched_n,rmse,production_rmse,relative_rmse,mae,production_mae,relative_mae,bias,median_abs_error,worst_abs_error,delta_RMSE,delta_MAE,percentage_improvement,quarters_better_than_production,quarters_worse_than_production,governance_flag,governance_checks
production_ensemble_ar2_usd,H1,standard,0,0,0,0,,,,,NOT_YET_EVALUABLE,0,,,,,,,,,,,,,0,0,FROZEN_PRODUCTION_BENCHMARK,
production_ensemble_ar2_usd,H2,standard,0,0,0,0,,,,,NOT_YET_EVALUABLE,0,,,,,,,,,,,,,0,0,FROZEN_PRODUCTION_BENCHMARK,
production_ensemble_ar2_usd,H3,standard,0,0,0,0,,,,,NOT_YET_EVALUABLE,0,,,,,,,,,,,,,0,0,FROZEN_PRODUCTION_BENCHMARK,
production_ensemble_ar2_usd,POOLED_H1_H3,standard,0,0,0,0,,,,,NOT_YET_EVALUABLE,0,,,,,,,,,,,,,0,0,FROZEN_PRODUCTION_BENCHMARK,
combination_equal_weight,H1,standard,0,0,0,0,,,,,NOT_YET_EVALUABLE,0,,,,,,,,,,,,,0,0,INSUFFICIENT_PROSPECTIVE_EVIDENCE,"{""bias"": false, ""coverage"": false, ""failures"": false, ""horizons"": false, ""influence"": false, ""lag_consistency"": false, ""mae"": false, ""reproducible"": true, ""revisions"": false}"
combination_equal_weight,H2,standard,0,0,0,0,,,,,NOT_YET_EVALUABLE,0,,,,,,,,,,,,,0,0,INSUFFICIENT_PROSPECTIVE_EVIDENCE,"{""bias"": false, ""coverage"": false, ""failures"": false, ""horizons"": false, ""influence"": false, ""lag_consistency"": false, ""mae"": false, ""reproducible"": true, ""revisions"": false}"
combination_equal_weight,H3,standard,0,0,0,0,,,,,NOT_YET_EVALUABLE,0,,,,,,,,,,,,,0,0,INSUFFICIENT_PROSPECTIVE_EVIDENCE,"{""bias"": false, ""coverage"": false, ""failures"": false, ""horizons"": false, ""influence"": false, ""lag_consistency"": false, ""mae"": false, ""reproducible"": true, ""revisions"": false}"
combination_equal_weight,POOLED_H1_H3,standard,0,0,0,0,,,,,NOT_YET_EVALUABLE,0,,,,,,,,,,,,,0,0,INSUFFICIENT_PROSPECTIVE_EVIDENCE,"{""bias"": false, ""coverage"": false, ""failures"": false, ""horizons"": false, ""influence"": false, ""lag_consistency"": false, ""mae"": false, ""reproducible"": true, ""revisions"": false}"
combination_inverse_past_rmse,H1,standard,0,0,0,0,,,,,NOT_YET_EVALUABLE,0,,,,,,,,,,,,,0,0,INSUFFICIENT_PROSPECTIVE_EVIDENCE,"{""bias"": false, ""coverage"": false, ""failures"": false, ""horizons"": false, ""influence"": false, ""lag_consistency"": false, ""mae"": false, ""reproducible"": true, ""revisions"": false}"
combination_inverse_past_rmse,H2,standard,0,0,0,0,,,,,NOT_YET_EVALUABLE,0,,,,,,,,,,,,,0,0,INSUFFICIENT_PROSPECTIVE_EVIDENCE,"{""bias"": false, ""coverage"": false, ""failures"": false, ""horizons"": false, ""influence"": false, ""lag_consistency"": false, ""mae"": false, ""reproducible"": true, ""revisions"": false}"
combination_inverse_past_rmse,H3,standard,0,0,0,0,,,,,NOT_YET_EVALUABLE,0,,,,,,,,,,,,,0,0,INSUFFICIENT_PROSPECTIVE_EVIDENCE,"{""bias"": false, ""coverage"": false, ""failures"": false, ""horizons"": false, ""influence"": false, ""lag_consistency"": false, ""mae"": false, ""reproducible"": true, ""revisions"": false}"
combination_inverse_past_rmse,POOLED_H1_H3,standard,0,0,0,0,,,,,NOT_YET_EVALUABLE,0,,,,,,,,,,,,,0,0,INSUFFICIENT_PROSPECTIVE_EVIDENCE,"{""bias"": false, ""coverage"": false, ""failures"": false, ""horizons"": false, ""influence"": false, ""lag_consistency"": false, ""mae"": false, ""reproducible"": true, ""revisions"": false}"
combination_nonnegative_past_stack,H1,standard,0,0,0,0,,,,,NOT_YET_EVALUABLE,0,,,,,,,,,,,,,0,0,INSUFFICIENT_PROSPECTIVE_EVIDENCE,"{""bias"": false, ""coverage"": false, ""failures"": false, ""horizons"": false, ""influence"": false, ""lag_consistency"": false, ""mae"": false, ""reproducible"": true, ""revisions"": false}"
combination_nonnegative_past_stack,H2,standard,0,0,0,0,,,,,NOT_YET_EVALUABLE,0,,,,,,,,,,,,,0,0,INSUFFICIENT_PROSPECTIVE_EVIDENCE,"{""bias"": false, ""coverage"": false, ""failures"": false, ""horizons"": false, ""influence"": false, ""lag_consistency"": false, ""mae"": false, ""reproducible"": true, ""revisions"": false}"
combination_nonnegative_past_stack,H3,standard,0,0,0,0,,,,,NOT_YET_EVALUABLE,0,,,,,,,,,,,,,0,0,INSUFFICIENT_PROSPECTIVE_EVIDENCE,"{""bias"": false, ""coverage"": false, ""failures"": false, ""horizons"": false, ""influence"": false, ""lag_consistency"": false, ""mae"": false, ""reproducible"": true, ""revisions"": false}"
combination_nonnegative_past_stack,POOLED_H1_H3,standard,0,0,0,0,,,,,NOT_YET_EVALUABLE,0,,,,,,,,,,,,,0,0,INSUFFICIENT_PROSPECTIVE_EVIDENCE,"{""bias"": false, ""coverage"": false, ""failures"": false, ""horizons"": false, ""influence"": false, ""lag_consistency"": false, ""mae"": false, ""reproducible"": true, ""revisions"": false}"
production_ensemble_ar2_usd,H1,conservative,0,0,0,0,,,,,NOT_YET_EVALUABLE,0,,,,,,,,,,,,,0,0,FROZEN_PRODUCTION_BENCHMARK,
production_ensemble_ar2_usd,H2,conservative,0,0,0,0,,,,,NOT_YET_EVALUABLE,0,,,,,,,,,,,,,0,0,FROZEN_PRODUCTION_BENCHMARK,
production_ensemble_ar2_usd,H3,conservative,0,0,0,0,,,,,NOT_YET_EVALUABLE,0,,,,,,,,,,,,,0,0,FROZEN_PRODUCTION_BENCHMARK,
production_ensemble_ar2_usd,POOLED_H1_H3,conservative,0,0,0,0,,,,,NOT_YET_EVALUABLE,0,,,,,,,,,,,,,0,0,FROZEN_PRODUCTION_BENCHMARK,
combination_equal_weight,H1,conservative,0,0,0,0,,,,,NOT_YET_EVALUABLE,0,,,,,,,,,,,,,0,0,INSUFFICIENT_PROSPECTIVE_EVIDENCE,"{""bias"": false, ""coverage"": false, ""failures"": false, ""horizons"": false, ""influence"": false, ""lag_consistency"": false, ""mae"": false, ""reproducible"": true, ""revisions"": false}"
combination_equal_weight,H2,conservative,0,0,0,0,,,,,NOT_YET_EVALUABLE,0,,,,,,,,,,,,,0,0,INSUFFICIENT_PROSPECTIVE_EVIDENCE,"{""bias"": false, ""coverage"": false, ""failures"": false, ""horizons"": false, ""influence"": false, ""lag_consistency"": false, ""mae"": false, ""reproducible"": true, ""revisions"": false}"
combination_equal_weight,H3,conservative,0,0,0,0,,,,,NOT_YET_EVALUABLE,0,,,,,,,,,,,,,0,0,INSUFFICIENT_PROSPECTIVE_EVIDENCE,"{""bias"": false, ""coverage"": false, ""failures"": false, ""horizons"": false, ""influence"": false, ""lag_consistency"": false, ""mae"": false, ""reproducible"": true, ""revisions"": false}"
combination_equal_weight,POOLED_H1_H3,conservative,0,0,0,0,,,,,NOT_YET_EVALUABLE,0,,,,,,,,,,,,,0,0,INSUFFICIENT_PROSPECTIVE_EVIDENCE,"{""bias"": false, ""coverage"": false, ""failures"": false, ""horizons"": false, ""influence"": false, ""lag_consistency"": false, ""mae"": false, ""reproducible"": true, ""revisions"": false}"
combination_inverse_past_rmse,H1,conservative,0,0,0,0,,,,,NOT_YET_EVALUABLE,0,,,,,,,,,,,,,0,0,INSUFFICIENT_PROSPECTIVE_EVIDENCE,"{""bias"": false, ""coverage"": false, ""failures"": false, ""horizons"": false, ""influence"": false, ""lag_consistency"": false, ""mae"": false, ""reproducible"": true, ""revisions"": false}"
combination_inverse_past_rmse,H2,conservative,0,0,0,0,,,,,NOT_YET_EVALUABLE,0,,,,,,,,,,,,,0,0,INSUFFICIENT_PROSPECTIVE_EVIDENCE,"{""bias"": false, ""coverage"": false, ""failures"": false, ""horizons"": false, ""influence"": false, ""lag_consistency"": false, ""mae"": false, ""reproducible"": true, ""revisions"": false}"
combination_inverse_past_rmse,H3,conservative,0,0,0,0,,,,,NOT_YET_EVALUABLE,0,,,,,,,,,,,,,0,0,INSUFFICIENT_PROSPECTIVE_EVIDENCE,"{""bias"": false, ""coverage"": false, ""failures"": false, ""horizons"": false, ""influence"": false, ""lag_consistency"": false, ""mae"": false, ""reproducible"": true, ""revisions"": false}"
combination_inverse_past_rmse,POOLED_H1_H3,conservative,0,0,0,0,,,,,NOT_YET_EVALUABLE,0,,,,,,,,,,,,,0,0,INSUFFICIENT_PROSPECTIVE_EVIDENCE,"{""bias"": false, ""coverage"": false, ""failures"": false, ""horizons"": false, ""influence"": false, ""lag_consistency"": false, ""mae"": false, ""reproducible"": true, ""revisions"": false}"
combination_nonnegative_past_stack,H1,conservative,0,0,0,0,,,,,NOT_YET_EVALUABLE,0,,,,,,,,,,,,,0,0,INSUFFICIENT_PROSPECTIVE_EVIDENCE,"{""bias"": false, ""coverage"": false, ""failures"": false, ""horizons"": false, ""influence"": false, ""lag_consistency"": false, ""mae"": false, ""reproducible"": true, ""revisions"": false}"
combination_nonnegative_past_stack,H2,conservative,0,0,0,0,,,,,NOT_YET_EVALUABLE,0,,,,,,,,,,,,,0,0,INSUFFICIENT_PROSPECTIVE_EVIDENCE,"{""bias"": false, ""coverage"": false, ""failures"": false, ""horizons"": false, ""influence"": false, ""lag_consistency"": false, ""mae"": false, ""reproducible"": true, ""revisions"": false}"
combination_nonnegative_past_stack,H3,conservative,0,0,0,0,,,,,NOT_YET_EVALUABLE,0,,,,,,,,,,,,,0,0,INSUFFICIENT_PROSPECTIVE_EVIDENCE,"{""bias"": false, ""coverage"": false, ""failures"": false, ""horizons"": false, ""influence"": false, ""lag_consistency"": false, ""mae"": false, ""reproducible"": true, ""revisions"": false}"
combination_nonnegative_past_stack,POOLED_H1_H3,conservative,0,0,0,0,,,,,NOT_YET_EVALUABLE,0,,,,,,,,,,,,,0,0,INSUFFICIENT_PROSPECTIVE_EVIDENCE,"{""bias"": false, ""coverage"": false, ""failures"": false, ""horizons"": false, ""influence"": false, ""lag_consistency"": false, ""mae"": false, ""reproducible"": true, ""revisions"": false}"
