target_quarter,horizon,lag_mode,forecast_origin_date,prior_quarter,prior_GDP_available_at_origin,prior_GDP_actual_release_date,prior_GDP_rule_available_date,release_date_quality,release_date_verified,available_GDP_quarters,excluded_pre_target_GDP,GDP_availability_changed,bridge_A_training_changed
2024Q1,H1,conservative,2024-01-31,2023Q4,False,,2024-02-15,APPROXIMATE_FALLBACK,False,"[""2018Q1"", ""2018Q2"", ""2018Q3"", ""2018Q4"", ""2019Q1"", ""2019Q2"", ""2019Q3"", ""2019Q4"", ""2020Q1"", ""2020Q2"", ""2020Q3"", ""2020Q4"", ""2021Q1"", ""2021Q2"", ""2021Q3"", ""2021Q4"", ""2022Q1"", ""2022Q2"", ""2022Q3"", ""2022Q4"", ""2023Q1"", ""2023Q2"", ""2023Q3""]","[""2023Q4""]",True,True
2024Q1,H1,standard,2024-01-31,2023Q4,False,,2024-02-15,APPROXIMATE_FALLBACK,False,"[""2018Q1"", ""2018Q2"", ""2018Q3"", ""2018Q4"", ""2019Q1"", ""2019Q2"", ""2019Q3"", ""2019Q4"", ""2020Q1"", ""2020Q2"", ""2020Q3"", ""2020Q4"", ""2021Q1"", ""2021Q2"", ""2021Q3"", ""2021Q4"", ""2022Q1"", ""2022Q2"", ""2022Q3"", ""2022Q4"", ""2023Q1"", ""2023Q2"", ""2023Q3""]","[""2023Q4""]",True,True
2024Q1,H2,conservative,2024-02-29,2023Q4,True,,2024-02-15,APPROXIMATE_FALLBACK,False,"[""2018Q1"", ""2018Q2"", ""2018Q3"", ""2018Q4"", ""2019Q1"", ""2019Q2"", ""2019Q3"", ""2019Q4"", ""2020Q1"", ""2020Q2"", ""2020Q3"", ""2020Q4"", ""2021Q1"", ""2021Q2"", ""2021Q3"", ""2021Q4"", ""2022Q1"", ""2022Q2"", ""2022Q3"", ""2022Q4"", ""2023Q1"", ""2023Q2"", ""2023Q3"", ""2023Q4""]",[],False,False
2024Q1,H2,standard,2024-02-29,2023Q4,True,,2024-02-15,APPROXIMATE_FALLBACK,False,"[""2018Q1"", ""2018Q2"", ""2018Q3"", ""2018Q4"", ""2019Q1"", ""2019Q2"", ""2019Q3"", ""2019Q4"", ""2020Q1"", ""2020Q2"", ""2020Q3"", ""2020Q4"", ""2021Q1"", ""2021Q2"", ""2021Q3"", ""2021Q4"", ""2022Q1"", ""2022Q2"", ""2022Q3"", ""2022Q4"", ""2023Q1"", ""2023Q2"", ""2023Q3"", ""2023Q4""]",[],False,False
2024Q1,H3,conservative,2024-03-31,2023Q4,True,,2024-02-15,APPROXIMATE_FALLBACK,False,"[""2018Q1"", ""2018Q2"", ""2018Q3"", ""2018Q4"", ""2019Q1"", ""2019Q2"", ""2019Q3"", ""2019Q4"", ""2020Q1"", ""2020Q2"", ""2020Q3"", ""2020Q4"", ""2021Q1"", ""2021Q2"", ""2021Q3"", ""2021Q4"", ""2022Q1"", ""2022Q2"", ""2022Q3"", ""2022Q4"", ""2023Q1"", ""2023Q2"", ""2023Q3"", ""2023Q4""]",[],False,False
2024Q1,H3,standard,2024-03-31,2023Q4,True,,2024-02-15,APPROXIMATE_FALLBACK,False,"[""2018Q1"", ""2018Q2"", ""2018Q3"", ""2018Q4"", ""2019Q1"", ""2019Q2"", ""2019Q3"", ""2019Q4"", ""2020Q1"", ""2020Q2"", ""2020Q3"", ""2020Q4"", ""2021Q1"", ""2021Q2"", ""2021Q3"", ""2021Q4"", ""2022Q1"", ""2022Q2"", ""2022Q3"", ""2022Q4"", ""2023Q1"", ""2023Q2"", ""2023Q3"", ""2023Q4""]",[],False,False
2024Q2,H1,conservative,2024-04-30,2024Q1,False,,2024-05-16,APPROXIMATE_FALLBACK,False,"[""2018Q1"", ""2018Q2"", ""2018Q3"", ""2018Q4"", ""2019Q1"", ""2019Q2"", ""2019Q3"", ""2019Q4"", ""2020Q1"", ""2020Q2"", ""2020Q3"", ""2020Q4"", ""2021Q1"", ""2021Q2"", ""2021Q3"", ""2021Q4"", ""2022Q1"", ""2022Q2"", ""2022Q3"", ""2022Q4"", ""2023Q1"", ""2023Q2"", ""2023Q3"", ""2023Q4""]","[""2024Q1""]",True,True
2024Q2,H1,standard,2024-04-30,2024Q1,False,,2024-05-16,APPROXIMATE_FALLBACK,False,"[""2018Q1"", ""2018Q2"", ""2018Q3"", ""2018Q4"", ""2019Q1"", ""2019Q2"", ""2019Q3"", ""2019Q4"", ""2020Q1"", ""2020Q2"", ""2020Q3"", ""2020Q4"", ""2021Q1"", ""2021Q2"", ""2021Q3"", ""2021Q4"", ""2022Q1"", ""2022Q2"", ""2022Q3"", ""2022Q4"", ""2023Q1"", ""2023Q2"", ""2023Q3"", ""2023Q4""]","[""2024Q1""]",True,True
2024Q2,H2,conservative,2024-05-31,2024Q1,True,,2024-05-16,APPROXIMATE_FALLBACK,False,"[""2018Q1"", ""2018Q2"", ""2018Q3"", ""2018Q4"", ""2019Q1"", ""2019Q2"", ""2019Q3"", ""2019Q4"", ""2020Q1"", ""2020Q2"", ""2020Q3"", ""2020Q4"", ""2021Q1"", ""2021Q2"", ""2021Q3"", ""2021Q4"", ""2022Q1"", ""2022Q2"", ""2022Q3"", ""2022Q4"", ""2023Q1"", ""2023Q2"", ""2023Q3"", ""2023Q4"", ""2024Q1""]",[],False,False
2024Q2,H2,standard,2024-05-31,2024Q1,True,,2024-05-16,APPROXIMATE_FALLBACK,False,"[""2018Q1"", ""2018Q2"", ""2018Q3"", ""2018Q4"", ""2019Q1"", ""2019Q2"", ""2019Q3"", ""2019Q4"", ""2020Q1"", ""2020Q2"", ""2020Q3"", ""2020Q4"", ""2021Q1"", ""2021Q2"", ""2021Q3"", ""2021Q4"", ""2022Q1"", ""2022Q2"", ""2022Q3"", ""2022Q4"", ""2023Q1"", ""2023Q2"", ""2023Q3"", ""2023Q4"", ""2024Q1""]",[],False,False
2024Q2,H3,conservative,2024-06-30,2024Q1,True,,2024-05-16,APPROXIMATE_FALLBACK,False,"[""2018Q1"", ""2018Q2"", ""2018Q3"", ""2018Q4"", ""2019Q1"", ""2019Q2"", ""2019Q3"", ""2019Q4"", ""2020Q1"", ""2020Q2"", ""2020Q3"", ""2020Q4"", ""2021Q1"", ""2021Q2"", ""2021Q3"", ""2021Q4"", ""2022Q1"", ""2022Q2"", ""2022Q3"", ""2022Q4"", ""2023Q1"", ""2023Q2"", ""2023Q3"", ""2023Q4"", ""2024Q1""]",[],False,False
2024Q2,H3,standard,2024-06-30,2024Q1,True,,2024-05-16,APPROXIMATE_FALLBACK,False,"[""2018Q1"", ""2018Q2"", ""2018Q3"", ""2018Q4"", ""2019Q1"", ""2019Q2"", ""2019Q3"", ""2019Q4"", ""2020Q1"", ""2020Q2"", ""2020Q3"", ""2020Q4"", ""2021Q1"", ""2021Q2"", ""2021Q3"", ""2021Q4"", ""2022Q1"", ""2022Q2"", ""2022Q3"", ""2022Q4"", ""2023Q1"", ""2023Q2"", ""2023Q3"", ""2023Q4"", ""2024Q1""]",[],False,False
2024Q3,H1,conservative,2024-07-31,2024Q2,False,,2024-08-15,APPROXIMATE_FALLBACK,False,"[""2018Q1"", ""2018Q2"", ""2018Q3"", ""2018Q4"", ""2019Q1"", ""2019Q2"", ""2019Q3"", ""2019Q4"", ""2020Q1"", ""2020Q2"", ""2020Q3"", ""2020Q4"", ""2021Q1"", ""2021Q2"", ""2021Q3"", ""2021Q4"", ""2022Q1"", ""2022Q2"", ""2022Q3"", ""2022Q4"", ""2023Q1"", ""2023Q2"", ""2023Q3"", ""2023Q4"", ""2024Q1""]","[""2024Q2""]",True,True
2024Q3,H1,standard,2024-07-31,2024Q2,False,,2024-08-15,APPROXIMATE_FALLBACK,False,"[""2018Q1"", ""2018Q2"", ""2018Q3"", ""2018Q4"", ""2019Q1"", ""2019Q2"", ""2019Q3"", ""2019Q4"", ""2020Q1"", ""2020Q2"", ""2020Q3"", ""2020Q4"", ""2021Q1"", ""2021Q2"", ""2021Q3"", ""2021Q4"", ""2022Q1"", ""2022Q2"", ""2022Q3"", ""2022Q4"", ""2023Q1"", ""2023Q2"", ""2023Q3"", ""2023Q4"", ""2024Q1""]","[""2024Q2""]",True,True
2024Q3,H2,conservative,2024-08-31,2024Q2,True,,2024-08-15,APPROXIMATE_FALLBACK,False,"[""2018Q1"", ""2018Q2"", ""2018Q3"", ""2018Q4"", ""2019Q1"", ""2019Q2"", ""2019Q3"", ""2019Q4"", ""2020Q1"", ""2020Q2"", ""2020Q3"", ""2020Q4"", ""2021Q1"", ""2021Q2"", ""2021Q3"", ""2021Q4"", ""2022Q1"", ""2022Q2"", ""2022Q3"", ""2022Q4"", ""2023Q1"", ""2023Q2"", ""2023Q3"", ""2023Q4"", ""2024Q1"", ""2024Q2""]",[],False,False
2024Q3,H2,standard,2024-08-31,2024Q2,True,,2024-08-15,APPROXIMATE_FALLBACK,False,"[""2018Q1"", ""2018Q2"", ""2018Q3"", ""2018Q4"", ""2019Q1"", ""2019Q2"", ""2019Q3"", ""2019Q4"", ""2020Q1"", ""2020Q2"", ""2020Q3"", ""2020Q4"", ""2021Q1"", ""2021Q2"", ""2021Q3"", ""2021Q4"", ""2022Q1"", ""2022Q2"", ""2022Q3"", ""2022Q4"", ""2023Q1"", ""2023Q2"", ""2023Q3"", ""2023Q4"", ""2024Q1"", ""2024Q2""]",[],False,False
2024Q3,H3,conservative,2024-09-30,2024Q2,True,,2024-08-15,APPROXIMATE_FALLBACK,False,"[""2018Q1"", ""2018Q2"", ""2018Q3"", ""2018Q4"", ""2019Q1"", ""2019Q2"", ""2019Q3"", ""2019Q4"", ""2020Q1"", ""2020Q2"", ""2020Q3"", ""2020Q4"", ""2021Q1"", ""2021Q2"", ""2021Q3"", ""2021Q4"", ""2022Q1"", ""2022Q2"", ""2022Q3"", ""2022Q4"", ""2023Q1"", ""2023Q2"", ""2023Q3"", ""2023Q4"", ""2024Q1"", ""2024Q2""]",[],False,False
2024Q3,H3,standard,2024-09-30,2024Q2,True,,2024-08-15,APPROXIMATE_FALLBACK,False,"[""2018Q1"", ""2018Q2"", ""2018Q3"", ""2018Q4"", ""2019Q1"", ""2019Q2"", ""2019Q3"", ""2019Q4"", ""2020Q1"", ""2020Q2"", ""2020Q3"", ""2020Q4"", ""2021Q1"", ""2021Q2"", ""2021Q3"", ""2021Q4"", ""2022Q1"", ""2022Q2"", ""2022Q3"", ""2022Q4"", ""2023Q1"", ""2023Q2"", ""2023Q3"", ""2023Q4"", ""2024Q1"", ""2024Q2""]",[],False,False
2024Q4,H1,conservative,2024-10-31,2024Q3,False,,2024-11-15,APPROXIMATE_FALLBACK,False,"[""2018Q1"", ""2018Q2"", ""2018Q3"", ""2018Q4"", ""2019Q1"", ""2019Q2"", ""2019Q3"", ""2019Q4"", ""2020Q1"", ""2020Q2"", ""2020Q3"", ""2020Q4"", ""2021Q1"", ""2021Q2"", ""2021Q3"", ""2021Q4"", ""2022Q1"", ""2022Q2"", ""2022Q3"", ""2022Q4"", ""2023Q1"", ""2023Q2"", ""2023Q3"", ""2023Q4"", ""2024Q1"", ""2024Q2""]","[""2024Q3""]",True,True
2024Q4,H1,standard,2024-10-31,2024Q3,False,,2024-11-15,APPROXIMATE_FALLBACK,False,"[""2018Q1"", ""2018Q2"", ""2018Q3"", ""2018Q4"", ""2019Q1"", ""2019Q2"", ""2019Q3"", ""2019Q4"", ""2020Q1"", ""2020Q2"", ""2020Q3"", ""2020Q4"", ""2021Q1"", ""2021Q2"", ""2021Q3"", ""2021Q4"", ""2022Q1"", ""2022Q2"", ""2022Q3"", ""2022Q4"", ""2023Q1"", ""2023Q2"", ""2023Q3"", ""2023Q4"", ""2024Q1"", ""2024Q2""]","[""2024Q3""]",True,True
2024Q4,H2,conservative,2024-11-30,2024Q3,True,,2024-11-15,APPROXIMATE_FALLBACK,False,"[""2018Q1"", ""2018Q2"", ""2018Q3"", ""2018Q4"", ""2019Q1"", ""2019Q2"", ""2019Q3"", ""2019Q4"", ""2020Q1"", ""2020Q2"", ""2020Q3"", ""2020Q4"", ""2021Q1"", ""2021Q2"", ""2021Q3"", ""2021Q4"", ""2022Q1"", ""2022Q2"", ""2022Q3"", ""2022Q4"", ""2023Q1"", ""2023Q2"", ""2023Q3"", ""2023Q4"", ""2024Q1"", ""2024Q2"", ""2024Q3""]",[],False,False
2024Q4,H2,standard,2024-11-30,2024Q3,True,,2024-11-15,APPROXIMATE_FALLBACK,False,"[""2018Q1"", ""2018Q2"", ""2018Q3"", ""2018Q4"", ""2019Q1"", ""2019Q2"", ""2019Q3"", ""2019Q4"", ""2020Q1"", ""2020Q2"", ""2020Q3"", ""2020Q4"", ""2021Q1"", ""2021Q2"", ""2021Q3"", ""2021Q4"", ""2022Q1"", ""2022Q2"", ""2022Q3"", ""2022Q4"", ""2023Q1"", ""2023Q2"", ""2023Q3"", ""2023Q4"", ""2024Q1"", ""2024Q2"", ""2024Q3""]",[],False,False
2024Q4,H3,conservative,2024-12-31,2024Q3,True,,2024-11-15,APPROXIMATE_FALLBACK,False,"[""2018Q1"", ""2018Q2"", ""2018Q3"", ""2018Q4"", ""2019Q1"", ""2019Q2"", ""2019Q3"", ""2019Q4"", ""2020Q1"", ""2020Q2"", ""2020Q3"", ""2020Q4"", ""2021Q1"", ""2021Q2"", ""2021Q3"", ""2021Q4"", ""2022Q1"", ""2022Q2"", ""2022Q3"", ""2022Q4"", ""2023Q1"", ""2023Q2"", ""2023Q3"", ""2023Q4"", ""2024Q1"", ""2024Q2"", ""2024Q3""]",[],False,False
2024Q4,H3,standard,2024-12-31,2024Q3,True,,2024-11-15,APPROXIMATE_FALLBACK,False,"[""2018Q1"", ""2018Q2"", ""2018Q3"", ""2018Q4"", ""2019Q1"", ""2019Q2"", ""2019Q3"", ""2019Q4"", ""2020Q1"", ""2020Q2"", ""2020Q3"", ""2020Q4"", ""2021Q1"", ""2021Q2"", ""2021Q3"", ""2021Q4"", ""2022Q1"", ""2022Q2"", ""2022Q3"", ""2022Q4"", ""2023Q1"", ""2023Q2"", ""2023Q3"", ""2023Q4"", ""2024Q1"", ""2024Q2"", ""2024Q3""]",[],False,False
2025Q1,H1,conservative,2025-01-31,2024Q4,False,,2025-02-15,APPROXIMATE_FALLBACK,False,"[""2018Q1"", ""2018Q2"", ""2018Q3"", ""2018Q4"", ""2019Q1"", ""2019Q2"", ""2019Q3"", ""2019Q4"", ""2020Q1"", ""2020Q2"", ""2020Q3"", ""2020Q4"", ""2021Q1"", ""2021Q2"", ""2021Q3"", ""2021Q4"", ""2022Q1"", ""2022Q2"", ""2022Q3"", ""2022Q4"", ""2023Q1"", ""2023Q2"", ""2023Q3"", ""2023Q4"", ""2024Q1"", ""2024Q2"", ""2024Q3""]","[""2024Q4""]",True,True
2025Q1,H1,standard,2025-01-31,2024Q4,False,,2025-02-15,APPROXIMATE_FALLBACK,False,"[""2018Q1"", ""2018Q2"", ""2018Q3"", ""2018Q4"", ""2019Q1"", ""2019Q2"", ""2019Q3"", ""2019Q4"", ""2020Q1"", ""2020Q2"", ""2020Q3"", ""2020Q4"", ""2021Q1"", ""2021Q2"", ""2021Q3"", ""2021Q4"", ""2022Q1"", ""2022Q2"", ""2022Q3"", ""2022Q4"", ""2023Q1"", ""2023Q2"", ""2023Q3"", ""2023Q4"", ""2024Q1"", ""2024Q2"", ""2024Q3""]","[""2024Q4""]",True,True
2025Q1,H2,conservative,2025-02-28,2024Q4,True,,2025-02-15,APPROXIMATE_FALLBACK,False,"[""2018Q1"", ""2018Q2"", ""2018Q3"", ""2018Q4"", ""2019Q1"", ""2019Q2"", ""2019Q3"", ""2019Q4"", ""2020Q1"", ""2020Q2"", ""2020Q3"", ""2020Q4"", ""2021Q1"", ""2021Q2"", ""2021Q3"", ""2021Q4"", ""2022Q1"", ""2022Q2"", ""2022Q3"", ""2022Q4"", ""2023Q1"", ""2023Q2"", ""2023Q3"", ""2023Q4"", ""2024Q1"", ""2024Q2"", ""2024Q3"", ""2024Q4""]",[],False,False
2025Q1,H2,standard,2025-02-28,2024Q4,True,,2025-02-15,APPROXIMATE_FALLBACK,False,"[""2018Q1"", ""2018Q2"", ""2018Q3"", ""2018Q4"", ""2019Q1"", ""2019Q2"", ""2019Q3"", ""2019Q4"", ""2020Q1"", ""2020Q2"", ""2020Q3"", ""2020Q4"", ""2021Q1"", ""2021Q2"", ""2021Q3"", ""2021Q4"", ""2022Q1"", ""2022Q2"", ""2022Q3"", ""2022Q4"", ""2023Q1"", ""2023Q2"", ""2023Q3"", ""2023Q4"", ""2024Q1"", ""2024Q2"", ""2024Q3"", ""2024Q4""]",[],False,False
2025Q1,H3,conservative,2025-03-31,2024Q4,True,,2025-02-15,APPROXIMATE_FALLBACK,False,"[""2018Q1"", ""2018Q2"", ""2018Q3"", ""2018Q4"", ""2019Q1"", ""2019Q2"", ""2019Q3"", ""2019Q4"", ""2020Q1"", ""2020Q2"", ""2020Q3"", ""2020Q4"", ""2021Q1"", ""2021Q2"", ""2021Q3"", ""2021Q4"", ""2022Q1"", ""2022Q2"", ""2022Q3"", ""2022Q4"", ""2023Q1"", ""2023Q2"", ""2023Q3"", ""2023Q4"", ""2024Q1"", ""2024Q2"", ""2024Q3"", ""2024Q4""]",[],False,False
2025Q1,H3,standard,2025-03-31,2024Q4,True,,2025-02-15,APPROXIMATE_FALLBACK,False,"[""2018Q1"", ""2018Q2"", ""2018Q3"", ""2018Q4"", ""2019Q1"", ""2019Q2"", ""2019Q3"", ""2019Q4"", ""2020Q1"", ""2020Q2"", ""2020Q3"", ""2020Q4"", ""2021Q1"", ""2021Q2"", ""2021Q3"", ""2021Q4"", ""2022Q1"", ""2022Q2"", ""2022Q3"", ""2022Q4"", ""2023Q1"", ""2023Q2"", ""2023Q3"", ""2023Q4"", ""2024Q1"", ""2024Q2"", ""2024Q3"", ""2024Q4""]",[],False,False
2025Q2,H1,conservative,2025-04-30,2025Q1,False,,2025-05-16,APPROXIMATE_FALLBACK,False,"[""2018Q1"", ""2018Q2"", ""2018Q3"", ""2018Q4"", ""2019Q1"", ""2019Q2"", ""2019Q3"", ""2019Q4"", ""2020Q1"", ""2020Q2"", ""2020Q3"", ""2020Q4"", ""2021Q1"", ""2021Q2"", ""2021Q3"", ""2021Q4"", ""2022Q1"", ""2022Q2"", ""2022Q3"", ""2022Q4"", ""2023Q1"", ""2023Q2"", ""2023Q3"", ""2023Q4"", ""2024Q1"", ""2024Q2"", ""2024Q3"", ""2024Q4""]","[""2025Q1""]",True,True
2025Q2,H1,standard,2025-04-30,2025Q1,False,,2025-05-16,APPROXIMATE_FALLBACK,False,"[""2018Q1"", ""2018Q2"", ""2018Q3"", ""2018Q4"", ""2019Q1"", ""2019Q2"", ""2019Q3"", ""2019Q4"", ""2020Q1"", ""2020Q2"", ""2020Q3"", ""2020Q4"", ""2021Q1"", ""2021Q2"", ""2021Q3"", ""2021Q4"", ""2022Q1"", ""2022Q2"", ""2022Q3"", ""2022Q4"", ""2023Q1"", ""2023Q2"", ""2023Q3"", ""2023Q4"", ""2024Q1"", ""2024Q2"", ""2024Q3"", ""2024Q4""]","[""2025Q1""]",True,True
2025Q2,H2,conservative,2025-05-31,2025Q1,True,,2025-05-16,APPROXIMATE_FALLBACK,False,"[""2018Q1"", ""2018Q2"", ""2018Q3"", ""2018Q4"", ""2019Q1"", ""2019Q2"", ""2019Q3"", ""2019Q4"", ""2020Q1"", ""2020Q2"", ""2020Q3"", ""2020Q4"", ""2021Q1"", ""2021Q2"", ""2021Q3"", ""2021Q4"", ""2022Q1"", ""2022Q2"", ""2022Q3"", ""2022Q4"", ""2023Q1"", ""2023Q2"", ""2023Q3"", ""2023Q4"", ""2024Q1"", ""2024Q2"", ""2024Q3"", ""2024Q4"", ""2025Q1""]",[],False,False
2025Q2,H2,standard,2025-05-31,2025Q1,True,,2025-05-16,APPROXIMATE_FALLBACK,False,"[""2018Q1"", ""2018Q2"", ""2018Q3"", ""2018Q4"", ""2019Q1"", ""2019Q2"", ""2019Q3"", ""2019Q4"", ""2020Q1"", ""2020Q2"", ""2020Q3"", ""2020Q4"", ""2021Q1"", ""2021Q2"", ""2021Q3"", ""2021Q4"", ""2022Q1"", ""2022Q2"", ""2022Q3"", ""2022Q4"", ""2023Q1"", ""2023Q2"", ""2023Q3"", ""2023Q4"", ""2024Q1"", ""2024Q2"", ""2024Q3"", ""2024Q4"", ""2025Q1""]",[],False,False
2025Q2,H3,conservative,2025-06-30,2025Q1,True,,2025-05-16,APPROXIMATE_FALLBACK,False,"[""2018Q1"", ""2018Q2"", ""2018Q3"", ""2018Q4"", ""2019Q1"", ""2019Q2"", ""2019Q3"", ""2019Q4"", ""2020Q1"", ""2020Q2"", ""2020Q3"", ""2020Q4"", ""2021Q1"", ""2021Q2"", ""2021Q3"", ""2021Q4"", ""2022Q1"", ""2022Q2"", ""2022Q3"", ""2022Q4"", ""2023Q1"", ""2023Q2"", ""2023Q3"", ""2023Q4"", ""2024Q1"", ""2024Q2"", ""2024Q3"", ""2024Q4"", ""2025Q1""]",[],False,False
2025Q2,H3,standard,2025-06-30,2025Q1,True,,2025-05-16,APPROXIMATE_FALLBACK,False,"[""2018Q1"", ""2018Q2"", ""2018Q3"", ""2018Q4"", ""2019Q1"", ""2019Q2"", ""2019Q3"", ""2019Q4"", ""2020Q1"", ""2020Q2"", ""2020Q3"", ""2020Q4"", ""2021Q1"", ""2021Q2"", ""2021Q3"", ""2021Q4"", ""2022Q1"", ""2022Q2"", ""2022Q3"", ""2022Q4"", ""2023Q1"", ""2023Q2"", ""2023Q3"", ""2023Q4"", ""2024Q1"", ""2024Q2"", ""2024Q3"", ""2024Q4"", ""2025Q1""]",[],False,False
2025Q3,H1,conservative,2025-07-31,2025Q2,False,,2025-08-15,APPROXIMATE_FALLBACK,False,"[""2018Q1"", ""2018Q2"", ""2018Q3"", ""2018Q4"", ""2019Q1"", ""2019Q2"", ""2019Q3"", ""2019Q4"", ""2020Q1"", ""2020Q2"", ""2020Q3"", ""2020Q4"", ""2021Q1"", ""2021Q2"", ""2021Q3"", ""2021Q4"", ""2022Q1"", ""2022Q2"", ""2022Q3"", ""2022Q4"", ""2023Q1"", ""2023Q2"", ""2023Q3"", ""2023Q4"", ""2024Q1"", ""2024Q2"", ""2024Q3"", ""2024Q4"", ""2025Q1""]","[""2025Q2""]",True,True
2025Q3,H1,standard,2025-07-31,2025Q2,False,,2025-08-15,APPROXIMATE_FALLBACK,False,"[""2018Q1"", ""2018Q2"", ""2018Q3"", ""2018Q4"", ""2019Q1"", ""2019Q2"", ""2019Q3"", ""2019Q4"", ""2020Q1"", ""2020Q2"", ""2020Q3"", ""2020Q4"", ""2021Q1"", ""2021Q2"", ""2021Q3"", ""2021Q4"", ""2022Q1"", ""2022Q2"", ""2022Q3"", ""2022Q4"", ""2023Q1"", ""2023Q2"", ""2023Q3"", ""2023Q4"", ""2024Q1"", ""2024Q2"", ""2024Q3"", ""2024Q4"", ""2025Q1""]","[""2025Q2""]",True,True
2025Q3,H2,conservative,2025-08-31,2025Q2,True,,2025-08-15,APPROXIMATE_FALLBACK,False,"[""2018Q1"", ""2018Q2"", ""2018Q3"", ""2018Q4"", ""2019Q1"", ""2019Q2"", ""2019Q3"", ""2019Q4"", ""2020Q1"", ""2020Q2"", ""2020Q3"", ""2020Q4"", ""2021Q1"", ""2021Q2"", ""2021Q3"", ""2021Q4"", ""2022Q1"", ""2022Q2"", ""2022Q3"", ""2022Q4"", ""2023Q1"", ""2023Q2"", ""2023Q3"", ""2023Q4"", ""2024Q1"", ""2024Q2"", ""2024Q3"", ""2024Q4"", ""2025Q1"", ""2025Q2""]",[],False,False
2025Q3,H2,standard,2025-08-31,2025Q2,True,,2025-08-15,APPROXIMATE_FALLBACK,False,"[""2018Q1"", ""2018Q2"", ""2018Q3"", ""2018Q4"", ""2019Q1"", ""2019Q2"", ""2019Q3"", ""2019Q4"", ""2020Q1"", ""2020Q2"", ""2020Q3"", ""2020Q4"", ""2021Q1"", ""2021Q2"", ""2021Q3"", ""2021Q4"", ""2022Q1"", ""2022Q2"", ""2022Q3"", ""2022Q4"", ""2023Q1"", ""2023Q2"", ""2023Q3"", ""2023Q4"", ""2024Q1"", ""2024Q2"", ""2024Q3"", ""2024Q4"", ""2025Q1"", ""2025Q2""]",[],False,False
2025Q3,H3,conservative,2025-09-30,2025Q2,True,,2025-08-15,APPROXIMATE_FALLBACK,False,"[""2018Q1"", ""2018Q2"", ""2018Q3"", ""2018Q4"", ""2019Q1"", ""2019Q2"", ""2019Q3"", ""2019Q4"", ""2020Q1"", ""2020Q2"", ""2020Q3"", ""2020Q4"", ""2021Q1"", ""2021Q2"", ""2021Q3"", ""2021Q4"", ""2022Q1"", ""2022Q2"", ""2022Q3"", ""2022Q4"", ""2023Q1"", ""2023Q2"", ""2023Q3"", ""2023Q4"", ""2024Q1"", ""2024Q2"", ""2024Q3"", ""2024Q4"", ""2025Q1"", ""2025Q2""]",[],False,False
2025Q3,H3,standard,2025-09-30,2025Q2,True,,2025-08-15,APPROXIMATE_FALLBACK,False,"[""2018Q1"", ""2018Q2"", ""2018Q3"", ""2018Q4"", ""2019Q1"", ""2019Q2"", ""2019Q3"", ""2019Q4"", ""2020Q1"", ""2020Q2"", ""2020Q3"", ""2020Q4"", ""2021Q1"", ""2021Q2"", ""2021Q3"", ""2021Q4"", ""2022Q1"", ""2022Q2"", ""2022Q3"", ""2022Q4"", ""2023Q1"", ""2023Q2"", ""2023Q3"", ""2023Q4"", ""2024Q1"", ""2024Q2"", ""2024Q3"", ""2024Q4"", ""2025Q1"", ""2025Q2""]",[],False,False
2025Q4,H1,conservative,2025-10-31,2025Q3,False,,2025-11-15,APPROXIMATE_FALLBACK,False,"[""2018Q1"", ""2018Q2"", ""2018Q3"", ""2018Q4"", ""2019Q1"", ""2019Q2"", ""2019Q3"", ""2019Q4"", ""2020Q1"", ""2020Q2"", ""2020Q3"", ""2020Q4"", ""2021Q1"", ""2021Q2"", ""2021Q3"", ""2021Q4"", ""2022Q1"", ""2022Q2"", ""2022Q3"", ""2022Q4"", ""2023Q1"", ""2023Q2"", ""2023Q3"", ""2023Q4"", ""2024Q1"", ""2024Q2"", ""2024Q3"", ""2024Q4"", ""2025Q1"", ""2025Q2""]","[""2025Q3""]",True,True
2025Q4,H1,standard,2025-10-31,2025Q3,False,,2025-11-15,APPROXIMATE_FALLBACK,False,"[""2018Q1"", ""2018Q2"", ""2018Q3"", ""2018Q4"", ""2019Q1"", ""2019Q2"", ""2019Q3"", ""2019Q4"", ""2020Q1"", ""2020Q2"", ""2020Q3"", ""2020Q4"", ""2021Q1"", ""2021Q2"", ""2021Q3"", ""2021Q4"", ""2022Q1"", ""2022Q2"", ""2022Q3"", ""2022Q4"", ""2023Q1"", ""2023Q2"", ""2023Q3"", ""2023Q4"", ""2024Q1"", ""2024Q2"", ""2024Q3"", ""2024Q4"", ""2025Q1"", ""2025Q2""]","[""2025Q3""]",True,True
2025Q4,H2,conservative,2025-11-30,2025Q3,True,,2025-11-15,APPROXIMATE_FALLBACK,False,"[""2018Q1"", ""2018Q2"", ""2018Q3"", ""2018Q4"", ""2019Q1"", ""2019Q2"", ""2019Q3"", ""2019Q4"", ""2020Q1"", ""2020Q2"", ""2020Q3"", ""2020Q4"", ""2021Q1"", ""2021Q2"", ""2021Q3"", ""2021Q4"", ""2022Q1"", ""2022Q2"", ""2022Q3"", ""2022Q4"", ""2023Q1"", ""2023Q2"", ""2023Q3"", ""2023Q4"", ""2024Q1"", ""2024Q2"", ""2024Q3"", ""2024Q4"", ""2025Q1"", ""2025Q2"", ""2025Q3""]",[],False,False
2025Q4,H2,standard,2025-11-30,2025Q3,True,,2025-11-15,APPROXIMATE_FALLBACK,False,"[""2018Q1"", ""2018Q2"", ""2018Q3"", ""2018Q4"", ""2019Q1"", ""2019Q2"", ""2019Q3"", ""2019Q4"", ""2020Q1"", ""2020Q2"", ""2020Q3"", ""2020Q4"", ""2021Q1"", ""2021Q2"", ""2021Q3"", ""2021Q4"", ""2022Q1"", ""2022Q2"", ""2022Q3"", ""2022Q4"", ""2023Q1"", ""2023Q2"", ""2023Q3"", ""2023Q4"", ""2024Q1"", ""2024Q2"", ""2024Q3"", ""2024Q4"", ""2025Q1"", ""2025Q2"", ""2025Q3""]",[],False,False
2025Q4,H3,conservative,2025-12-31,2025Q3,True,,2025-11-15,APPROXIMATE_FALLBACK,False,"[""2018Q1"", ""2018Q2"", ""2018Q3"", ""2018Q4"", ""2019Q1"", ""2019Q2"", ""2019Q3"", ""2019Q4"", ""2020Q1"", ""2020Q2"", ""2020Q3"", ""2020Q4"", ""2021Q1"", ""2021Q2"", ""2021Q3"", ""2021Q4"", ""2022Q1"", ""2022Q2"", ""2022Q3"", ""2022Q4"", ""2023Q1"", ""2023Q2"", ""2023Q3"", ""2023Q4"", ""2024Q1"", ""2024Q2"", ""2024Q3"", ""2024Q4"", ""2025Q1"", ""2025Q2"", ""2025Q3""]",[],False,False
2025Q4,H3,standard,2025-12-31,2025Q3,True,,2025-11-15,APPROXIMATE_FALLBACK,False,"[""2018Q1"", ""2018Q2"", ""2018Q3"", ""2018Q4"", ""2019Q1"", ""2019Q2"", ""2019Q3"", ""2019Q4"", ""2020Q1"", ""2020Q2"", ""2020Q3"", ""2020Q4"", ""2021Q1"", ""2021Q2"", ""2021Q3"", ""2021Q4"", ""2022Q1"", ""2022Q2"", ""2022Q3"", ""2022Q4"", ""2023Q1"", ""2023Q2"", ""2023Q3"", ""2023Q4"", ""2024Q1"", ""2024Q2"", ""2024Q3"", ""2024Q4"", ""2025Q1"", ""2025Q2"", ""2025Q3""]",[],False,False
2026Q1,H1,conservative,2026-01-31,2025Q4,False,,2026-02-15,APPROXIMATE_FALLBACK,False,"[""2018Q1"", ""2018Q2"", ""2018Q3"", ""2018Q4"", ""2019Q1"", ""2019Q2"", ""2019Q3"", ""2019Q4"", ""2020Q1"", ""2020Q2"", ""2020Q3"", ""2020Q4"", ""2021Q1"", ""2021Q2"", ""2021Q3"", ""2021Q4"", ""2022Q1"", ""2022Q2"", ""2022Q3"", ""2022Q4"", ""2023Q1"", ""2023Q2"", ""2023Q3"", ""2023Q4"", ""2024Q1"", ""2024Q2"", ""2024Q3"", ""2024Q4"", ""2025Q1"", ""2025Q2"", ""2025Q3""]","[""2025Q4""]",True,True
2026Q1,H1,standard,2026-01-31,2025Q4,False,,2026-02-15,APPROXIMATE_FALLBACK,False,"[""2018Q1"", ""2018Q2"", ""2018Q3"", ""2018Q4"", ""2019Q1"", ""2019Q2"", ""2019Q3"", ""2019Q4"", ""2020Q1"", ""2020Q2"", ""2020Q3"", ""2020Q4"", ""2021Q1"", ""2021Q2"", ""2021Q3"", ""2021Q4"", ""2022Q1"", ""2022Q2"", ""2022Q3"", ""2022Q4"", ""2023Q1"", ""2023Q2"", ""2023Q3"", ""2023Q4"", ""2024Q1"", ""2024Q2"", ""2024Q3"", ""2024Q4"", ""2025Q1"", ""2025Q2"", ""2025Q3""]","[""2025Q4""]",True,True
2026Q1,H2,conservative,2026-02-28,2025Q4,True,,2026-02-15,APPROXIMATE_FALLBACK,False,"[""2018Q1"", ""2018Q2"", ""2018Q3"", ""2018Q4"", ""2019Q1"", ""2019Q2"", ""2019Q3"", ""2019Q4"", ""2020Q1"", ""2020Q2"", ""2020Q3"", ""2020Q4"", ""2021Q1"", ""2021Q2"", ""2021Q3"", ""2021Q4"", ""2022Q1"", ""2022Q2"", ""2022Q3"", ""2022Q4"", ""2023Q1"", ""2023Q2"", ""2023Q3"", ""2023Q4"", ""2024Q1"", ""2024Q2"", ""2024Q3"", ""2024Q4"", ""2025Q1"", ""2025Q2"", ""2025Q3"", ""2025Q4""]",[],False,False
2026Q1,H2,standard,2026-02-28,2025Q4,True,,2026-02-15,APPROXIMATE_FALLBACK,False,"[""2018Q1"", ""2018Q2"", ""2018Q3"", ""2018Q4"", ""2019Q1"", ""2019Q2"", ""2019Q3"", ""2019Q4"", ""2020Q1"", ""2020Q2"", ""2020Q3"", ""2020Q4"", ""2021Q1"", ""2021Q2"", ""2021Q3"", ""2021Q4"", ""2022Q1"", ""2022Q2"", ""2022Q3"", ""2022Q4"", ""2023Q1"", ""2023Q2"", ""2023Q3"", ""2023Q4"", ""2024Q1"", ""2024Q2"", ""2024Q3"", ""2024Q4"", ""2025Q1"", ""2025Q2"", ""2025Q3"", ""2025Q4""]",[],False,False
2026Q1,H3,conservative,2026-03-31,2025Q4,True,,2026-02-15,APPROXIMATE_FALLBACK,False,"[""2018Q1"", ""2018Q2"", ""2018Q3"", ""2018Q4"", ""2019Q1"", ""2019Q2"", ""2019Q3"", ""2019Q4"", ""2020Q1"", ""2020Q2"", ""2020Q3"", ""2020Q4"", ""2021Q1"", ""2021Q2"", ""2021Q3"", ""2021Q4"", ""2022Q1"", ""2022Q2"", ""2022Q3"", ""2022Q4"", ""2023Q1"", ""2023Q2"", ""2023Q3"", ""2023Q4"", ""2024Q1"", ""2024Q2"", ""2024Q3"", ""2024Q4"", ""2025Q1"", ""2025Q2"", ""2025Q3"", ""2025Q4""]",[],False,False
2026Q1,H3,standard,2026-03-31,2025Q4,True,,2026-02-15,APPROXIMATE_FALLBACK,False,"[""2018Q1"", ""2018Q2"", ""2018Q3"", ""2018Q4"", ""2019Q1"", ""2019Q2"", ""2019Q3"", ""2019Q4"", ""2020Q1"", ""2020Q2"", ""2020Q3"", ""2020Q4"", ""2021Q1"", ""2021Q2"", ""2021Q3"", ""2021Q4"", ""2022Q1"", ""2022Q2"", ""2022Q3"", ""2022Q4"", ""2023Q1"", ""2023Q2"", ""2023Q3"", ""2023Q4"", ""2024Q1"", ""2024Q2"", ""2024Q3"", ""2024Q4"", ""2025Q1"", ""2025Q2"", ""2025Q3"", ""2025Q4""]",[],False,False
2026Q2,H1,conservative,2026-04-30,2026Q1,False,,2026-05-16,APPROXIMATE_FALLBACK,False,"[""2018Q1"", ""2018Q2"", ""2018Q3"", ""2018Q4"", ""2019Q1"", ""2019Q2"", ""2019Q3"", ""2019Q4"", ""2020Q1"", ""2020Q2"", ""2020Q3"", ""2020Q4"", ""2021Q1"", ""2021Q2"", ""2021Q3"", ""2021Q4"", ""2022Q1"", ""2022Q2"", ""2022Q3"", ""2022Q4"", ""2023Q1"", ""2023Q2"", ""2023Q3"", ""2023Q4"", ""2024Q1"", ""2024Q2"", ""2024Q3"", ""2024Q4"", ""2025Q1"", ""2025Q2"", ""2025Q3"", ""2025Q4""]","[""2026Q1""]",True,True
2026Q2,H1,standard,2026-04-30,2026Q1,False,,2026-05-16,APPROXIMATE_FALLBACK,False,"[""2018Q1"", ""2018Q2"", ""2018Q3"", ""2018Q4"", ""2019Q1"", ""2019Q2"", ""2019Q3"", ""2019Q4"", ""2020Q1"", ""2020Q2"", ""2020Q3"", ""2020Q4"", ""2021Q1"", ""2021Q2"", ""2021Q3"", ""2021Q4"", ""2022Q1"", ""2022Q2"", ""2022Q3"", ""2022Q4"", ""2023Q1"", ""2023Q2"", ""2023Q3"", ""2023Q4"", ""2024Q1"", ""2024Q2"", ""2024Q3"", ""2024Q4"", ""2025Q1"", ""2025Q2"", ""2025Q3"", ""2025Q4""]","[""2026Q1""]",True,True
2026Q2,H2,conservative,2026-05-31,2026Q1,True,,2026-05-16,APPROXIMATE_FALLBACK,False,"[""2018Q1"", ""2018Q2"", ""2018Q3"", ""2018Q4"", ""2019Q1"", ""2019Q2"", ""2019Q3"", ""2019Q4"", ""2020Q1"", ""2020Q2"", ""2020Q3"", ""2020Q4"", ""2021Q1"", ""2021Q2"", ""2021Q3"", ""2021Q4"", ""2022Q1"", ""2022Q2"", ""2022Q3"", ""2022Q4"", ""2023Q1"", ""2023Q2"", ""2023Q3"", ""2023Q4"", ""2024Q1"", ""2024Q2"", ""2024Q3"", ""2024Q4"", ""2025Q1"", ""2025Q2"", ""2025Q3"", ""2025Q4"", ""2026Q1""]",[],False,False
2026Q2,H2,standard,2026-05-31,2026Q1,True,,2026-05-16,APPROXIMATE_FALLBACK,False,"[""2018Q1"", ""2018Q2"", ""2018Q3"", ""2018Q4"", ""2019Q1"", ""2019Q2"", ""2019Q3"", ""2019Q4"", ""2020Q1"", ""2020Q2"", ""2020Q3"", ""2020Q4"", ""2021Q1"", ""2021Q2"", ""2021Q3"", ""2021Q4"", ""2022Q1"", ""2022Q2"", ""2022Q3"", ""2022Q4"", ""2023Q1"", ""2023Q2"", ""2023Q3"", ""2023Q4"", ""2024Q1"", ""2024Q2"", ""2024Q3"", ""2024Q4"", ""2025Q1"", ""2025Q2"", ""2025Q3"", ""2025Q4"", ""2026Q1""]",[],False,False
2026Q2,H3,conservative,2026-06-30,2026Q1,True,,2026-05-16,APPROXIMATE_FALLBACK,False,"[""2018Q1"", ""2018Q2"", ""2018Q3"", ""2018Q4"", ""2019Q1"", ""2019Q2"", ""2019Q3"", ""2019Q4"", ""2020Q1"", ""2020Q2"", ""2020Q3"", ""2020Q4"", ""2021Q1"", ""2021Q2"", ""2021Q3"", ""2021Q4"", ""2022Q1"", ""2022Q2"", ""2022Q3"", ""2022Q4"", ""2023Q1"", ""2023Q2"", ""2023Q3"", ""2023Q4"", ""2024Q1"", ""2024Q2"", ""2024Q3"", ""2024Q4"", ""2025Q1"", ""2025Q2"", ""2025Q3"", ""2025Q4"", ""2026Q1""]",[],False,False
2026Q2,H3,standard,2026-06-30,2026Q1,True,,2026-05-16,APPROXIMATE_FALLBACK,False,"[""2018Q1"", ""2018Q2"", ""2018Q3"", ""2018Q4"", ""2019Q1"", ""2019Q2"", ""2019Q3"", ""2019Q4"", ""2020Q1"", ""2020Q2"", ""2020Q3"", ""2020Q4"", ""2021Q1"", ""2021Q2"", ""2021Q3"", ""2021Q4"", ""2022Q1"", ""2022Q2"", ""2022Q3"", ""2022Q4"", ""2023Q1"", ""2023Q2"", ""2023Q3"", ""2023Q4"", ""2024Q1"", ""2024Q2"", ""2024Q3"", ""2024Q4"", ""2025Q1"", ""2025Q2"", ""2025Q3"", ""2025Q4"", ""2026Q1""]",[],False,False
