field,definition,source_page,source_url,exact_selector,raw_unit,real_deflator,query_keywords,query_topics,query_geography,query_category,query_search_type,query_normalization,query_aggregation
title,Краткосрочное прогнозирование ВВП с помощью MIDAS-модели,1,https://cbu.uz/upload/iblock/3d6/6kbvfiumraqdb4ejh0qrzkc6y4pbr3vi/MIDAS_WP.pdf,NOT_SPECIFIED_IN_ORIGINAL_PAPER,NOT_SPECIFIED_IN_ORIGINAL_PAPER,NOT_SPECIFIED_IN_ORIGINAL_PAPER,NOT_SPECIFIED_IN_ORIGINAL_PAPER,NOT_SPECIFIED_IN_ORIGINAL_PAPER,NOT_SPECIFIED_IN_ORIGINAL_PAPER,NOT_SPECIFIED_IN_ORIGINAL_PAPER,NOT_SPECIFIED_IN_ORIGINAL_PAPER,NOT_SPECIFIED_IN_ORIGINAL_PAPER,NOT_SPECIFIED_IN_ORIGINAL_PAPER
author,Руслан Яковлев / Ruslan Yakovlev; Monetary Policy Department,1,https://cbu.uz/upload/iblock/3d6/6kbvfiumraqdb4ejh0qrzkc6y4pbr3vi/MIDAS_WP.pdf,NOT_SPECIFIED_IN_ORIGINAL_PAPER,NOT_SPECIFIED_IN_ORIGINAL_PAPER,NOT_SPECIFIED_IN_ORIGINAL_PAPER,NOT_SPECIFIED_IN_ORIGINAL_PAPER,NOT_SPECIFIED_IN_ORIGINAL_PAPER,NOT_SPECIFIED_IN_ORIGINAL_PAPER,NOT_SPECIFIED_IN_ORIGINAL_PAPER,NOT_SPECIFIED_IN_ORIGINAL_PAPER,NOT_SPECIFIED_IN_ORIGINAL_PAPER,NOT_SPECIFIED_IN_ORIGINAL_PAPER
publication_date,"2023-11-30; observed official publication index, not June 2025 page-update date",official index,https://cbu.uz/upload/iblock/3d6/6kbvfiumraqdb4ejh0qrzkc6y4pbr3vi/MIDAS_WP.pdf,NOT_SPECIFIED_IN_ORIGINAL_PAPER,NOT_SPECIFIED_IN_ORIGINAL_PAPER,NOT_SPECIFIED_IN_ORIGINAL_PAPER,NOT_SPECIFIED_IN_ORIGINAL_PAPER,NOT_SPECIFIED_IN_ORIGINAL_PAPER,NOT_SPECIFIED_IN_ORIGINAL_PAPER,NOT_SPECIFIED_IN_ORIGINAL_PAPER,NOT_SPECIFIED_IN_ORIGINAL_PAPER,NOT_SPECIFIED_IN_ORIGINAL_PAPER,NOT_SPECIFIED_IN_ORIGINAL_PAPER
sample_start,2018-01,5,https://cbu.uz/upload/iblock/3d6/6kbvfiumraqdb4ejh0qrzkc6y4pbr3vi/MIDAS_WP.pdf,NOT_SPECIFIED_IN_ORIGINAL_PAPER,NOT_SPECIFIED_IN_ORIGINAL_PAPER,NOT_SPECIFIED_IN_ORIGINAL_PAPER,NOT_SPECIFIED_IN_ORIGINAL_PAPER,NOT_SPECIFIED_IN_ORIGINAL_PAPER,NOT_SPECIFIED_IN_ORIGINAL_PAPER,NOT_SPECIFIED_IN_ORIGINAL_PAPER,NOT_SPECIFIED_IN_ORIGINAL_PAPER,NOT_SPECIFIED_IN_ORIGINAL_PAPER,NOT_SPECIFIED_IN_ORIGINAL_PAPER
sample_end,2023-10,5,https://cbu.uz/upload/iblock/3d6/6kbvfiumraqdb4ejh0qrzkc6y4pbr3vi/MIDAS_WP.pdf,NOT_SPECIFIED_IN_ORIGINAL_PAPER,NOT_SPECIFIED_IN_ORIGINAL_PAPER,NOT_SPECIFIED_IN_ORIGINAL_PAPER,NOT_SPECIFIED_IN_ORIGINAL_PAPER,NOT_SPECIFIED_IN_ORIGINAL_PAPER,NOT_SPECIFIED_IN_ORIGINAL_PAPER,NOT_SPECIFIED_IN_ORIGINAL_PAPER,NOT_SPECIFIED_IN_ORIGINAL_PAPER,NOT_SPECIFIED_IN_ORIGINAL_PAPER,NOT_SPECIFIED_IN_ORIGINAL_PAPER
target,real GDP growth; Q4 forecast interpreted as annual GDP growth; exact standalone-quarter/YTD conversion NOT_SPECIFIED_IN_ORIGINAL_PAPER,6,https://cbu.uz/upload/iblock/3d6/6kbvfiumraqdb4ejh0qrzkc6y4pbr3vi/MIDAS_WP.pdf,NOT_SPECIFIED_IN_ORIGINAL_PAPER,NOT_SPECIFIED_IN_ORIGINAL_PAPER,NOT_SPECIFIED_IN_ORIGINAL_PAPER,NOT_SPECIFIED_IN_ORIGINAL_PAPER,NOT_SPECIFIED_IN_ORIGINAL_PAPER,NOT_SPECIFIED_IN_ORIGINAL_PAPER,NOT_SPECIFIED_IN_ORIGINAL_PAPER,NOT_SPECIFIED_IN_ORIGINAL_PAPER,NOT_SPECIFIED_IN_ORIGINAL_PAPER,NOT_SPECIFIED_IN_ORIGINAL_PAPER
all_indicator_transformation,"real cumulative year-on-year growth; deflators, formulas and seasonal adjustment NOT_SPECIFIED_IN_ORIGINAL_PAPER",6,https://cbu.uz/upload/iblock/3d6/6kbvfiumraqdb4ejh0qrzkc6y4pbr3vi/MIDAS_WP.pdf,NOT_SPECIFIED_IN_ORIGINAL_PAPER,NOT_SPECIFIED_IN_ORIGINAL_PAPER,NOT_SPECIFIED_IN_ORIGINAL_PAPER,NOT_SPECIFIED_IN_ORIGINAL_PAPER,NOT_SPECIFIED_IN_ORIGINAL_PAPER,NOT_SPECIFIED_IN_ORIGINAL_PAPER,NOT_SPECIFIED_IN_ORIGINAL_PAPER,NOT_SPECIFIED_IN_ORIGINAL_PAPER,NOT_SPECIFIED_IN_ORIGINAL_PAPER,NOT_SPECIFIED_IN_ORIGINAL_PAPER
units,percent/growth shown in figures; raw unit definitions NOT_SPECIFIED_IN_ORIGINAL_PAPER,5–6,https://cbu.uz/upload/iblock/3d6/6kbvfiumraqdb4ejh0qrzkc6y4pbr3vi/MIDAS_WP.pdf,NOT_SPECIFIED_IN_ORIGINAL_PAPER,NOT_SPECIFIED_IN_ORIGINAL_PAPER,NOT_SPECIFIED_IN_ORIGINAL_PAPER,NOT_SPECIFIED_IN_ORIGINAL_PAPER,NOT_SPECIFIED_IN_ORIGINAL_PAPER,NOT_SPECIFIED_IN_ORIGINAL_PAPER,NOT_SPECIFIED_IN_ORIGINAL_PAPER,NOT_SPECIFIED_IN_ORIGINAL_PAPER,NOT_SPECIFIED_IN_ORIGINAL_PAPER,NOT_SPECIFIED_IN_ORIGINAL_PAPER
data_sources,"CBU, Statistics Agency, open internet search queries; exact dataset/table IDs NOT_SPECIFIED_IN_ORIGINAL_PAPER",6,https://cbu.uz/upload/iblock/3d6/6kbvfiumraqdb4ejh0qrzkc6y4pbr3vi/MIDAS_WP.pdf,NOT_SPECIFIED_IN_ORIGINAL_PAPER,NOT_SPECIFIED_IN_ORIGINAL_PAPER,NOT_SPECIFIED_IN_ORIGINAL_PAPER,NOT_SPECIFIED_IN_ORIGINAL_PAPER,NOT_SPECIFIED_IN_ORIGINAL_PAPER,NOT_SPECIFIED_IN_ORIGINAL_PAPER,NOT_SPECIFIED_IN_ORIGINAL_PAPER,NOT_SPECIFIED_IN_ORIGINAL_PAPER,NOT_SPECIFIED_IN_ORIGINAL_PAPER,NOT_SPECIFIED_IN_ORIGINAL_PAPER
query_methodology,NOT_SPECIFIED_IN_ORIGINAL_PAPER,6,https://cbu.uz/upload/iblock/3d6/6kbvfiumraqdb4ejh0qrzkc6y4pbr3vi/MIDAS_WP.pdf,NOT_SPECIFIED_IN_ORIGINAL_PAPER,NOT_SPECIFIED_IN_ORIGINAL_PAPER,NOT_SPECIFIED_IN_ORIGINAL_PAPER,NOT_SPECIFIED_IN_ORIGINAL_PAPER,NOT_SPECIFIED_IN_ORIGINAL_PAPER,NOT_SPECIFIED_IN_ORIGINAL_PAPER,NOT_SPECIFIED_IN_ORIGINAL_PAPER,NOT_SPECIFIED_IN_ORIGINAL_PAPER,NOT_SPECIFIED_IN_ORIGINAL_PAPER,NOT_SPECIFIED_IN_ORIGINAL_PAPER
empirical_lag_count,NOT_SPECIFIED_IN_ORIGINAL_PAPER,"2–4,7",https://cbu.uz/upload/iblock/3d6/6kbvfiumraqdb4ejh0qrzkc6y4pbr3vi/MIDAS_WP.pdf,NOT_SPECIFIED_IN_ORIGINAL_PAPER,NOT_SPECIFIED_IN_ORIGINAL_PAPER,NOT_SPECIFIED_IN_ORIGINAL_PAPER,NOT_SPECIFIED_IN_ORIGINAL_PAPER,NOT_SPECIFIED_IN_ORIGINAL_PAPER,NOT_SPECIFIED_IN_ORIGINAL_PAPER,NOT_SPECIFIED_IN_ORIGINAL_PAPER,NOT_SPECIFIED_IN_ORIGINAL_PAPER,NOT_SPECIFIED_IN_ORIGINAL_PAPER,NOT_SPECIFIED_IN_ORIGINAL_PAPER
model_variants,AR1; arithmetic mean of three monthly observations; Almon; U-MIDAS; MIDAS-GETS; MIDAS-GETSIS,6–7,https://cbu.uz/upload/iblock/3d6/6kbvfiumraqdb4ejh0qrzkc6y4pbr3vi/MIDAS_WP.pdf,NOT_SPECIFIED_IN_ORIGINAL_PAPER,NOT_SPECIFIED_IN_ORIGINAL_PAPER,NOT_SPECIFIED_IN_ORIGINAL_PAPER,NOT_SPECIFIED_IN_ORIGINAL_PAPER,NOT_SPECIFIED_IN_ORIGINAL_PAPER,NOT_SPECIFIED_IN_ORIGINAL_PAPER,NOT_SPECIFIED_IN_ORIGINAL_PAPER,NOT_SPECIFIED_IN_ORIGINAL_PAPER,NOT_SPECIFIED_IN_ORIGINAL_PAPER,NOT_SPECIFIED_IN_ORIGINAL_PAPER
industrial_production,промышленного производства,6,https://cbu.uz/upload/iblock/3d6/6kbvfiumraqdb4ejh0qrzkc6y4pbr3vi/MIDAS_WP.pdf,NOT_SPECIFIED_IN_ORIGINAL_PAPER,NOT_SPECIFIED_IN_ORIGINAL_PAPER,NOT_SPECIFIED_IN_ORIGINAL_PAPER,NOT_SPECIFIED_IN_ORIGINAL_PAPER,NOT_SPECIFIED_IN_ORIGINAL_PAPER,NOT_SPECIFIED_IN_ORIGINAL_PAPER,NOT_SPECIFIED_IN_ORIGINAL_PAPER,NOT_SPECIFIED_IN_ORIGINAL_PAPER,NOT_SPECIFIED_IN_ORIGINAL_PAPER,NOT_SPECIFIED_IN_ORIGINAL_PAPER
construction,строительства,6,https://cbu.uz/upload/iblock/3d6/6kbvfiumraqdb4ejh0qrzkc6y4pbr3vi/MIDAS_WP.pdf,NOT_SPECIFIED_IN_ORIGINAL_PAPER,NOT_SPECIFIED_IN_ORIGINAL_PAPER,NOT_SPECIFIED_IN_ORIGINAL_PAPER,NOT_SPECIFIED_IN_ORIGINAL_PAPER,NOT_SPECIFIED_IN_ORIGINAL_PAPER,NOT_SPECIFIED_IN_ORIGINAL_PAPER,NOT_SPECIFIED_IN_ORIGINAL_PAPER,NOT_SPECIFIED_IN_ORIGINAL_PAPER,NOT_SPECIFIED_IN_ORIGINAL_PAPER,NOT_SPECIFIED_IN_ORIGINAL_PAPER
services_output,сервиса,6,https://cbu.uz/upload/iblock/3d6/6kbvfiumraqdb4ejh0qrzkc6y4pbr3vi/MIDAS_WP.pdf,NOT_SPECIFIED_IN_ORIGINAL_PAPER,NOT_SPECIFIED_IN_ORIGINAL_PAPER,NOT_SPECIFIED_IN_ORIGINAL_PAPER,NOT_SPECIFIED_IN_ORIGINAL_PAPER,NOT_SPECIFIED_IN_ORIGINAL_PAPER,NOT_SPECIFIED_IN_ORIGINAL_PAPER,NOT_SPECIFIED_IN_ORIGINAL_PAPER,NOT_SPECIFIED_IN_ORIGINAL_PAPER,NOT_SPECIFIED_IN_ORIGINAL_PAPER,NOT_SPECIFIED_IN_ORIGINAL_PAPER
retail_trade,розничная торговля,6,https://cbu.uz/upload/iblock/3d6/6kbvfiumraqdb4ejh0qrzkc6y4pbr3vi/MIDAS_WP.pdf,NOT_SPECIFIED_IN_ORIGINAL_PAPER,NOT_SPECIFIED_IN_ORIGINAL_PAPER,NOT_SPECIFIED_IN_ORIGINAL_PAPER,NOT_SPECIFIED_IN_ORIGINAL_PAPER,NOT_SPECIFIED_IN_ORIGINAL_PAPER,NOT_SPECIFIED_IN_ORIGINAL_PAPER,NOT_SPECIFIED_IN_ORIGINAL_PAPER,NOT_SPECIFIED_IN_ORIGINAL_PAPER,NOT_SPECIFIED_IN_ORIGINAL_PAPER,NOT_SPECIFIED_IN_ORIGINAL_PAPER
trade_paid_services_receipts,поступления от торговли и платных услуг,6,https://cbu.uz/upload/iblock/3d6/6kbvfiumraqdb4ejh0qrzkc6y4pbr3vi/MIDAS_WP.pdf,NOT_SPECIFIED_IN_ORIGINAL_PAPER,NOT_SPECIFIED_IN_ORIGINAL_PAPER,NOT_SPECIFIED_IN_ORIGINAL_PAPER,NOT_SPECIFIED_IN_ORIGINAL_PAPER,NOT_SPECIFIED_IN_ORIGINAL_PAPER,NOT_SPECIFIED_IN_ORIGINAL_PAPER,NOT_SPECIFIED_IN_ORIGINAL_PAPER,NOT_SPECIFIED_IN_ORIGINAL_PAPER,NOT_SPECIFIED_IN_ORIGINAL_PAPER,NOT_SPECIFIED_IN_ORIGINAL_PAPER
exports_ex_gold_exact,экспорт (без учета золота),6,https://cbu.uz/upload/iblock/3d6/6kbvfiumraqdb4ejh0qrzkc6y4pbr3vi/MIDAS_WP.pdf,NOT_SPECIFIED_IN_ORIGINAL_PAPER,NOT_SPECIFIED_IN_ORIGINAL_PAPER,NOT_SPECIFIED_IN_ORIGINAL_PAPER,NOT_SPECIFIED_IN_ORIGINAL_PAPER,NOT_SPECIFIED_IN_ORIGINAL_PAPER,NOT_SPECIFIED_IN_ORIGINAL_PAPER,NOT_SPECIFIED_IN_ORIGINAL_PAPER,NOT_SPECIFIED_IN_ORIGINAL_PAPER,NOT_SPECIFIED_IN_ORIGINAL_PAPER,NOT_SPECIFIED_IN_ORIGINAL_PAPER
imports_total,импорт,6,https://cbu.uz/upload/iblock/3d6/6kbvfiumraqdb4ejh0qrzkc6y4pbr3vi/MIDAS_WP.pdf,NOT_SPECIFIED_IN_ORIGINAL_PAPER,NOT_SPECIFIED_IN_ORIGINAL_PAPER,NOT_SPECIFIED_IN_ORIGINAL_PAPER,NOT_SPECIFIED_IN_ORIGINAL_PAPER,NOT_SPECIFIED_IN_ORIGINAL_PAPER,NOT_SPECIFIED_IN_ORIGINAL_PAPER,NOT_SPECIFIED_IN_ORIGINAL_PAPER,NOT_SPECIFIED_IN_ORIGINAL_PAPER,NOT_SPECIFIED_IN_ORIGINAL_PAPER,NOT_SPECIFIED_IN_ORIGINAL_PAPER
job_search_index,запросы людей по поиску работы,6,https://cbu.uz/upload/iblock/3d6/6kbvfiumraqdb4ejh0qrzkc6y4pbr3vi/MIDAS_WP.pdf,NOT_SPECIFIED_IN_ORIGINAL_PAPER,NOT_SPECIFIED_IN_ORIGINAL_PAPER,NOT_SPECIFIED_IN_ORIGINAL_PAPER,NOT_SPECIFIED_IN_ORIGINAL_PAPER,NOT_SPECIFIED_IN_ORIGINAL_PAPER,NOT_SPECIFIED_IN_ORIGINAL_PAPER,NOT_SPECIFIED_IN_ORIGINAL_PAPER,NOT_SPECIFIED_IN_ORIGINAL_PAPER,NOT_SPECIFIED_IN_ORIGINAL_PAPER,NOT_SPECIFIED_IN_ORIGINAL_PAPER
