variable_key,reference_period,source_count,minimum_raw_value,maximum_raw_value,absolute_difference,relative_difference_pct,unit_labels,interpretation
gold_unspecified_official_candidate,2019-07,2,3460.4,3944.2,483.7999999999997,13.98104265402842,million USD,overlapping vintages; changed values preserved; revisions vs parser/scope differences require evidence
pos_turnover,2017-12,3,52972250.60903225,52972300.0,49.3909677490592,9.32393228181283e-05,million UZS,overlapping vintages; changed values preserved; revisions vs parser/scope differences require evidence
pos_turnover,2018-01,3,4027500.0,4027531.0,31.0,0.0007697082557323043,million UZS,overlapping vintages; changed values preserved; revisions vs parser/scope differences require evidence
pos_turnover,2018-02,3,8038200.0,8038205.0,5.0,6.220298076620168e-05,million UZS,overlapping vintages; changed values preserved; revisions vs parser/scope differences require evidence
pos_turnover,2018-03,3,12723785.0,12723800.0,15.0,0.00011788944878077245,million UZS,overlapping vintages; changed values preserved; revisions vs parser/scope differences require evidence
pos_turnover,2018-04,3,17727157.0,17727200.0,43.0,0.00024256568609271056,million UZS,overlapping vintages; changed values preserved; revisions vs parser/scope differences require evidence
pos_turnover,2018-05,3,23004700.0,23004746.0,46.0,0.00019995913878023686,million UZS,overlapping vintages; changed values preserved; revisions vs parser/scope differences require evidence
pos_turnover,2018-06,3,28275900.0,28275924.0,24.0,8.487793492495399e-05,million UZS,overlapping vintages; changed values preserved; revisions vs parser/scope differences require evidence
pos_turnover,2018-07,3,33663294.0,33663300.0,6.0,1.782356771062865e-05,million UZS,overlapping vintages; changed values preserved; revisions vs parser/scope differences require evidence
pos_turnover,2018-08,2,39278700.0,39278700.0,0.0,0.0,million UZS,overlapping vintages; changed values preserved; revisions vs parser/scope differences require evidence
pos_turnover,2018-09,3,44631500.0,44631516.0,16.0,3.5849120005870816e-05,million UZS,overlapping vintages; changed values preserved; revisions vs parser/scope differences require evidence
pos_turnover,2018-10,3,50595500.0,50595524.0,24.0,4.743504857795955e-05,million UZS,overlapping vintages; changed values preserved; revisions vs parser/scope differences require evidence
pos_turnover,2018-11,3,56413200.0,56413204.0,4.0,7.0905390892050946e-06,million UZS,overlapping vintages; changed values preserved; revisions vs parser/scope differences require evidence
pos_turnover,2018-12,3,63712500.0,63712536.24793906,36.24793905764818,5.689297870592469e-05,million UZS,overlapping vintages; changed values preserved; revisions vs parser/scope differences require evidence
pos_turnover,2019-01,2,4845992.840350601,4846000.0,7.159649399109185,0.0001477437056696118,million UZS,overlapping vintages; changed values preserved; revisions vs parser/scope differences require evidence
pos_turnover,2019-02,2,9646563.18796185,9646600.0,36.81203814968467,0.0003816078061325001,million UZS,overlapping vintages; changed values preserved; revisions vs parser/scope differences require evidence
pos_turnover,2019-04,2,20807981.174219143,20808000.0,18.825780857354403,9.047384605942455e-05,million UZS,overlapping vintages; changed values preserved; revisions vs parser/scope differences require evidence
pos_turnover,2019-05,2,26940563.00014436,26940600.0,36.999855641275644,0.0001373388360148553,million UZS,overlapping vintages; changed values preserved; revisions vs parser/scope differences require evidence
pos_turnover,2019-06,2,33052200.0,33052232.06097977,32.06097976863384,9.700104612875293e-05,million UZS,overlapping vintages; changed values preserved; revisions vs parser/scope differences require evidence
pos_turnover,2019-07,2,39113100.0,39113127.56120334,27.561203338205814,7.046540249078248e-05,million UZS,overlapping vintages; changed values preserved; revisions vs parser/scope differences require evidence
pos_turnover,2019-08,2,45199000.0,45199030.68025073,30.680250726640224,6.787816262399105e-05,million UZS,overlapping vintages; changed values preserved; revisions vs parser/scope differences require evidence
pos_turnover,2019-09,2,51545371.79521672,51545400.0,28.204783283174038,5.4718362285655076e-05,million UZS,overlapping vintages; changed values preserved; revisions vs parser/scope differences require evidence
pos_turnover,2019-10,2,58024700.0,58024747.88790328,47.8879032805562,8.253020400417199e-05,million UZS,overlapping vintages; changed values preserved; revisions vs parser/scope differences require evidence
pos_turnover,2019-11,2,64284500.0,64284503.27504759,3.275047592818737,5.094614707878975e-06,million UZS,overlapping vintages; changed values preserved; revisions vs parser/scope differences require evidence
pos_turnover,2019-12,5,71020180.77623634,71020200.0,19.223763659596443,2.7068029750942912e-05,million UZS,overlapping vintages; changed values preserved; revisions vs parser/scope differences require evidence
pos_turnover,2020-01,4,6211526.330945876,6211526.330945876,0.0,0.0,million UZS,overlapping vintages; changed values preserved; revisions vs parser/scope differences require evidence
pos_turnover,2020-02,4,11650952.0,11650952.4891102,0.4891101997345686,4.198027769852786e-06,million UZS,overlapping vintages; changed values preserved; revisions vs parser/scope differences require evidence
pos_turnover,2020-03,4,17944959.109092556,17944959.109092556,0.0,0.0,million UZS,overlapping vintages; changed values preserved; revisions vs parser/scope differences require evidence
pos_turnover,2020-04,4,23115107.105804663,23115107.105804663,0.0,0.0,million UZS,overlapping vintages; changed values preserved; revisions vs parser/scope differences require evidence
pos_turnover,2020-05,4,29641942.11626969,29641942.11626969,0.0,0.0,million UZS,overlapping vintages; changed values preserved; revisions vs parser/scope differences require evidence
pos_turnover,2020-06,4,36924789.43444203,36924789.43444203,0.0,0.0,million UZS,overlapping vintages; changed values preserved; revisions vs parser/scope differences require evidence
pos_turnover,2020-07,3,43336639.23515984,43336639.23515984,0.0,0.0,million UZS,overlapping vintages; changed values preserved; revisions vs parser/scope differences require evidence
pos_turnover,2020-08,4,50028619.7611442,50028619.7611442,0.0,0.0,million UZS,overlapping vintages; changed values preserved; revisions vs parser/scope differences require evidence
pos_turnover,2020-09,4,57399065.96033216,57399065.96033216,0.0,0.0,million UZS,overlapping vintages; changed values preserved; revisions vs parser/scope differences require evidence
pos_turnover,2020-10,3,65066549.98512199,65066549.98512199,0.0,0.0,million UZS,overlapping vintages; changed values preserved; revisions vs parser/scope differences require evidence
pos_turnover,2020-11,4,72412896.15658571,72412896.15658571,0.0,0.0,million UZS,overlapping vintages; changed values preserved; revisions vs parser/scope differences require evidence
pos_turnover,2020-12,4,81000016.4469278,81000016.44692786,5.960464477539063e-08,6.661338147750939e-14,million UZS,overlapping vintages; changed values preserved; revisions vs parser/scope differences require evidence
pos_turnover,2021-01,4,7044859.605114979,7044859.60511498,9.313225746154785e-10,2.220446049250313e-14,million UZS,overlapping vintages; changed values preserved; revisions vs parser/scope differences require evidence
pos_turnover,2021-02,3,14183188.167624824,14183188.167624824,0.0,0.0,million UZS,overlapping vintages; changed values preserved; revisions vs parser/scope differences require evidence
pos_turnover,2021-03,4,22904119.21154102,22904188.167624824,68.95608380436897,0.00030106411501584773,million UZS,overlapping vintages; changed values preserved; revisions vs parser/scope differences require evidence
pos_turnover,2021-04,4,31290162.78152954,31290188.167624824,25.38609528541565,8.113123433073355e-05,million UZS,overlapping vintages; changed values preserved; revisions vs parser/scope differences require evidence
pos_turnover,2021-05,4,39950831.51396931,39950831.51396931,0.0,0.0,million UZS,overlapping vintages; changed values preserved; revisions vs parser/scope differences require evidence
pos_turnover,2021-06,4,49129808.52890469,49129808.5289047,7.450580596923828e-09,2.220446049250313e-14,million UZS,overlapping vintages; changed values preserved; revisions vs parser/scope differences require evidence
pos_turnover,2021-07,4,58210000.0,58210513.65454496,513.6545449569821,0.0008824163287401987,million UZS,overlapping vintages; changed values preserved; revisions vs parser/scope differences require evidence
pos_turnover,2021-08,4,67730792.12407978,67730792.1240798,1.4901161193847656e-08,2.220446049250313e-14,million UZS,overlapping vintages; changed values preserved; revisions vs parser/scope differences require evidence
pos_turnover,2021-09,4,76919479.48631544,76919479.48631544,0.0,0.0,million UZS,overlapping vintages; changed values preserved; revisions vs parser/scope differences require evidence
pos_turnover,2021-10,4,87070000.0,87070438.10373239,438.1037323921919,0.00050316266497763,million UZS,overlapping vintages; changed values preserved; revisions vs parser/scope differences require evidence
pos_turnover,2021-11,4,99229596.0,99229596.40880395,0.40880395472049713,4.1197785183300084e-07,million UZS,overlapping vintages; changed values preserved; revisions vs parser/scope differences require evidence
pos_turnover,2021-12,5,111136941.88064608,111137000.0,58.11935392022133,5.2295261077084376e-05,million UZS,overlapping vintages; changed values preserved; revisions vs parser/scope differences require evidence
pos_turnover,2022-01,5,10435710.1105806,10435710.11058062,1.862645149230957e-08,1.7763568394002505e-13,million UZS,overlapping vintages; changed values preserved; revisions vs parser/scope differences require evidence
pos_turnover,2022-02,6,20541926.0,20541926.33928599,0.3392859883606434,1.6516756407014554e-06,million UZS,overlapping vintages; changed values preserved; revisions vs parser/scope differences require evidence
pos_turnover,2022-03,4,32059142.0,32059142.0,0.0,0.0,million UZS,overlapping vintages; changed values preserved; revisions vs parser/scope differences require evidence
pos_turnover,2022-04,4,44703184.0,44703184.0,0.0,0.0,million UZS,overlapping vintages; changed values preserved; revisions vs parser/scope differences require evidence
pos_turnover,2022-05,5,58245148.0,58245148.48840223,0.48840223252773285,8.385286243139944e-07,million UZS,overlapping vintages; changed values preserved; revisions vs parser/scope differences require evidence
pos_turnover,2022-06,5,73650792.0,73650792.9666966,0.9666966050863266,1.3125406761460567e-06,million UZS,overlapping vintages; changed values preserved; revisions vs parser/scope differences require evidence
pos_turnover,2022-07,5,88543763.0,88543763.34425429,0.3442542850971222,3.8879564012717083e-07,million UZS,overlapping vintages; changed values preserved; revisions vs parser/scope differences require evidence
pos_turnover,2022-08,5,105677072.0,105677072.73040296,0.7304029613733292,6.911650363150557e-07,million UZS,overlapping vintages; changed values preserved; revisions vs parser/scope differences require evidence
pos_turnover,2022-09,4,122195200.0,122195200.0,0.0,0.0,million UZS,overlapping vintages; changed values preserved; revisions vs parser/scope differences require evidence
pos_turnover,2022-10,5,140103278.0,140103278.28295135,0.28295135498046875,2.0195911609732775e-07,million UZS,overlapping vintages; changed values preserved; revisions vs parser/scope differences require evidence
pos_turnover,2022-11,5,158457931.91408452,158457931.91408452,0.0,0.0,million UZS,overlapping vintages; changed values preserved; revisions vs parser/scope differences require evidence
pos_turnover,2022-12,5,177671013.001246,177671013.00124612,1.1920928955078125e-07,6.661338147750939e-14,million UZS,overlapping vintages; changed values preserved; revisions vs parser/scope differences require evidence
pos_turnover,2023-01,4,17627850.0,17627850.20099815,0.20099814981222153,1.140230665441777e-06,million UZS,overlapping vintages; changed values preserved; revisions vs parser/scope differences require evidence
pos_turnover,2023-02,4,34227650.2475616,34227650.2475616,0.0,0.0,million UZS,overlapping vintages; changed values preserved; revisions vs parser/scope differences require evidence
pos_turnover,2023-03,4,52919100.0,52919100.966056414,0.9660564139485359,1.8255344791384687e-06,million UZS,overlapping vintages; changed values preserved; revisions vs parser/scope differences require evidence
pos_turnover,2023-04,4,70938066.99755321,70938100.0,33.00244678556919,4.65229011537005e-05,million UZS,overlapping vintages; changed values preserved; revisions vs parser/scope differences require evidence
pos_turnover,2023-05,3,92843400.0,92843400.0,0.0,0.0,million UZS,overlapping vintages; changed values preserved; revisions vs parser/scope differences require evidence
pos_turnover,2023-06,3,112858496.4615394,112858496.4615394,0.0,0.0,million UZS,overlapping vintages; changed values preserved; revisions vs parser/scope differences require evidence
pos_turnover,2023-07,4,135634000.0,135634744.5458963,744.5458962917328,0.0005489375055622858,million UZS,overlapping vintages; changed values preserved; revisions vs parser/scope differences require evidence
pos_turnover,2023-08,4,159770851.0,159770851.2237074,0.2237074077129364,1.4001766412974348e-07,million UZS,overlapping vintages; changed values preserved; revisions vs parser/scope differences require evidence
pos_turnover,2023-09,4,181544900.13480943,181544900.13480943,0.0,0.0,million UZS,overlapping vintages; changed values preserved; revisions vs parser/scope differences require evidence
pos_turnover,2023-10,4,204726400.165208,204726400.16520807,5.960464477539063e-08,2.220446049250313e-14,million UZS,overlapping vintages; changed values preserved; revisions vs parser/scope differences require evidence
pos_turnover,2023-11,4,228308733.0,228308733.42070004,0.4207000434398651,1.8426804526683327e-07,million UZS,overlapping vintages; changed values preserved; revisions vs parser/scope differences require evidence
pos_turnover,2023-12,4,254719134.9520898,254719134.95209,2.086162567138672e-07,8.881784197001252e-14,million UZS,overlapping vintages; changed values preserved; revisions vs parser/scope differences require evidence
pos_turnover,2024-01,3,24844351.39797136,24844351.3979714,4.0978193283081055e-08,1.5543122344752192e-13,million UZS,overlapping vintages; changed values preserved; revisions vs parser/scope differences require evidence
pos_turnover,2024-02,3,47554376.14627346,47554376.14627352,6.705522537231445e-08,1.3322676295501878e-13,million UZS,overlapping vintages; changed values preserved; revisions vs parser/scope differences require evidence
pos_turnover,2024-03,3,71641980.0,71641980.77933288,0.7793328762054443,1.0878159262261988e-06,million UZS,overlapping vintages; changed values preserved; revisions vs parser/scope differences require evidence
pos_turnover,2024-04,3,99334305.7788908,99334305.77889082,1.4901161193847656e-08,2.220446049250313e-14,million UZS,overlapping vintages; changed values preserved; revisions vs parser/scope differences require evidence
pos_turnover,2024-05,3,127016000.0,127016100.82909638,100.8290963768959,7.938298827170343e-05,million UZS,overlapping vintages; changed values preserved; revisions vs parser/scope differences require evidence
pos_turnover,2024-06,3,153222381.0,153222381.7991678,0.799167811870575,5.215738063668596e-07,million UZS,overlapping vintages; changed values preserved; revisions vs parser/scope differences require evidence
pos_turnover,2024-07,3,181894359.0,181894359.7136975,0.7136974930763245,3.923692259988343e-07,million UZS,overlapping vintages; changed values preserved; revisions vs parser/scope differences require evidence
pos_turnover,2024-08,3,209358840.8670712,209358840.8670712,0.0,0.0,million UZS,overlapping vintages; changed values preserved; revisions vs parser/scope differences require evidence
pos_turnover,2024-09,3,237480742.196576,237480742.19657612,1.1920928955078125e-07,4.440892098500626e-14,million UZS,overlapping vintages; changed values preserved; revisions vs parser/scope differences require evidence
pos_turnover,2024-10,3,267125439.0,267125439.1736585,0.17365849018096924,6.501008620318771e-08,million UZS,overlapping vintages; changed values preserved; revisions vs parser/scope differences require evidence
pos_turnover,2024-11,3,296419000.0,296419400.48471767,400.4847176671028,0.0001351076407640761,million UZS,overlapping vintages; changed values preserved; revisions vs parser/scope differences require evidence
pos_turnover,2024-12,3,303158000.0,326735209.31996167,23577209.319961667,7.77720176276453,million UZS,overlapping vintages; changed values preserved; revisions vs parser/scope differences require evidence
pos_turnover,2025-01,2,33343416.0,33343416.974382546,0.974382545799017,2.922263719895568e-06,million UZS,overlapping vintages; changed values preserved; revisions vs parser/scope differences require evidence
pos_turnover,2025-02,2,62885593.4947174,62885593.4947174,0.0,0.0,million UZS,overlapping vintages; changed values preserved; revisions vs parser/scope differences require evidence
pos_turnover,2025-03,2,95439055.0,95439055.166625,0.1666249930858612,1.7458785528390308e-07,million UZS,overlapping vintages; changed values preserved; revisions vs parser/scope differences require evidence
pos_turnover,2025-04,2,139981077.0,139981077.07277098,0.07277098298072815,5.198630415037542e-08,million UZS,overlapping vintages; changed values preserved; revisions vs parser/scope differences require evidence
pos_turnover,2025-05,2,175696218.0,175696218.28748593,0.28748592734336853,1.6362671217962088e-07,million UZS,overlapping vintages; changed values preserved; revisions vs parser/scope differences require evidence
pos_turnover,2025-06,2,212204873.0,212204873.59889385,0.5988938510417938,2.822243549971404e-07,million UZS,overlapping vintages; changed values preserved; revisions vs parser/scope differences require evidence
pos_turnover,2025-07,2,242649104.0,242649104.27302724,0.273027241230011,1.125193715978412e-07,million UZS,overlapping vintages; changed values preserved; revisions vs parser/scope differences require evidence
pos_turnover,2025-08,2,279033645.0,279033645.9906071,0.9906070828437805,3.5501348527589016e-07,million UZS,overlapping vintages; changed values preserved; revisions vs parser/scope differences require evidence
pos_turnover,2025-09,2,318179160.0,318179160.0388831,0.038883090019226074,1.2220491285575008e-08,million UZS,overlapping vintages; changed values preserved; revisions vs parser/scope differences require evidence
pos_turnover,2025-10,2,359931333.0,359931333.4866419,0.48664188385009766,1.3520409236633668e-07,million UZS,overlapping vintages; changed values preserved; revisions vs parser/scope differences require evidence
pos_turnover,2025-11,2,399499877.0,399499877.2238983,0.2238982915878296,5.604463559905071e-08,million UZS,overlapping vintages; changed values preserved; revisions vs parser/scope differences require evidence
pos_turnover,2026-01,2,41948200.0,41948200.47003447,0.47003447264432907,1.1205116612345023e-06,million UZS,overlapping vintages; changed values preserved; revisions vs parser/scope differences require evidence
pos_turnover,2026-02,2,82925645.0,82925645.74817769,0.7481776922941208,9.022271596492715e-07,million UZS,overlapping vintages; changed values preserved; revisions vs parser/scope differences require evidence
pos_turnover,2026-03,2,129130146.0,129130146.88683674,0.8868367373943329,6.867774571261975e-07,million UZS,overlapping vintages; changed values preserved; revisions vs parser/scope differences require evidence
