expected_hash,candidate_path,candidate_hash,exact_match,schema_match,date_range,row_count,status
78a7c51b97247d3ccbd72cbcb03b89f6f52f0f091201956bba85c0373856ba7c,archive/historical_results/results/phase6c/t_7c6c1a15/test_future_47eb97cd/data/master/gdp_quarterly.parquet,ae1608896372720b6ebb58261e0c0092c608324b0804bc99267c1753990faaa8,False,False,,,NOT_COMPARABLE: ArrowInvalid
78a7c51b97247d3ccbd72cbcb03b89f6f52f0f091201956bba85c0373856ba7c,archive/historical_results/results/phase6c/t_7c6c1a15/test_future_47eb97cd/data/master/v1_monthly.parquet,ae1608896372720b6ebb58261e0c0092c608324b0804bc99267c1753990faaa8,False,False,,,NOT_COMPARABLE: ArrowInvalid
78a7c51b97247d3ccbd72cbcb03b89f6f52f0f091201956bba85c0373856ba7c,archive/historical_results/results/phase6c/t_7c6c1a15/test_master_3eb25d0d/data/master/gdp_quarterly.parquet,52cb0c6abb02dced4eb97286d6f91d4c4d09dffcd60797f58a2915a53b981412,False,False,,,NOT_COMPARABLE: ArrowInvalid
78a7c51b97247d3ccbd72cbcb03b89f6f52f0f091201956bba85c0373856ba7c,archive/historical_results/results/phase6c/t_7c6c1a15/test_master_3eb25d0d/data/master/v1_monthly.parquet,9169e3ca73eeb47d29e92532bcc0ffd1f22178bc26e73bf6e466f0aefadb8b50,False,False,,,NOT_COMPARABLE: ArrowInvalid
78a7c51b97247d3ccbd72cbcb03b89f6f52f0f091201956bba85c0373856ba7c,archive/historical_results/results/phase6c/t_7c6c1a15/test_offlinedfd406df/data/master/gdp_quarterly.parquet,27fc48843ce8c7a01f5407277ad067b129a63132cc0bcb33441dd295da047dce,False,False,2018Q1..2026Q2,34.0,READABLE_CANDIDATE
78a7c51b97247d3ccbd72cbcb03b89f6f52f0f091201956bba85c0373856ba7c,archive/historical_results/results/phase6c/t_7c6c1a15/test_offlinedfd406df/data/master/gdp_quarterly.xlsx,486d00415aa8aea3eae29c45fff26993db806184ddb2c1cd92949c46b1cf903d,False,False,2018Q1..2026Q2,34.0,READABLE_CANDIDATE
78a7c51b97247d3ccbd72cbcb03b89f6f52f0f091201956bba85c0373856ba7c,archive/historical_results/results/phase6c/t_7c6c1a15/test_offlinedfd406df/data/master/pilot_monthly.parquet,c06926e248239da0ad11919d99f3ff15ea24ca555c64b8643b2e07109b70559f,False,False,2019-01-31 00:00:00..2026-09-30 00:00:00,93.0,READABLE_CANDIDATE
78a7c51b97247d3ccbd72cbcb03b89f6f52f0f091201956bba85c0373856ba7c,archive/historical_results/results/phase6c/t_7c6c1a15/test_offlinedfd406df/data/master/pilot_monthly.xlsx,7dd547e45c6e461bc62f5252746b171442b5ba8b7050ec0b77d8a11e8e83d301,False,False,2019-01-31 00:00:00..2026-09-30 00:00:00,93.0,READABLE_CANDIDATE
78a7c51b97247d3ccbd72cbcb03b89f6f52f0f091201956bba85c0373856ba7c,archive/historical_results/results/phase6c/t_7c6c1a15/test_phase2b0fb1ee0b/data/master/gdp_quarterly.parquet,5913489d80b23f9f38689ad8220243fda2e1e3c75a9cea642f254e736e164b60,False,False,2018Q1..2026Q2,34.0,READABLE_CANDIDATE
78a7c51b97247d3ccbd72cbcb03b89f6f52f0f091201956bba85c0373856ba7c,archive/historical_results/results/phase6c/t_7c6c1a15/test_phase2b0fb1ee0b/data/master/gdp_quarterly.xlsx,efdf72ef474c1a308a0beb1d0769f90a1e95dece5c31dde961bb74a11b58228f,False,False,2018Q1..2026Q2,34.0,READABLE_CANDIDATE
78a7c51b97247d3ccbd72cbcb03b89f6f52f0f091201956bba85c0373856ba7c,archive/historical_results/results/phase6c/t_7c6c1a15/test_phase2b0fb1ee0b/data/master/pilot8_monthly.parquet,b1c868a31addc9542461d0171ba12d4508facfe522bebb92208c7269cbcb8a02,False,False,2013-01-31 00:00:00..2026-09-30 00:00:00,165.0,READABLE_CANDIDATE
78a7c51b97247d3ccbd72cbcb03b89f6f52f0f091201956bba85c0373856ba7c,archive/historical_results/results/phase6c/t_7c6c1a15/test_phase2b0fb1ee0b/data/master/pilot8_monthly.xlsx,1f4969a7fe0744effd97aad8b5d0db23d1140be6b048f0c20762a0d6f1ae3cf6,False,False,2013-01-31 00:00:00..2026-09-30 00:00:00,165.0,READABLE_CANDIDATE
78a7c51b97247d3ccbd72cbcb03b89f6f52f0f091201956bba85c0373856ba7c,archive/historical_results/results/phase6c/t_7c6c1a15/test_run_pha8f307c1b/data/master/gdp_quarterly.parquet,0ea6dfc187c24a517ac4434608f5c77b77a0fa873a7ca8057dec95b3af81c098,False,False,2018-Q1..2026-Q2,34.0,READABLE_CANDIDATE
78a7c51b97247d3ccbd72cbcb03b89f6f52f0f091201956bba85c0373856ba7c,archive/historical_results/results/phase6c/t_7c6c1a15/test_run_pha8f307c1b/data/master/v1_monthly.parquet,345b0b2a19573fef4350c95f465e6ccf262fd80f1e320a2d3bbaa31e65dc089e,False,False,2018-01-31 00:00:00..2026-06-30 00:00:00,102.0,READABLE_CANDIDATE
78a7c51b97247d3ccbd72cbcb03b89f6f52f0f091201956bba85c0373856ba7c,archive/historical_results/results/phase6c/t_7c6c1a15/test_run_phaf333b161/data/master/gdp_quarterly.parquet,0ea6dfc187c24a517ac4434608f5c77b77a0fa873a7ca8057dec95b3af81c098,False,False,2018-Q1..2026-Q2,34.0,READABLE_CANDIDATE
78a7c51b97247d3ccbd72cbcb03b89f6f52f0f091201956bba85c0373856ba7c,archive/historical_results/results/phase6c/t_7c6c1a15/test_run_phaf333b161/data/master/v1_monthly.parquet,c191d4041be03b11390c269d7d365eaee407934a780d8bcd9348703f14ad6deb,False,False,2018-01-31 00:00:00..2026-06-30 00:00:00,102.0,READABLE_CANDIDATE
78a7c51b97247d3ccbd72cbcb03b89f6f52f0f091201956bba85c0373856ba7c,data/master/gdp_quarterly.parquet,196a8c980895163efc5fd9a25dca93523b1b25719057149a21637a2925457b51,False,False,2018Q1..2026Q2,34.0,READABLE_CANDIDATE
78a7c51b97247d3ccbd72cbcb03b89f6f52f0f091201956bba85c0373856ba7c,data/master/gdp_quarterly.xlsx,c32bc63e7dd088a642620d931aa2234327e96820ec8a9c628305d7908118e27d,False,False,2018Q1..2026Q2,34.0,READABLE_CANDIDATE
78a7c51b97247d3ccbd72cbcb03b89f6f52f0f091201956bba85c0373856ba7c,data/master/pilot8_monthly.parquet,69305542de5208c868bebdac4588cc945c2251d15ca04fc0fe75e81e1f5a13c1,False,False,2013-01-31 00:00:00..2026-09-30 00:00:00,165.0,READABLE_CANDIDATE
78a7c51b97247d3ccbd72cbcb03b89f6f52f0f091201956bba85c0373856ba7c,data/master/pilot8_monthly.xlsx,d63b5bf8a07b370c11b0794fee868638448e0ba9f7b08a8f0e11d825285deae8,False,False,2013-01-31 00:00:00..2026-09-30 00:00:00,165.0,READABLE_CANDIDATE
78a7c51b97247d3ccbd72cbcb03b89f6f52f0f091201956bba85c0373856ba7c,data/master/pilot_monthly.parquet,f7de3e9b65ff6559061a7a9261e1512278a3c79416e5064eee353e4954fe1185,False,False,2013-01-31 00:00:00..2026-09-30 00:00:00,165.0,READABLE_CANDIDATE
78a7c51b97247d3ccbd72cbcb03b89f6f52f0f091201956bba85c0373856ba7c,data/master/pilot_monthly.xlsx,e75c9de7b794d7a58cd267775a87ef312a9143c7e6fc99e4a78c1aece86a4c7a,False,False,2013-01-31 00:00:00..2026-09-30 00:00:00,165.0,READABLE_CANDIDATE
78a7c51b97247d3ccbd72cbcb03b89f6f52f0f091201956bba85c0373856ba7c,data/master/v1_monthly.parquet,30bed04601df4010d0cf995892c8b4ac3cf211a46f61e2c8f5772e00fac30d04,False,True,1960-01-31 00:00:00..2026-10-31 00:00:00,802.0,READABLE_CANDIDATE
78a7c51b97247d3ccbd72cbcb03b89f6f52f0f091201956bba85c0373856ba7c,data/master/v1_monthly.xlsx,059abc6464890b24f3d11c73c0dab7316b908bb692856a48d7d7efc2c20d78ce,False,True,1960-01-31 00:00:00..2026-10-31 00:00:00,802.0,READABLE_CANDIDATE
78a7c51b97247d3ccbd72cbcb03b89f6f52f0f091201956bba85c0373856ba7c,results/phase6c/test_workspace_8bf0cf203e164ebc9310756b93d90db7/test_future_quarters_use_curreb85e3ae6/data/master/gdp_quarterly.parquet,ae1608896372720b6ebb58261e0c0092c608324b0804bc99267c1753990faaa8,False,False,,,NOT_COMPARABLE: ArrowInvalid
78a7c51b97247d3ccbd72cbcb03b89f6f52f0f091201956bba85c0373856ba7c,results/phase6c/test_workspace_8bf0cf203e164ebc9310756b93d90db7/test_future_quarters_use_curreb85e3ae6/data/master/v1_monthly.parquet,ae1608896372720b6ebb58261e0c0092c608324b0804bc99267c1753990faaa8,False,False,,,NOT_COMPARABLE: ArrowInvalid
78a7c51b97247d3ccbd72cbcb03b89f6f52f0f091201956bba85c0373856ba7c,results/phase6c/test_workspace_8bf0cf203e164ebc9310756b93d90db7/test_master_fingerprint_recordd3b1b8c0/data/master/gdp_quarterly.parquet,52cb0c6abb02dced4eb97286d6f91d4c4d09dffcd60797f58a2915a53b981412,False,False,,,NOT_COMPARABLE: ArrowInvalid
78a7c51b97247d3ccbd72cbcb03b89f6f52f0f091201956bba85c0373856ba7c,results/phase6c/test_workspace_8bf0cf203e164ebc9310756b93d90db7/test_master_fingerprint_recordd3b1b8c0/data/master/v1_monthly.parquet,9169e3ca73eeb47d29e92532bcc0ffd1f22178bc26e73bf6e466f0aefadb8b50,False,False,,,NOT_COMPARABLE: ArrowInvalid
78a7c51b97247d3ccbd72cbcb03b89f6f52f0f091201956bba85c0373856ba7c,results/phase6c/test_workspace_8bf0cf203e164ebc9310756b93d90db7/test_run_phase_4a1_excludes_hoe826b321/data/master/gdp_quarterly.parquet,0ea6dfc187c24a517ac4434608f5c77b77a0fa873a7ca8057dec95b3af81c098,False,False,2018-Q1..2026-Q2,34.0,READABLE_CANDIDATE
78a7c51b97247d3ccbd72cbcb03b89f6f52f0f091201956bba85c0373856ba7c,results/phase6c/test_workspace_8bf0cf203e164ebc9310756b93d90db7/test_run_phase_4a1_excludes_hoe826b321/data/master/v1_monthly.parquet,345b0b2a19573fef4350c95f465e6ccf262fd80f1e320a2d3bbaa31e65dc089e,False,False,2018-01-31 00:00:00..2026-06-30 00:00:00,102.0,READABLE_CANDIDATE
78a7c51b97247d3ccbd72cbcb03b89f6f52f0f091201956bba85c0373856ba7c,results/phase6c/test_workspace_8bf0cf203e164ebc9310756b93d90db7/test_run_phase_4a1_records_fin03d5a6f3/data/master/gdp_quarterly.parquet,0ea6dfc187c24a517ac4434608f5c77b77a0fa873a7ca8057dec95b3af81c098,False,False,2018-Q1..2026-Q2,34.0,READABLE_CANDIDATE
78a7c51b97247d3ccbd72cbcb03b89f6f52f0f091201956bba85c0373856ba7c,results/phase6c/test_workspace_8bf0cf203e164ebc9310756b93d90db7/test_run_phase_4a1_records_fin03d5a6f3/data/master/v1_monthly.parquet,c191d4041be03b11390c269d7d365eaee407934a780d8bcd9348703f14ad6deb,False,False,2018-01-31 00:00:00..2026-06-30 00:00:00,102.0,READABLE_CANDIDATE
78a7c51b97247d3ccbd72cbcb03b89f6f52f0f091201956bba85c0373856ba7c,results/phase6d/t_3e3b240c/test_future_46d5d695/data/master/gdp_quarterly.parquet,ae1608896372720b6ebb58261e0c0092c608324b0804bc99267c1753990faaa8,False,False,,,NOT_COMPARABLE: ArrowInvalid
78a7c51b97247d3ccbd72cbcb03b89f6f52f0f091201956bba85c0373856ba7c,results/phase6d/t_3e3b240c/test_future_46d5d695/data/master/v1_monthly.parquet,ae1608896372720b6ebb58261e0c0092c608324b0804bc99267c1753990faaa8,False,False,,,NOT_COMPARABLE: ArrowInvalid
78a7c51b97247d3ccbd72cbcb03b89f6f52f0f091201956bba85c0373856ba7c,results/phase6d/t_3e3b240c/test_master_1c143f89/data/master/gdp_quarterly.parquet,52cb0c6abb02dced4eb97286d6f91d4c4d09dffcd60797f58a2915a53b981412,False,False,,,NOT_COMPARABLE: ArrowInvalid
78a7c51b97247d3ccbd72cbcb03b89f6f52f0f091201956bba85c0373856ba7c,results/phase6d/t_3e3b240c/test_master_1c143f89/data/master/v1_monthly.parquet,9169e3ca73eeb47d29e92532bcc0ffd1f22178bc26e73bf6e466f0aefadb8b50,False,False,,,NOT_COMPARABLE: ArrowInvalid
78a7c51b97247d3ccbd72cbcb03b89f6f52f0f091201956bba85c0373856ba7c,results/phase6d/t_3e3b240c/test_offline7ec1a361/data/master/gdp_quarterly.parquet,2db67fa3180442b7cf7c5d773c5df139f2d40ba0b513b07ccbf058743f81f07f,False,False,2018Q1..2026Q2,34.0,READABLE_CANDIDATE
78a7c51b97247d3ccbd72cbcb03b89f6f52f0f091201956bba85c0373856ba7c,results/phase6d/t_3e3b240c/test_offline7ec1a361/data/master/gdp_quarterly.xlsx,c88f786ad61e8970327e2e0d42196b8702cd53c17dc9c9b8f40ebb9ab6999db9,False,False,2018Q1..2026Q2,34.0,READABLE_CANDIDATE
78a7c51b97247d3ccbd72cbcb03b89f6f52f0f091201956bba85c0373856ba7c,results/phase6d/t_3e3b240c/test_offline7ec1a361/data/master/pilot_monthly.parquet,c06926e248239da0ad11919d99f3ff15ea24ca555c64b8643b2e07109b70559f,False,False,2019-01-31 00:00:00..2026-09-30 00:00:00,93.0,READABLE_CANDIDATE
78a7c51b97247d3ccbd72cbcb03b89f6f52f0f091201956bba85c0373856ba7c,results/phase6d/t_3e3b240c/test_offline7ec1a361/data/master/pilot_monthly.xlsx,c43896b9de2a4fa1245780d369199ca8a410eaa3b55ee470f31b41fe8a5535ba,False,False,2019-01-31 00:00:00..2026-09-30 00:00:00,93.0,READABLE_CANDIDATE
78a7c51b97247d3ccbd72cbcb03b89f6f52f0f091201956bba85c0373856ba7c,results/phase6d/t_3e3b240c/test_phase2b943f19ac/data/master/gdp_quarterly.parquet,22c97eadbeb6a8f64290aa16f8ca006b582f69cd992ed627f94472ddb457fe3f,False,False,2018Q1..2026Q2,34.0,READABLE_CANDIDATE
78a7c51b97247d3ccbd72cbcb03b89f6f52f0f091201956bba85c0373856ba7c,results/phase6d/t_3e3b240c/test_phase2b943f19ac/data/master/gdp_quarterly.xlsx,acec8fb443edb93359a7fba518120c7a39e5199a17ffe0137c96979b353ca5b7,False,False,2018Q1..2026Q2,34.0,READABLE_CANDIDATE
78a7c51b97247d3ccbd72cbcb03b89f6f52f0f091201956bba85c0373856ba7c,results/phase6d/t_3e3b240c/test_phase2b943f19ac/data/master/pilot8_monthly.parquet,b1c868a31addc9542461d0171ba12d4508facfe522bebb92208c7269cbcb8a02,False,False,2013-01-31 00:00:00..2026-09-30 00:00:00,165.0,READABLE_CANDIDATE
78a7c51b97247d3ccbd72cbcb03b89f6f52f0f091201956bba85c0373856ba7c,results/phase6d/t_3e3b240c/test_phase2b943f19ac/data/master/pilot8_monthly.xlsx,04dd0880cfd038f016f6649dd643dea46b715da34ca422c4a9ea93029384bdc0,False,False,2013-01-31 00:00:00..2026-09-30 00:00:00,165.0,READABLE_CANDIDATE
78a7c51b97247d3ccbd72cbcb03b89f6f52f0f091201956bba85c0373856ba7c,results/phase6d/t_3e3b240c/test_run_pha4ea965b3/data/master/gdp_quarterly.parquet,0ea6dfc187c24a517ac4434608f5c77b77a0fa873a7ca8057dec95b3af81c098,False,False,2018-Q1..2026-Q2,34.0,READABLE_CANDIDATE
78a7c51b97247d3ccbd72cbcb03b89f6f52f0f091201956bba85c0373856ba7c,results/phase6d/t_3e3b240c/test_run_pha4ea965b3/data/master/v1_monthly.parquet,c191d4041be03b11390c269d7d365eaee407934a780d8bcd9348703f14ad6deb,False,False,2018-01-31 00:00:00..2026-06-30 00:00:00,102.0,READABLE_CANDIDATE
78a7c51b97247d3ccbd72cbcb03b89f6f52f0f091201956bba85c0373856ba7c,results/phase6d/t_3e3b240c/test_run_phaa0a0127c/data/master/gdp_quarterly.parquet,0ea6dfc187c24a517ac4434608f5c77b77a0fa873a7ca8057dec95b3af81c098,False,False,2018-Q1..2026-Q2,34.0,READABLE_CANDIDATE
78a7c51b97247d3ccbd72cbcb03b89f6f52f0f091201956bba85c0373856ba7c,results/phase6d/t_3e3b240c/test_run_phaa0a0127c/data/master/v1_monthly.parquet,345b0b2a19573fef4350c95f465e6ccf262fd80f1e320a2d3bbaa31e65dc089e,False,False,2018-01-31 00:00:00..2026-06-30 00:00:00,102.0,READABLE_CANDIDATE
78a7c51b97247d3ccbd72cbcb03b89f6f52f0f091201956bba85c0373856ba7c,results/phase6d/t_fae9a1d5/test_future_60195684/data/master/gdp_quarterly.parquet,ae1608896372720b6ebb58261e0c0092c608324b0804bc99267c1753990faaa8,False,False,,,NOT_COMPARABLE: ArrowInvalid
78a7c51b97247d3ccbd72cbcb03b89f6f52f0f091201956bba85c0373856ba7c,results/phase6d/t_fae9a1d5/test_future_60195684/data/master/v1_monthly.parquet,ae1608896372720b6ebb58261e0c0092c608324b0804bc99267c1753990faaa8,False,False,,,NOT_COMPARABLE: ArrowInvalid
78a7c51b97247d3ccbd72cbcb03b89f6f52f0f091201956bba85c0373856ba7c,results/phase6d/t_fae9a1d5/test_master_21325341/data/master/gdp_quarterly.parquet,52cb0c6abb02dced4eb97286d6f91d4c4d09dffcd60797f58a2915a53b981412,False,False,,,NOT_COMPARABLE: ArrowInvalid
78a7c51b97247d3ccbd72cbcb03b89f6f52f0f091201956bba85c0373856ba7c,results/phase6d/t_fae9a1d5/test_master_21325341/data/master/v1_monthly.parquet,9169e3ca73eeb47d29e92532bcc0ffd1f22178bc26e73bf6e466f0aefadb8b50,False,False,,,NOT_COMPARABLE: ArrowInvalid
78a7c51b97247d3ccbd72cbcb03b89f6f52f0f091201956bba85c0373856ba7c,results/phase6d/t_fae9a1d5/test_offlinef1a4d8cd/data/master/gdp_quarterly.parquet,6c4ccd53ef8b346a8b00b15ffdf646ebff091bce86bbdece6b808c1a4f62fb01,False,False,2018Q1..2026Q2,34.0,READABLE_CANDIDATE
78a7c51b97247d3ccbd72cbcb03b89f6f52f0f091201956bba85c0373856ba7c,results/phase6d/t_fae9a1d5/test_offlinef1a4d8cd/data/master/gdp_quarterly.xlsx,d287f50d7827fb5d85383dfe8695118261daff1e64c4655833dc4bd084d5f9e5,False,False,2018Q1..2026Q2,34.0,READABLE_CANDIDATE
78a7c51b97247d3ccbd72cbcb03b89f6f52f0f091201956bba85c0373856ba7c,results/phase6d/t_fae9a1d5/test_offlinef1a4d8cd/data/master/pilot_monthly.parquet,c06926e248239da0ad11919d99f3ff15ea24ca555c64b8643b2e07109b70559f,False,False,2019-01-31 00:00:00..2026-09-30 00:00:00,93.0,READABLE_CANDIDATE
78a7c51b97247d3ccbd72cbcb03b89f6f52f0f091201956bba85c0373856ba7c,results/phase6d/t_fae9a1d5/test_offlinef1a4d8cd/data/master/pilot_monthly.xlsx,726b32983e962efd9ccdbe8f2eb1d3d99e9cf020d3066a9f0dc92e3e9e8e86b4,False,False,2019-01-31 00:00:00..2026-09-30 00:00:00,93.0,READABLE_CANDIDATE
78a7c51b97247d3ccbd72cbcb03b89f6f52f0f091201956bba85c0373856ba7c,results/phase6d/t_fae9a1d5/test_phase2b46e17376/data/master/gdp_quarterly.parquet,91828faf29f13cde6625a87f2b2a64e15f64d4cd59c55c443e09ffe932a7b94a,False,False,2018Q1..2026Q2,34.0,READABLE_CANDIDATE
78a7c51b97247d3ccbd72cbcb03b89f6f52f0f091201956bba85c0373856ba7c,results/phase6d/t_fae9a1d5/test_phase2b46e17376/data/master/gdp_quarterly.xlsx,f6df027d857d6d363a341ecd4dff0c4b60c748cf827f8bfb947be654f5f7ec9f,False,False,2018Q1..2026Q2,34.0,READABLE_CANDIDATE
78a7c51b97247d3ccbd72cbcb03b89f6f52f0f091201956bba85c0373856ba7c,results/phase6d/t_fae9a1d5/test_phase2b46e17376/data/master/pilot8_monthly.parquet,b1c868a31addc9542461d0171ba12d4508facfe522bebb92208c7269cbcb8a02,False,False,2013-01-31 00:00:00..2026-09-30 00:00:00,165.0,READABLE_CANDIDATE
78a7c51b97247d3ccbd72cbcb03b89f6f52f0f091201956bba85c0373856ba7c,results/phase6d/t_fae9a1d5/test_phase2b46e17376/data/master/pilot8_monthly.xlsx,57937b34bb2916066eefd38a71f59eb8ef3f96a35e19b8489de8797ec74b49d0,False,False,2013-01-31 00:00:00..2026-09-30 00:00:00,165.0,READABLE_CANDIDATE
78a7c51b97247d3ccbd72cbcb03b89f6f52f0f091201956bba85c0373856ba7c,results/phase6d/t_fae9a1d5/test_run_pha9bfe03fa/data/master/gdp_quarterly.parquet,0ea6dfc187c24a517ac4434608f5c77b77a0fa873a7ca8057dec95b3af81c098,False,False,2018-Q1..2026-Q2,34.0,READABLE_CANDIDATE
78a7c51b97247d3ccbd72cbcb03b89f6f52f0f091201956bba85c0373856ba7c,results/phase6d/t_fae9a1d5/test_run_pha9bfe03fa/data/master/v1_monthly.parquet,c191d4041be03b11390c269d7d365eaee407934a780d8bcd9348703f14ad6deb,False,False,2018-01-31 00:00:00..2026-06-30 00:00:00,102.0,READABLE_CANDIDATE
78a7c51b97247d3ccbd72cbcb03b89f6f52f0f091201956bba85c0373856ba7c,results/phase6d/t_fae9a1d5/test_run_phacec32b0f/data/master/gdp_quarterly.parquet,0ea6dfc187c24a517ac4434608f5c77b77a0fa873a7ca8057dec95b3af81c098,False,False,2018-Q1..2026-Q2,34.0,READABLE_CANDIDATE
78a7c51b97247d3ccbd72cbcb03b89f6f52f0f091201956bba85c0373856ba7c,results/phase6d/t_fae9a1d5/test_run_phacec32b0f/data/master/v1_monthly.parquet,345b0b2a19573fef4350c95f465e6ccf262fd80f1e320a2d3bbaa31e65dc089e,False,False,2018-01-31 00:00:00..2026-06-30 00:00:00,102.0,READABLE_CANDIDATE
36793699e48de74ecfe31eeb7eb8f23cf3eb6f2ab9ca929cdd4bb240c1bdfbac,archive/historical_results/results/phase6c/t_7c6c1a15/test_future_47eb97cd/data/master/gdp_quarterly.parquet,ae1608896372720b6ebb58261e0c0092c608324b0804bc99267c1753990faaa8,False,False,,,NOT_COMPARABLE: ArrowInvalid
36793699e48de74ecfe31eeb7eb8f23cf3eb6f2ab9ca929cdd4bb240c1bdfbac,archive/historical_results/results/phase6c/t_7c6c1a15/test_future_47eb97cd/data/master/v1_monthly.parquet,ae1608896372720b6ebb58261e0c0092c608324b0804bc99267c1753990faaa8,False,False,,,NOT_COMPARABLE: ArrowInvalid
36793699e48de74ecfe31eeb7eb8f23cf3eb6f2ab9ca929cdd4bb240c1bdfbac,archive/historical_results/results/phase6c/t_7c6c1a15/test_master_3eb25d0d/data/master/gdp_quarterly.parquet,52cb0c6abb02dced4eb97286d6f91d4c4d09dffcd60797f58a2915a53b981412,False,False,,,NOT_COMPARABLE: ArrowInvalid
36793699e48de74ecfe31eeb7eb8f23cf3eb6f2ab9ca929cdd4bb240c1bdfbac,archive/historical_results/results/phase6c/t_7c6c1a15/test_master_3eb25d0d/data/master/v1_monthly.parquet,9169e3ca73eeb47d29e92532bcc0ffd1f22178bc26e73bf6e466f0aefadb8b50,False,False,,,NOT_COMPARABLE: ArrowInvalid
36793699e48de74ecfe31eeb7eb8f23cf3eb6f2ab9ca929cdd4bb240c1bdfbac,archive/historical_results/results/phase6c/t_7c6c1a15/test_offlinedfd406df/data/master/gdp_quarterly.parquet,27fc48843ce8c7a01f5407277ad067b129a63132cc0bcb33441dd295da047dce,False,True,2018Q1..2026Q2,34.0,READABLE_CANDIDATE
36793699e48de74ecfe31eeb7eb8f23cf3eb6f2ab9ca929cdd4bb240c1bdfbac,archive/historical_results/results/phase6c/t_7c6c1a15/test_offlinedfd406df/data/master/gdp_quarterly.xlsx,486d00415aa8aea3eae29c45fff26993db806184ddb2c1cd92949c46b1cf903d,False,True,2018Q1..2026Q2,34.0,READABLE_CANDIDATE
36793699e48de74ecfe31eeb7eb8f23cf3eb6f2ab9ca929cdd4bb240c1bdfbac,archive/historical_results/results/phase6c/t_7c6c1a15/test_offlinedfd406df/data/master/pilot_monthly.parquet,c06926e248239da0ad11919d99f3ff15ea24ca555c64b8643b2e07109b70559f,False,False,2019-01-31 00:00:00..2026-09-30 00:00:00,93.0,READABLE_CANDIDATE
36793699e48de74ecfe31eeb7eb8f23cf3eb6f2ab9ca929cdd4bb240c1bdfbac,archive/historical_results/results/phase6c/t_7c6c1a15/test_offlinedfd406df/data/master/pilot_monthly.xlsx,7dd547e45c6e461bc62f5252746b171442b5ba8b7050ec0b77d8a11e8e83d301,False,False,2019-01-31 00:00:00..2026-09-30 00:00:00,93.0,READABLE_CANDIDATE
36793699e48de74ecfe31eeb7eb8f23cf3eb6f2ab9ca929cdd4bb240c1bdfbac,archive/historical_results/results/phase6c/t_7c6c1a15/test_phase2b0fb1ee0b/data/master/gdp_quarterly.parquet,5913489d80b23f9f38689ad8220243fda2e1e3c75a9cea642f254e736e164b60,False,True,2018Q1..2026Q2,34.0,READABLE_CANDIDATE
36793699e48de74ecfe31eeb7eb8f23cf3eb6f2ab9ca929cdd4bb240c1bdfbac,archive/historical_results/results/phase6c/t_7c6c1a15/test_phase2b0fb1ee0b/data/master/gdp_quarterly.xlsx,efdf72ef474c1a308a0beb1d0769f90a1e95dece5c31dde961bb74a11b58228f,False,True,2018Q1..2026Q2,34.0,READABLE_CANDIDATE
36793699e48de74ecfe31eeb7eb8f23cf3eb6f2ab9ca929cdd4bb240c1bdfbac,archive/historical_results/results/phase6c/t_7c6c1a15/test_phase2b0fb1ee0b/data/master/pilot8_monthly.parquet,b1c868a31addc9542461d0171ba12d4508facfe522bebb92208c7269cbcb8a02,False,False,2013-01-31 00:00:00..2026-09-30 00:00:00,165.0,READABLE_CANDIDATE
36793699e48de74ecfe31eeb7eb8f23cf3eb6f2ab9ca929cdd4bb240c1bdfbac,archive/historical_results/results/phase6c/t_7c6c1a15/test_phase2b0fb1ee0b/data/master/pilot8_monthly.xlsx,1f4969a7fe0744effd97aad8b5d0db23d1140be6b048f0c20762a0d6f1ae3cf6,False,False,2013-01-31 00:00:00..2026-09-30 00:00:00,165.0,READABLE_CANDIDATE
36793699e48de74ecfe31eeb7eb8f23cf3eb6f2ab9ca929cdd4bb240c1bdfbac,archive/historical_results/results/phase6c/t_7c6c1a15/test_run_pha8f307c1b/data/master/gdp_quarterly.parquet,0ea6dfc187c24a517ac4434608f5c77b77a0fa873a7ca8057dec95b3af81c098,False,False,2018-Q1..2026-Q2,34.0,READABLE_CANDIDATE
36793699e48de74ecfe31eeb7eb8f23cf3eb6f2ab9ca929cdd4bb240c1bdfbac,archive/historical_results/results/phase6c/t_7c6c1a15/test_run_pha8f307c1b/data/master/v1_monthly.parquet,345b0b2a19573fef4350c95f465e6ccf262fd80f1e320a2d3bbaa31e65dc089e,False,False,2018-01-31 00:00:00..2026-06-30 00:00:00,102.0,READABLE_CANDIDATE
36793699e48de74ecfe31eeb7eb8f23cf3eb6f2ab9ca929cdd4bb240c1bdfbac,archive/historical_results/results/phase6c/t_7c6c1a15/test_run_phaf333b161/data/master/gdp_quarterly.parquet,0ea6dfc187c24a517ac4434608f5c77b77a0fa873a7ca8057dec95b3af81c098,False,False,2018-Q1..2026-Q2,34.0,READABLE_CANDIDATE
36793699e48de74ecfe31eeb7eb8f23cf3eb6f2ab9ca929cdd4bb240c1bdfbac,archive/historical_results/results/phase6c/t_7c6c1a15/test_run_phaf333b161/data/master/v1_monthly.parquet,c191d4041be03b11390c269d7d365eaee407934a780d8bcd9348703f14ad6deb,False,False,2018-01-31 00:00:00..2026-06-30 00:00:00,102.0,READABLE_CANDIDATE
36793699e48de74ecfe31eeb7eb8f23cf3eb6f2ab9ca929cdd4bb240c1bdfbac,data/master/gdp_quarterly.parquet,196a8c980895163efc5fd9a25dca93523b1b25719057149a21637a2925457b51,False,True,2018Q1..2026Q2,34.0,READABLE_CANDIDATE
36793699e48de74ecfe31eeb7eb8f23cf3eb6f2ab9ca929cdd4bb240c1bdfbac,data/master/gdp_quarterly.xlsx,c32bc63e7dd088a642620d931aa2234327e96820ec8a9c628305d7908118e27d,False,True,2018Q1..2026Q2,34.0,READABLE_CANDIDATE
36793699e48de74ecfe31eeb7eb8f23cf3eb6f2ab9ca929cdd4bb240c1bdfbac,data/master/pilot8_monthly.parquet,69305542de5208c868bebdac4588cc945c2251d15ca04fc0fe75e81e1f5a13c1,False,False,2013-01-31 00:00:00..2026-09-30 00:00:00,165.0,READABLE_CANDIDATE
36793699e48de74ecfe31eeb7eb8f23cf3eb6f2ab9ca929cdd4bb240c1bdfbac,data/master/pilot8_monthly.xlsx,d63b5bf8a07b370c11b0794fee868638448e0ba9f7b08a8f0e11d825285deae8,False,False,2013-01-31 00:00:00..2026-09-30 00:00:00,165.0,READABLE_CANDIDATE
36793699e48de74ecfe31eeb7eb8f23cf3eb6f2ab9ca929cdd4bb240c1bdfbac,data/master/pilot_monthly.parquet,f7de3e9b65ff6559061a7a9261e1512278a3c79416e5064eee353e4954fe1185,False,False,2013-01-31 00:00:00..2026-09-30 00:00:00,165.0,READABLE_CANDIDATE
36793699e48de74ecfe31eeb7eb8f23cf3eb6f2ab9ca929cdd4bb240c1bdfbac,data/master/pilot_monthly.xlsx,e75c9de7b794d7a58cd267775a87ef312a9143c7e6fc99e4a78c1aece86a4c7a,False,False,2013-01-31 00:00:00..2026-09-30 00:00:00,165.0,READABLE_CANDIDATE
36793699e48de74ecfe31eeb7eb8f23cf3eb6f2ab9ca929cdd4bb240c1bdfbac,data/master/v1_monthly.parquet,30bed04601df4010d0cf995892c8b4ac3cf211a46f61e2c8f5772e00fac30d04,False,False,1960-01-31 00:00:00..2026-10-31 00:00:00,802.0,READABLE_CANDIDATE
36793699e48de74ecfe31eeb7eb8f23cf3eb6f2ab9ca929cdd4bb240c1bdfbac,data/master/v1_monthly.xlsx,059abc6464890b24f3d11c73c0dab7316b908bb692856a48d7d7efc2c20d78ce,False,False,1960-01-31 00:00:00..2026-10-31 00:00:00,802.0,READABLE_CANDIDATE
36793699e48de74ecfe31eeb7eb8f23cf3eb6f2ab9ca929cdd4bb240c1bdfbac,results/phase6c/test_workspace_8bf0cf203e164ebc9310756b93d90db7/test_future_quarters_use_curreb85e3ae6/data/master/gdp_quarterly.parquet,ae1608896372720b6ebb58261e0c0092c608324b0804bc99267c1753990faaa8,False,False,,,NOT_COMPARABLE: ArrowInvalid
36793699e48de74ecfe31eeb7eb8f23cf3eb6f2ab9ca929cdd4bb240c1bdfbac,results/phase6c/test_workspace_8bf0cf203e164ebc9310756b93d90db7/test_future_quarters_use_curreb85e3ae6/data/master/v1_monthly.parquet,ae1608896372720b6ebb58261e0c0092c608324b0804bc99267c1753990faaa8,False,False,,,NOT_COMPARABLE: ArrowInvalid
36793699e48de74ecfe31eeb7eb8f23cf3eb6f2ab9ca929cdd4bb240c1bdfbac,results/phase6c/test_workspace_8bf0cf203e164ebc9310756b93d90db7/test_master_fingerprint_recordd3b1b8c0/data/master/gdp_quarterly.parquet,52cb0c6abb02dced4eb97286d6f91d4c4d09dffcd60797f58a2915a53b981412,False,False,,,NOT_COMPARABLE: ArrowInvalid
36793699e48de74ecfe31eeb7eb8f23cf3eb6f2ab9ca929cdd4bb240c1bdfbac,results/phase6c/test_workspace_8bf0cf203e164ebc9310756b93d90db7/test_master_fingerprint_recordd3b1b8c0/data/master/v1_monthly.parquet,9169e3ca73eeb47d29e92532bcc0ffd1f22178bc26e73bf6e466f0aefadb8b50,False,False,,,NOT_COMPARABLE: ArrowInvalid
36793699e48de74ecfe31eeb7eb8f23cf3eb6f2ab9ca929cdd4bb240c1bdfbac,results/phase6c/test_workspace_8bf0cf203e164ebc9310756b93d90db7/test_run_phase_4a1_excludes_hoe826b321/data/master/gdp_quarterly.parquet,0ea6dfc187c24a517ac4434608f5c77b77a0fa873a7ca8057dec95b3af81c098,False,False,2018-Q1..2026-Q2,34.0,READABLE_CANDIDATE
36793699e48de74ecfe31eeb7eb8f23cf3eb6f2ab9ca929cdd4bb240c1bdfbac,results/phase6c/test_workspace_8bf0cf203e164ebc9310756b93d90db7/test_run_phase_4a1_excludes_hoe826b321/data/master/v1_monthly.parquet,345b0b2a19573fef4350c95f465e6ccf262fd80f1e320a2d3bbaa31e65dc089e,False,False,2018-01-31 00:00:00..2026-06-30 00:00:00,102.0,READABLE_CANDIDATE
36793699e48de74ecfe31eeb7eb8f23cf3eb6f2ab9ca929cdd4bb240c1bdfbac,results/phase6c/test_workspace_8bf0cf203e164ebc9310756b93d90db7/test_run_phase_4a1_records_fin03d5a6f3/data/master/gdp_quarterly.parquet,0ea6dfc187c24a517ac4434608f5c77b77a0fa873a7ca8057dec95b3af81c098,False,False,2018-Q1..2026-Q2,34.0,READABLE_CANDIDATE
36793699e48de74ecfe31eeb7eb8f23cf3eb6f2ab9ca929cdd4bb240c1bdfbac,results/phase6c/test_workspace_8bf0cf203e164ebc9310756b93d90db7/test_run_phase_4a1_records_fin03d5a6f3/data/master/v1_monthly.parquet,c191d4041be03b11390c269d7d365eaee407934a780d8bcd9348703f14ad6deb,False,False,2018-01-31 00:00:00..2026-06-30 00:00:00,102.0,READABLE_CANDIDATE
36793699e48de74ecfe31eeb7eb8f23cf3eb6f2ab9ca929cdd4bb240c1bdfbac,results/phase6d/t_3e3b240c/test_future_46d5d695/data/master/gdp_quarterly.parquet,ae1608896372720b6ebb58261e0c0092c608324b0804bc99267c1753990faaa8,False,False,,,NOT_COMPARABLE: ArrowInvalid
36793699e48de74ecfe31eeb7eb8f23cf3eb6f2ab9ca929cdd4bb240c1bdfbac,results/phase6d/t_3e3b240c/test_future_46d5d695/data/master/v1_monthly.parquet,ae1608896372720b6ebb58261e0c0092c608324b0804bc99267c1753990faaa8,False,False,,,NOT_COMPARABLE: ArrowInvalid
36793699e48de74ecfe31eeb7eb8f23cf3eb6f2ab9ca929cdd4bb240c1bdfbac,results/phase6d/t_3e3b240c/test_master_1c143f89/data/master/gdp_quarterly.parquet,52cb0c6abb02dced4eb97286d6f91d4c4d09dffcd60797f58a2915a53b981412,False,False,,,NOT_COMPARABLE: ArrowInvalid
36793699e48de74ecfe31eeb7eb8f23cf3eb6f2ab9ca929cdd4bb240c1bdfbac,results/phase6d/t_3e3b240c/test_master_1c143f89/data/master/v1_monthly.parquet,9169e3ca73eeb47d29e92532bcc0ffd1f22178bc26e73bf6e466f0aefadb8b50,False,False,,,NOT_COMPARABLE: ArrowInvalid
36793699e48de74ecfe31eeb7eb8f23cf3eb6f2ab9ca929cdd4bb240c1bdfbac,results/phase6d/t_3e3b240c/test_offline7ec1a361/data/master/gdp_quarterly.parquet,2db67fa3180442b7cf7c5d773c5df139f2d40ba0b513b07ccbf058743f81f07f,False,True,2018Q1..2026Q2,34.0,READABLE_CANDIDATE
36793699e48de74ecfe31eeb7eb8f23cf3eb6f2ab9ca929cdd4bb240c1bdfbac,results/phase6d/t_3e3b240c/test_offline7ec1a361/data/master/gdp_quarterly.xlsx,c88f786ad61e8970327e2e0d42196b8702cd53c17dc9c9b8f40ebb9ab6999db9,False,True,2018Q1..2026Q2,34.0,READABLE_CANDIDATE
36793699e48de74ecfe31eeb7eb8f23cf3eb6f2ab9ca929cdd4bb240c1bdfbac,results/phase6d/t_3e3b240c/test_offline7ec1a361/data/master/pilot_monthly.parquet,c06926e248239da0ad11919d99f3ff15ea24ca555c64b8643b2e07109b70559f,False,False,2019-01-31 00:00:00..2026-09-30 00:00:00,93.0,READABLE_CANDIDATE
36793699e48de74ecfe31eeb7eb8f23cf3eb6f2ab9ca929cdd4bb240c1bdfbac,results/phase6d/t_3e3b240c/test_offline7ec1a361/data/master/pilot_monthly.xlsx,c43896b9de2a4fa1245780d369199ca8a410eaa3b55ee470f31b41fe8a5535ba,False,False,2019-01-31 00:00:00..2026-09-30 00:00:00,93.0,READABLE_CANDIDATE
36793699e48de74ecfe31eeb7eb8f23cf3eb6f2ab9ca929cdd4bb240c1bdfbac,results/phase6d/t_3e3b240c/test_phase2b943f19ac/data/master/gdp_quarterly.parquet,22c97eadbeb6a8f64290aa16f8ca006b582f69cd992ed627f94472ddb457fe3f,False,True,2018Q1..2026Q2,34.0,READABLE_CANDIDATE
36793699e48de74ecfe31eeb7eb8f23cf3eb6f2ab9ca929cdd4bb240c1bdfbac,results/phase6d/t_3e3b240c/test_phase2b943f19ac/data/master/gdp_quarterly.xlsx,acec8fb443edb93359a7fba518120c7a39e5199a17ffe0137c96979b353ca5b7,False,True,2018Q1..2026Q2,34.0,READABLE_CANDIDATE
36793699e48de74ecfe31eeb7eb8f23cf3eb6f2ab9ca929cdd4bb240c1bdfbac,results/phase6d/t_3e3b240c/test_phase2b943f19ac/data/master/pilot8_monthly.parquet,b1c868a31addc9542461d0171ba12d4508facfe522bebb92208c7269cbcb8a02,False,False,2013-01-31 00:00:00..2026-09-30 00:00:00,165.0,READABLE_CANDIDATE
36793699e48de74ecfe31eeb7eb8f23cf3eb6f2ab9ca929cdd4bb240c1bdfbac,results/phase6d/t_3e3b240c/test_phase2b943f19ac/data/master/pilot8_monthly.xlsx,04dd0880cfd038f016f6649dd643dea46b715da34ca422c4a9ea93029384bdc0,False,False,2013-01-31 00:00:00..2026-09-30 00:00:00,165.0,READABLE_CANDIDATE
36793699e48de74ecfe31eeb7eb8f23cf3eb6f2ab9ca929cdd4bb240c1bdfbac,results/phase6d/t_3e3b240c/test_run_pha4ea965b3/data/master/gdp_quarterly.parquet,0ea6dfc187c24a517ac4434608f5c77b77a0fa873a7ca8057dec95b3af81c098,False,False,2018-Q1..2026-Q2,34.0,READABLE_CANDIDATE
36793699e48de74ecfe31eeb7eb8f23cf3eb6f2ab9ca929cdd4bb240c1bdfbac,results/phase6d/t_3e3b240c/test_run_pha4ea965b3/data/master/v1_monthly.parquet,c191d4041be03b11390c269d7d365eaee407934a780d8bcd9348703f14ad6deb,False,False,2018-01-31 00:00:00..2026-06-30 00:00:00,102.0,READABLE_CANDIDATE
36793699e48de74ecfe31eeb7eb8f23cf3eb6f2ab9ca929cdd4bb240c1bdfbac,results/phase6d/t_3e3b240c/test_run_phaa0a0127c/data/master/gdp_quarterly.parquet,0ea6dfc187c24a517ac4434608f5c77b77a0fa873a7ca8057dec95b3af81c098,False,False,2018-Q1..2026-Q2,34.0,READABLE_CANDIDATE
36793699e48de74ecfe31eeb7eb8f23cf3eb6f2ab9ca929cdd4bb240c1bdfbac,results/phase6d/t_3e3b240c/test_run_phaa0a0127c/data/master/v1_monthly.parquet,345b0b2a19573fef4350c95f465e6ccf262fd80f1e320a2d3bbaa31e65dc089e,False,False,2018-01-31 00:00:00..2026-06-30 00:00:00,102.0,READABLE_CANDIDATE
36793699e48de74ecfe31eeb7eb8f23cf3eb6f2ab9ca929cdd4bb240c1bdfbac,results/phase6d/t_fae9a1d5/test_future_60195684/data/master/gdp_quarterly.parquet,ae1608896372720b6ebb58261e0c0092c608324b0804bc99267c1753990faaa8,False,False,,,NOT_COMPARABLE: ArrowInvalid
36793699e48de74ecfe31eeb7eb8f23cf3eb6f2ab9ca929cdd4bb240c1bdfbac,results/phase6d/t_fae9a1d5/test_future_60195684/data/master/v1_monthly.parquet,ae1608896372720b6ebb58261e0c0092c608324b0804bc99267c1753990faaa8,False,False,,,NOT_COMPARABLE: ArrowInvalid
36793699e48de74ecfe31eeb7eb8f23cf3eb6f2ab9ca929cdd4bb240c1bdfbac,results/phase6d/t_fae9a1d5/test_master_21325341/data/master/gdp_quarterly.parquet,52cb0c6abb02dced4eb97286d6f91d4c4d09dffcd60797f58a2915a53b981412,False,False,,,NOT_COMPARABLE: ArrowInvalid
36793699e48de74ecfe31eeb7eb8f23cf3eb6f2ab9ca929cdd4bb240c1bdfbac,results/phase6d/t_fae9a1d5/test_master_21325341/data/master/v1_monthly.parquet,9169e3ca73eeb47d29e92532bcc0ffd1f22178bc26e73bf6e466f0aefadb8b50,False,False,,,NOT_COMPARABLE: ArrowInvalid
36793699e48de74ecfe31eeb7eb8f23cf3eb6f2ab9ca929cdd4bb240c1bdfbac,results/phase6d/t_fae9a1d5/test_offlinef1a4d8cd/data/master/gdp_quarterly.parquet,6c4ccd53ef8b346a8b00b15ffdf646ebff091bce86bbdece6b808c1a4f62fb01,False,True,2018Q1..2026Q2,34.0,READABLE_CANDIDATE
36793699e48de74ecfe31eeb7eb8f23cf3eb6f2ab9ca929cdd4bb240c1bdfbac,results/phase6d/t_fae9a1d5/test_offlinef1a4d8cd/data/master/gdp_quarterly.xlsx,d287f50d7827fb5d85383dfe8695118261daff1e64c4655833dc4bd084d5f9e5,False,True,2018Q1..2026Q2,34.0,READABLE_CANDIDATE
36793699e48de74ecfe31eeb7eb8f23cf3eb6f2ab9ca929cdd4bb240c1bdfbac,results/phase6d/t_fae9a1d5/test_offlinef1a4d8cd/data/master/pilot_monthly.parquet,c06926e248239da0ad11919d99f3ff15ea24ca555c64b8643b2e07109b70559f,False,False,2019-01-31 00:00:00..2026-09-30 00:00:00,93.0,READABLE_CANDIDATE
36793699e48de74ecfe31eeb7eb8f23cf3eb6f2ab9ca929cdd4bb240c1bdfbac,results/phase6d/t_fae9a1d5/test_offlinef1a4d8cd/data/master/pilot_monthly.xlsx,726b32983e962efd9ccdbe8f2eb1d3d99e9cf020d3066a9f0dc92e3e9e8e86b4,False,False,2019-01-31 00:00:00..2026-09-30 00:00:00,93.0,READABLE_CANDIDATE
36793699e48de74ecfe31eeb7eb8f23cf3eb6f2ab9ca929cdd4bb240c1bdfbac,results/phase6d/t_fae9a1d5/test_phase2b46e17376/data/master/gdp_quarterly.parquet,91828faf29f13cde6625a87f2b2a64e15f64d4cd59c55c443e09ffe932a7b94a,False,True,2018Q1..2026Q2,34.0,READABLE_CANDIDATE
36793699e48de74ecfe31eeb7eb8f23cf3eb6f2ab9ca929cdd4bb240c1bdfbac,results/phase6d/t_fae9a1d5/test_phase2b46e17376/data/master/gdp_quarterly.xlsx,f6df027d857d6d363a341ecd4dff0c4b60c748cf827f8bfb947be654f5f7ec9f,False,True,2018Q1..2026Q2,34.0,READABLE_CANDIDATE
36793699e48de74ecfe31eeb7eb8f23cf3eb6f2ab9ca929cdd4bb240c1bdfbac,results/phase6d/t_fae9a1d5/test_phase2b46e17376/data/master/pilot8_monthly.parquet,b1c868a31addc9542461d0171ba12d4508facfe522bebb92208c7269cbcb8a02,False,False,2013-01-31 00:00:00..2026-09-30 00:00:00,165.0,READABLE_CANDIDATE
36793699e48de74ecfe31eeb7eb8f23cf3eb6f2ab9ca929cdd4bb240c1bdfbac,results/phase6d/t_fae9a1d5/test_phase2b46e17376/data/master/pilot8_monthly.xlsx,57937b34bb2916066eefd38a71f59eb8ef3f96a35e19b8489de8797ec74b49d0,False,False,2013-01-31 00:00:00..2026-09-30 00:00:00,165.0,READABLE_CANDIDATE
36793699e48de74ecfe31eeb7eb8f23cf3eb6f2ab9ca929cdd4bb240c1bdfbac,results/phase6d/t_fae9a1d5/test_run_pha9bfe03fa/data/master/gdp_quarterly.parquet,0ea6dfc187c24a517ac4434608f5c77b77a0fa873a7ca8057dec95b3af81c098,False,False,2018-Q1..2026-Q2,34.0,READABLE_CANDIDATE
36793699e48de74ecfe31eeb7eb8f23cf3eb6f2ab9ca929cdd4bb240c1bdfbac,results/phase6d/t_fae9a1d5/test_run_pha9bfe03fa/data/master/v1_monthly.parquet,c191d4041be03b11390c269d7d365eaee407934a780d8bcd9348703f14ad6deb,False,False,2018-01-31 00:00:00..2026-06-30 00:00:00,102.0,READABLE_CANDIDATE
36793699e48de74ecfe31eeb7eb8f23cf3eb6f2ab9ca929cdd4bb240c1bdfbac,results/phase6d/t_fae9a1d5/test_run_phacec32b0f/data/master/gdp_quarterly.parquet,0ea6dfc187c24a517ac4434608f5c77b77a0fa873a7ca8057dec95b3af81c098,False,False,2018-Q1..2026-Q2,34.0,READABLE_CANDIDATE
36793699e48de74ecfe31eeb7eb8f23cf3eb6f2ab9ca929cdd4bb240c1bdfbac,results/phase6d/t_fae9a1d5/test_run_phacec32b0f/data/master/v1_monthly.parquet,345b0b2a19573fef4350c95f465e6ccf262fd80f1e320a2d3bbaa31e65dc089e,False,False,2018-01-31 00:00:00..2026-06-30 00:00:00,102.0,READABLE_CANDIDATE
78a7c51b97247d3ccbd72cbcb03b89f6f52f0f091201956bba85c0373856ba7c,git:fede229cc17edb3424931625470371bdd3f18d96:results/phase6c/t_7c6c1a15/test_future_47eb97cd/data/master/gdp_quarterly.parquet,ae1608896372720b6ebb58261e0c0092c608324b0804bc99267c1753990faaa8,False,False,,,NOT_COMPARABLE: ArrowInvalid
36793699e48de74ecfe31eeb7eb8f23cf3eb6f2ab9ca929cdd4bb240c1bdfbac,git:fede229cc17edb3424931625470371bdd3f18d96:results/phase6c/t_7c6c1a15/test_future_47eb97cd/data/master/gdp_quarterly.parquet,ae1608896372720b6ebb58261e0c0092c608324b0804bc99267c1753990faaa8,False,False,,,NOT_COMPARABLE: ArrowInvalid
78a7c51b97247d3ccbd72cbcb03b89f6f52f0f091201956bba85c0373856ba7c,git:c2944385ed0ce9df7786a79975a838d1700d0a68:results/phase6c/t_7c6c1a15/test_master_3eb25d0d/data/master/gdp_quarterly.parquet,52cb0c6abb02dced4eb97286d6f91d4c4d09dffcd60797f58a2915a53b981412,False,False,,,NOT_COMPARABLE: ArrowInvalid
36793699e48de74ecfe31eeb7eb8f23cf3eb6f2ab9ca929cdd4bb240c1bdfbac,git:c2944385ed0ce9df7786a79975a838d1700d0a68:results/phase6c/t_7c6c1a15/test_master_3eb25d0d/data/master/gdp_quarterly.parquet,52cb0c6abb02dced4eb97286d6f91d4c4d09dffcd60797f58a2915a53b981412,False,False,,,NOT_COMPARABLE: ArrowInvalid
78a7c51b97247d3ccbd72cbcb03b89f6f52f0f091201956bba85c0373856ba7c,git:d3c2c5399a871942ab95615cb9a83df0aa874890:results/phase6c/t_7c6c1a15/test_master_3eb25d0d/data/master/v1_monthly.parquet,9169e3ca73eeb47d29e92532bcc0ffd1f22178bc26e73bf6e466f0aefadb8b50,False,False,,,NOT_COMPARABLE: ArrowInvalid
36793699e48de74ecfe31eeb7eb8f23cf3eb6f2ab9ca929cdd4bb240c1bdfbac,git:d3c2c5399a871942ab95615cb9a83df0aa874890:results/phase6c/t_7c6c1a15/test_master_3eb25d0d/data/master/v1_monthly.parquet,9169e3ca73eeb47d29e92532bcc0ffd1f22178bc26e73bf6e466f0aefadb8b50,False,False,,,NOT_COMPARABLE: ArrowInvalid
78a7c51b97247d3ccbd72cbcb03b89f6f52f0f091201956bba85c0373856ba7c,git:ac82ca4ebb8a004a71d50e761aec0912a00b7c3a:results/phase6c/t_7c6c1a15/test_offlinedfd406df/data/master/gdp_quarterly.parquet,27fc48843ce8c7a01f5407277ad067b129a63132cc0bcb33441dd295da047dce,False,False,2018Q1..2026Q2,34.0,READABLE_CANDIDATE
36793699e48de74ecfe31eeb7eb8f23cf3eb6f2ab9ca929cdd4bb240c1bdfbac,git:ac82ca4ebb8a004a71d50e761aec0912a00b7c3a:results/phase6c/t_7c6c1a15/test_offlinedfd406df/data/master/gdp_quarterly.parquet,27fc48843ce8c7a01f5407277ad067b129a63132cc0bcb33441dd295da047dce,False,True,2018Q1..2026Q2,34.0,READABLE_CANDIDATE
78a7c51b97247d3ccbd72cbcb03b89f6f52f0f091201956bba85c0373856ba7c,git:9abee603a99c239b236bf2e62c947ce670b3d483:results/phase6c/t_7c6c1a15/test_offlinedfd406df/data/master/gdp_quarterly.xlsx,486d00415aa8aea3eae29c45fff26993db806184ddb2c1cd92949c46b1cf903d,False,,,,GIT_TABULAR_CANDIDATE
36793699e48de74ecfe31eeb7eb8f23cf3eb6f2ab9ca929cdd4bb240c1bdfbac,git:9abee603a99c239b236bf2e62c947ce670b3d483:results/phase6c/t_7c6c1a15/test_offlinedfd406df/data/master/gdp_quarterly.xlsx,486d00415aa8aea3eae29c45fff26993db806184ddb2c1cd92949c46b1cf903d,False,,,,GIT_TABULAR_CANDIDATE
78a7c51b97247d3ccbd72cbcb03b89f6f52f0f091201956bba85c0373856ba7c,git:d39cc435956a47f127fd9c18d5b7882d945e5557:results/phase6c/t_7c6c1a15/test_phase2b0fb1ee0b/data/master/gdp_quarterly.parquet,5913489d80b23f9f38689ad8220243fda2e1e3c75a9cea642f254e736e164b60,False,False,2018Q1..2026Q2,34.0,READABLE_CANDIDATE
36793699e48de74ecfe31eeb7eb8f23cf3eb6f2ab9ca929cdd4bb240c1bdfbac,git:d39cc435956a47f127fd9c18d5b7882d945e5557:results/phase6c/t_7c6c1a15/test_phase2b0fb1ee0b/data/master/gdp_quarterly.parquet,5913489d80b23f9f38689ad8220243fda2e1e3c75a9cea642f254e736e164b60,False,True,2018Q1..2026Q2,34.0,READABLE_CANDIDATE
78a7c51b97247d3ccbd72cbcb03b89f6f52f0f091201956bba85c0373856ba7c,git:b4487cee14c2dea84c699a4c0093ab27d210f115:results/phase6c/t_7c6c1a15/test_phase2b0fb1ee0b/data/master/gdp_quarterly.xlsx,efdf72ef474c1a308a0beb1d0769f90a1e95dece5c31dde961bb74a11b58228f,False,,,,GIT_TABULAR_CANDIDATE
36793699e48de74ecfe31eeb7eb8f23cf3eb6f2ab9ca929cdd4bb240c1bdfbac,git:b4487cee14c2dea84c699a4c0093ab27d210f115:results/phase6c/t_7c6c1a15/test_phase2b0fb1ee0b/data/master/gdp_quarterly.xlsx,efdf72ef474c1a308a0beb1d0769f90a1e95dece5c31dde961bb74a11b58228f,False,,,,GIT_TABULAR_CANDIDATE
78a7c51b97247d3ccbd72cbcb03b89f6f52f0f091201956bba85c0373856ba7c,git:8af9e0fcc3ad32c1e46ca7d5a267e8538777d1ee:results/phase6c/t_7c6c1a15/test_run_pha8f307c1b/data/master/gdp_quarterly.parquet,0ea6dfc187c24a517ac4434608f5c77b77a0fa873a7ca8057dec95b3af81c098,False,False,2018-Q1..2026-Q2,34.0,READABLE_CANDIDATE
36793699e48de74ecfe31eeb7eb8f23cf3eb6f2ab9ca929cdd4bb240c1bdfbac,git:8af9e0fcc3ad32c1e46ca7d5a267e8538777d1ee:results/phase6c/t_7c6c1a15/test_run_pha8f307c1b/data/master/gdp_quarterly.parquet,0ea6dfc187c24a517ac4434608f5c77b77a0fa873a7ca8057dec95b3af81c098,False,False,2018-Q1..2026-Q2,34.0,READABLE_CANDIDATE
78a7c51b97247d3ccbd72cbcb03b89f6f52f0f091201956bba85c0373856ba7c,git:2093674be64a0dc36f879cf52de0f661bfe98eb7:results/phase6c/t_7c6c1a15/test_run_pha8f307c1b/data/master/v1_monthly.parquet,345b0b2a19573fef4350c95f465e6ccf262fd80f1e320a2d3bbaa31e65dc089e,False,False,2018-01-31 00:00:00..2026-06-30 00:00:00,102.0,READABLE_CANDIDATE
36793699e48de74ecfe31eeb7eb8f23cf3eb6f2ab9ca929cdd4bb240c1bdfbac,git:2093674be64a0dc36f879cf52de0f661bfe98eb7:results/phase6c/t_7c6c1a15/test_run_pha8f307c1b/data/master/v1_monthly.parquet,345b0b2a19573fef4350c95f465e6ccf262fd80f1e320a2d3bbaa31e65dc089e,False,False,2018-01-31 00:00:00..2026-06-30 00:00:00,102.0,READABLE_CANDIDATE
78a7c51b97247d3ccbd72cbcb03b89f6f52f0f091201956bba85c0373856ba7c,git:0c844940fb6517790d4ee8c50ab9ad91149619b5:results/phase6c/t_7c6c1a15/test_run_phaf333b161/data/master/v1_monthly.parquet,c191d4041be03b11390c269d7d365eaee407934a780d8bcd9348703f14ad6deb,False,False,2018-01-31 00:00:00..2026-06-30 00:00:00,102.0,READABLE_CANDIDATE
36793699e48de74ecfe31eeb7eb8f23cf3eb6f2ab9ca929cdd4bb240c1bdfbac,git:0c844940fb6517790d4ee8c50ab9ad91149619b5:results/phase6c/t_7c6c1a15/test_run_phaf333b161/data/master/v1_monthly.parquet,c191d4041be03b11390c269d7d365eaee407934a780d8bcd9348703f14ad6deb,False,False,2018-01-31 00:00:00..2026-06-30 00:00:00,102.0,READABLE_CANDIDATE
78a7c51b97247d3ccbd72cbcb03b89f6f52f0f091201956bba85c0373856ba7c,git:316a59fabe543860109199dd8265cfe9be6d5b1d:results/research/phase6a2/_pytest_temp/test_offline_build_replay_dete0/data/master/gdp_quarterly.parquet,a1651db738d4d0c13a2cd616e57613fb8780b7afb04e5191ed858ef0cf38d159,False,False,2018Q1..2026Q2,34.0,READABLE_CANDIDATE
36793699e48de74ecfe31eeb7eb8f23cf3eb6f2ab9ca929cdd4bb240c1bdfbac,git:316a59fabe543860109199dd8265cfe9be6d5b1d:results/research/phase6a2/_pytest_temp/test_offline_build_replay_dete0/data/master/gdp_quarterly.parquet,a1651db738d4d0c13a2cd616e57613fb8780b7afb04e5191ed858ef0cf38d159,False,True,2018Q1..2026Q2,34.0,READABLE_CANDIDATE
78a7c51b97247d3ccbd72cbcb03b89f6f52f0f091201956bba85c0373856ba7c,git:6ec609677d2ff92ad913e10e5e5c9d3466559944:results/research/phase6a2/_pytest_temp/test_offline_build_replay_dete0/data/master/gdp_quarterly.xlsx,f92479b5101e4c5a3bbf7fe6d907af2694690c4d73c861830349df53fa891c7d,False,,,,GIT_TABULAR_CANDIDATE
36793699e48de74ecfe31eeb7eb8f23cf3eb6f2ab9ca929cdd4bb240c1bdfbac,git:6ec609677d2ff92ad913e10e5e5c9d3466559944:results/research/phase6a2/_pytest_temp/test_offline_build_replay_dete0/data/master/gdp_quarterly.xlsx,f92479b5101e4c5a3bbf7fe6d907af2694690c4d73c861830349df53fa891c7d,False,,,,GIT_TABULAR_CANDIDATE
78a7c51b97247d3ccbd72cbcb03b89f6f52f0f091201956bba85c0373856ba7c,git:e32f38cdccf73f497d7efabac25b555b12deec0a:results/research/phase6a2/_pytest_temp/test_phase2b_offline_build_rep0/data/master/gdp_quarterly.parquet,eb538a1480af351d1109b998525fa6a2318e23821eeb99f5a37a875ae860a45f,False,False,2018Q1..2026Q2,34.0,READABLE_CANDIDATE
36793699e48de74ecfe31eeb7eb8f23cf3eb6f2ab9ca929cdd4bb240c1bdfbac,git:e32f38cdccf73f497d7efabac25b555b12deec0a:results/research/phase6a2/_pytest_temp/test_phase2b_offline_build_rep0/data/master/gdp_quarterly.parquet,eb538a1480af351d1109b998525fa6a2318e23821eeb99f5a37a875ae860a45f,False,True,2018Q1..2026Q2,34.0,READABLE_CANDIDATE
78a7c51b97247d3ccbd72cbcb03b89f6f52f0f091201956bba85c0373856ba7c,git:a11ad9b7a74c2c67b559e42f85b8de6746516004:results/research/phase6a2/_pytest_temp/test_phase2b_offline_build_rep0/data/master/gdp_quarterly.xlsx,084d89abf55177a550fbf8727104344b0f685e9f3103f4a995f37fd4f0010bc7,False,,,,GIT_TABULAR_CANDIDATE
36793699e48de74ecfe31eeb7eb8f23cf3eb6f2ab9ca929cdd4bb240c1bdfbac,git:a11ad9b7a74c2c67b559e42f85b8de6746516004:results/research/phase6a2/_pytest_temp/test_phase2b_offline_build_rep0/data/master/gdp_quarterly.xlsx,084d89abf55177a550fbf8727104344b0f685e9f3103f4a995f37fd4f0010bc7,False,,,,GIT_TABULAR_CANDIDATE
