diagnostic_type,indicator,N,mean,std,minimum,maximum,autocorrelation_L1,autocorrelation_L4,target_period_definition,other_target,correlation,evidence_class,in_accepted_DFM,loading_status,aggregation,correlation_with_nominal_gdp_yoy_log,N_nominal_gdp_yoy_log,correlation_with_nominal_gdp_ytd_yoy_log,N_nominal_gdp_ytd_yoy_log,correlation_with_real_gdp_ytd_yoy_pct,N_real_gdp_ytd_yoy_pct,correlation_with_real_gdp_ytd_yoy_log,N_real_gdp_ytd_yoy_log,correlation_with_implicit_YTD_price_log_growth,N_implicit_YTD_price_log_growth,R2,regressors
TARGET_DISTRIBUTION_LATEST_REVISED,nominal_gdp_yoy_log,30,18.858680610740176,6.6178931721229723,-1.6737472922246255,29.738098869866469,-0.028871998894804345,-0.31531861678655365,standalone,,,,,,,,,,,,,,,,,,
TARGET_DISTRIBUTION_LATEST_REVISED,nominal_gdp_ytd_yoy_log,30,19.806280087302664,4.2728152048748456,10.610652176774293,29.738098869866398,0.63851253175629941,-0.2154592094321893,cumulative YTD,,,,,,,,,,,,,,,,,,
TARGET_DISTRIBUTION_LATEST_REVISED,real_gdp_ytd_yoy_pct,34,6.132352941176471,2.0087265056965968,0,8.7999999999999972,0.76117967178026891,-0.3802284244720685,cumulative YTD,,,,,,,,,,,,,,,,,,
TARGET_DISTRIBUTION_LATEST_REVISED,real_gdp_ytd_yoy_log,34,5.933940848054573,1.9212026063778667,0,8.4341148433750863,0.76167492310536367,-0.37596267007583828,cumulative YTD,,,,,,,,,,,,,,,,,,
TARGET_DISTRIBUTION_LATEST_REVISED,implicit_YTD_price_log_growth,30,13.851755807677792,3.4862861822405198,9.3160453299508958,23.159324816066089,0.5119214674471676,-0.32367899300499664,cumulative YTD,,,,,,,,,,,,,,,,,,
TARGET_PAIR_CORRELATION_LATEST_REVISED,nominal_gdp_yoy_log,30,,,,,,,,nominal_gdp_yoy_log,1,DESCRIPTIVE; TARGET PERIOD DEFINITIONS MAY DIFFER,,,,,,,,,,,,,,,
TARGET_PAIR_CORRELATION_LATEST_REVISED,nominal_gdp_yoy_log,30,,,,,,,,nominal_gdp_ytd_yoy_log,0.72114039496298099,DESCRIPTIVE; TARGET PERIOD DEFINITIONS MAY DIFFER,,,,,,,,,,,,,,,
TARGET_PAIR_CORRELATION_LATEST_REVISED,nominal_gdp_yoy_log,30,,,,,,,,real_gdp_ytd_yoy_pct,0.33927862835973638,DESCRIPTIVE; TARGET PERIOD DEFINITIONS MAY DIFFER,,,,,,,,,,,,,,,
TARGET_PAIR_CORRELATION_LATEST_REVISED,nominal_gdp_yoy_log,30,,,,,,,,real_gdp_ytd_yoy_log,0.34262183370231736,DESCRIPTIVE; TARGET PERIOD DEFINITIONS MAY DIFFER,,,,,,,,,,,,,,,
TARGET_PAIR_CORRELATION_LATEST_REVISED,nominal_gdp_yoy_log,30,,,,,,,,implicit_YTD_price_log_growth,0.68260857711237644,DESCRIPTIVE; TARGET PERIOD DEFINITIONS MAY DIFFER,,,,,,,,,,,,,,,
TARGET_PAIR_CORRELATION_LATEST_REVISED,nominal_gdp_ytd_yoy_log,30,,,,,,,,nominal_gdp_yoy_log,0.7211403949629811,DESCRIPTIVE; TARGET PERIOD DEFINITIONS MAY DIFFER,,,,,,,,,,,,,,,
TARGET_PAIR_CORRELATION_LATEST_REVISED,nominal_gdp_ytd_yoy_log,30,,,,,,,,nominal_gdp_ytd_yoy_log,1,DESCRIPTIVE; TARGET PERIOD DEFINITIONS MAY DIFFER,,,,,,,,,,,,,,,
TARGET_PAIR_CORRELATION_LATEST_REVISED,nominal_gdp_ytd_yoy_log,30,,,,,,,,real_gdp_ytd_yoy_pct,0.58414091192765794,DESCRIPTIVE; TARGET PERIOD DEFINITIONS MAY DIFFER,,,,,,,,,,,,,,,
TARGET_PAIR_CORRELATION_LATEST_REVISED,nominal_gdp_ytd_yoy_log,30,,,,,,,,real_gdp_ytd_yoy_log,0.58837946557350096,DESCRIPTIVE; TARGET PERIOD DEFINITIONS MAY DIFFER,,,,,,,,,,,,,,,
TARGET_PAIR_CORRELATION_LATEST_REVISED,nominal_gdp_ytd_yoy_log,30,,,,,,,,implicit_YTD_price_log_growth,0.88004439930251221,DESCRIPTIVE; TARGET PERIOD DEFINITIONS MAY DIFFER,,,,,,,,,,,,,,,
TARGET_PAIR_CORRELATION_LATEST_REVISED,real_gdp_ytd_yoy_pct,30,,,,,,,,nominal_gdp_yoy_log,0.33927862835973643,DESCRIPTIVE; TARGET PERIOD DEFINITIONS MAY DIFFER,,,,,,,,,,,,,,,
TARGET_PAIR_CORRELATION_LATEST_REVISED,real_gdp_ytd_yoy_pct,30,,,,,,,,nominal_gdp_ytd_yoy_log,0.58414091192765794,DESCRIPTIVE; TARGET PERIOD DEFINITIONS MAY DIFFER,,,,,,,,,,,,,,,
TARGET_PAIR_CORRELATION_LATEST_REVISED,real_gdp_ytd_yoy_pct,34,,,,,,,,real_gdp_ytd_yoy_pct,1,DESCRIPTIVE; TARGET PERIOD DEFINITIONS MAY DIFFER,,,,,,,,,,,,,,,
TARGET_PAIR_CORRELATION_LATEST_REVISED,real_gdp_ytd_yoy_pct,34,,,,,,,,real_gdp_ytd_yoy_log,0.99990724414808607,DESCRIPTIVE; TARGET PERIOD DEFINITIONS MAY DIFFER,,,,,,,,,,,,,,,
TARGET_PAIR_CORRELATION_LATEST_REVISED,real_gdp_ytd_yoy_pct,30,,,,,,,,implicit_YTD_price_log_growth,0.12866534344178832,DESCRIPTIVE; TARGET PERIOD DEFINITIONS MAY DIFFER,,,,,,,,,,,,,,,
TARGET_PAIR_CORRELATION_LATEST_REVISED,real_gdp_ytd_yoy_log,30,,,,,,,,nominal_gdp_yoy_log,0.34262183370231736,DESCRIPTIVE; TARGET PERIOD DEFINITIONS MAY DIFFER,,,,,,,,,,,,,,,
TARGET_PAIR_CORRELATION_LATEST_REVISED,real_gdp_ytd_yoy_log,30,,,,,,,,nominal_gdp_ytd_yoy_log,0.58837946557350085,DESCRIPTIVE; TARGET PERIOD DEFINITIONS MAY DIFFER,,,,,,,,,,,,,,,
TARGET_PAIR_CORRELATION_LATEST_REVISED,real_gdp_ytd_yoy_log,34,,,,,,,,real_gdp_ytd_yoy_pct,0.99990724414808607,DESCRIPTIVE; TARGET PERIOD DEFINITIONS MAY DIFFER,,,,,,,,,,,,,,,
TARGET_PAIR_CORRELATION_LATEST_REVISED,real_gdp_ytd_yoy_log,34,,,,,,,,real_gdp_ytd_yoy_log,1,DESCRIPTIVE; TARGET PERIOD DEFINITIONS MAY DIFFER,,,,,,,,,,,,,,,
TARGET_PAIR_CORRELATION_LATEST_REVISED,real_gdp_ytd_yoy_log,30,,,,,,,,implicit_YTD_price_log_growth,0.1338100079126287,DESCRIPTIVE; TARGET PERIOD DEFINITIONS MAY DIFFER,,,,,,,,,,,,,,,
TARGET_PAIR_CORRELATION_LATEST_REVISED,implicit_YTD_price_log_growth,30,,,,,,,,nominal_gdp_yoy_log,0.68260857711237632,DESCRIPTIVE; TARGET PERIOD DEFINITIONS MAY DIFFER,,,,,,,,,,,,,,,
TARGET_PAIR_CORRELATION_LATEST_REVISED,implicit_YTD_price_log_growth,30,,,,,,,,nominal_gdp_ytd_yoy_log,0.88004439930251233,DESCRIPTIVE; TARGET PERIOD DEFINITIONS MAY DIFFER,,,,,,,,,,,,,,,
TARGET_PAIR_CORRELATION_LATEST_REVISED,implicit_YTD_price_log_growth,30,,,,,,,,real_gdp_ytd_yoy_pct,0.12866534344178832,DESCRIPTIVE; TARGET PERIOD DEFINITIONS MAY DIFFER,,,,,,,,,,,,,,,
TARGET_PAIR_CORRELATION_LATEST_REVISED,implicit_YTD_price_log_growth,30,,,,,,,,real_gdp_ytd_yoy_log,0.13381000791262868,DESCRIPTIVE; TARGET PERIOD DEFINITIONS MAY DIFFER,,,,,,,,,,,,,,,
TARGET_PAIR_CORRELATION_LATEST_REVISED,implicit_YTD_price_log_growth,30,,,,,,,,implicit_YTD_price_log_growth,1,DESCRIPTIVE; TARGET PERIOD DEFINITIONS MAY DIFFER,,,,,,,,,,,,,,,
EX_POST_QUARTERLY_ASSOCIATION,industrial_production,,,,,,,,,,,REVISED_HISTORY_DESCRIPTIVE_NOT_CAUSAL,True,SEE_FACTOR_LOADINGS.csv,quarter mean of three observed months; no fill,0.31445985735095311,30,0.47523392917366808,30,0.74566889040501005,30,0.74696931522878107,30,0.14374598407897554,30,,
EX_POST_QUARTERLY_ASSOCIATION,ppi,,,,,,,,,,,REVISED_HISTORY_DESCRIPTIVE_NOT_CAUSAL,True,SEE_FACTOR_LOADINGS.csv,quarter mean of three observed months; no fill,0.40800087349424241,30,0.3326991778033509,30,0.09654124739024432,30,0.098133200074405125,30,0.3501235150224381,30,,
EX_POST_QUARTERLY_ASSOCIATION,usd_uzs,,,,,,,,,,,REVISED_HISTORY_DESCRIPTIVE_NOT_CAUSAL,True,SEE_FACTOR_LOADINGS.csv,quarter mean of three observed months; no fill,0.013365772514810801,30,-0.16945328918968425,30,-0.26185838572347031,30,-0.26136078260876688,30,-0.054182810753329799,30,,
EX_POST_QUARTERLY_ASSOCIATION,rub_uzs,,,,,,,,,,,REVISED_HISTORY_DESCRIPTIVE_NOT_CAUSAL,True,SEE_FACTOR_LOADINGS.csv,quarter mean of three observed months; no fill,0.26903747569881847,30,0.20210889827142631,30,-0.050642267582221019,30,-0.050747082680779633,30,0.27751034754375237,30,,
EX_POST_QUARTERLY_ASSOCIATION,gold_price,,,,,,,,,,,REVISED_HISTORY_DESCRIPTIVE_NOT_CAUSAL,True,SEE_FACTOR_LOADINGS.csv,quarter mean of three observed months; no fill,0.09008957138846406,30,0.25102345438778439,30,0.0064749723681784997,30,0.0051002500469798677,30,0.30466055503949141,30,,
EX_POST_QUARTERLY_ASSOCIATION,m2,,,,,,,,,,,REVISED_HISTORY_DESCRIPTIVE_NOT_CAUSAL,True,SEE_FACTOR_LOADINGS.csv,quarter mean of three observed months; no fill,-0.014934970990097897,30,0.2733212548286007,30,0.29750203703043299,30,0.29797659919103792,30,0.15997917218113206,30,,
EX_POST_QUARTERLY_ASSOCIATION,fx_reserves_ex_gold,,,,,,,,,,,REVISED_HISTORY_DESCRIPTIVE_NOT_CAUSAL,True,SEE_FACTOR_LOADINGS.csv,quarter mean of three observed months; no fill,-0.16058754569199249,30,-0.025528388810365253,30,-0.36056526975536612,30,-0.36356305135703054,30,0.18223708145028436,30,,
EX_POST_QUARTERLY_ASSOCIATION,pos_turnover,,,,,,,,,,,REVISED_HISTORY_DESCRIPTIVE_NOT_CAUSAL,True,SEE_FACTOR_LOADINGS.csv,quarter mean of three observed months; no fill,0.18719645485006506,24,0.15080518795539466,24,0.32181116349251465,24,0.3249764708470721,24,-0.050547514687901009,24,,
EX_POST_QUARTERLY_ASSOCIATION,cpi,,,,,,,,,,,REVISED_HISTORY_DESCRIPTIVE_NOT_CAUSAL,False,NO_DFM_LOADING_NOT_IN_FACTOR_PANEL,quarter mean of three observed months; no fill,0.24108473443450754,22,0.047659664035579974,22,-0.3606509438124702,22,-0.36101093585552918,22,0.1585058813639959,22,,
EX_POST_QUARTERLY_ASSOCIATION,retail,,,,,,,,,,,REVISED_HISTORY_DESCRIPTIVE_NOT_CAUSAL,False,NO_DFM_LOADING_NOT_IN_FACTOR_PANEL,quarter mean of three observed months; no fill,-0.16425815590715054,22,-0.15512504994376883,22,0.47843610186801866,22,0.47934476376536778,22,-0.29913610015189573,22,,
EX_POST_QUARTERLY_ASSOCIATION,wholesale,,,,,,,,,,,REVISED_HISTORY_DESCRIPTIVE_NOT_CAUSAL,False,NO_DFM_LOADING_NOT_IN_FACTOR_PANEL,quarter mean of three observed months; no fill,-0.37210045643101297,19,-0.39118077332689921,19,-0.044304404159681877,19,-0.044671583870213812,19,-0.36463482982795647,19,,
EX_POST_QUARTERLY_ASSOCIATION,exports,,,,,,,,,,,REVISED_HISTORY_DESCRIPTIVE_NOT_CAUSAL,False,NO_DFM_LOADING_NOT_IN_FACTOR_PANEL,quarter mean of three observed months; no fill,0.0260307129172122,18,0.15590257644219579,18,-0.2914025044518791,18,-0.29007491375015032,18,0.22207407868371146,18,,
EX_POST_QUARTERLY_ASSOCIATION,imports,,,,,,,,,,,REVISED_HISTORY_DESCRIPTIVE_NOT_CAUSAL,False,NO_DFM_LOADING_NOT_IN_FACTOR_PANEL,quarter mean of three observed months; no fill,-0.047290020045829412,18,-0.29500433320149483,18,0.011221519165840571,18,0.0094764252929387637,18,-0.28309318869867822,18,,
EX_POST_QUARTERLY_ASSOCIATION,CPI_yoy_log,,,,,,,,,,,REVISED_HISTORY_DESCRIPTIVE_NOT_CAUSAL,False,NO_DFM_LOADING_NOT_IN_FACTOR_PANEL,quarter mean of three observed months; no fill,0.16332281097334028,18,0.2005694594894718,18,-0.7490867304259029,18,-0.74748214003293412,18,0.38084927531391449,18,,
EX_POST_QUARTERLY_ASSOCIATION,PPI_yoy_log,,,,,,,,,,,REVISED_HISTORY_DESCRIPTIVE_NOT_CAUSAL,False,NO_DFM_LOADING_NOT_IN_FACTOR_PANEL,quarter mean of three observed months; no fill,0.2414305902570647,30,0.34551816773439148,30,-0.00035236185338107141,30,0.0029155632284586729,30,0.42175698750815016,30,,
EX_POST_QUARTERLY_ASSOCIATION,accepted_filtered_factor,,,,,,,,,,,REVISED_HISTORY_DESCRIPTIVE_NOT_CAUSAL,False,NO_DFM_LOADING_NOT_IN_FACTOR_PANEL,quarter mean of three observed months; no fill,-0.016320921870571534,30,0.27127046909466618,30,0.30802709975456283,30,0.30856056121407366,30,0.15124963076484954,30,,
EX_POST_FACTOR_COMPONENT_ASSOCIATION,REAL_ONLY,30,,,,,,,,,,DESCRIPTIVE_LATEST_REVISED_GDP_WITH_ACCEPTED_FILTERED_FACTOR; NOT FORECAST ACCURACY OR CAUSAL IDENTIFICATION,,,,,,,,,,,,,,0.09520961993674415,"[""real_gdp_ytd_yoy_log""]"
EX_POST_FACTOR_COMPONENT_ASSOCIATION,PRICE_ONLY,30,,,,,,,,,,DESCRIPTIVE_LATEST_REVISED_GDP_WITH_ACCEPTED_FILTERED_FACTOR; NOT FORECAST ACCURACY OR CAUSAL IDENTIFICATION,,,,,,,,,,,,,,0.022876450806503468,"[""implicit_YTD_price_log_growth""]"
EX_POST_FACTOR_COMPONENT_ASSOCIATION,BOTH,30,,,,,,,,,,DESCRIPTIVE_LATEST_REVISED_GDP_WITH_ACCEPTED_FILTERED_FACTOR; NOT FORECAST ACCURACY OR CAUSAL IDENTIFICATION,,,,,,,,,,,,,,0.10752151815800659,"[""real_gdp_ytd_yoy_log"", ""implicit_YTD_price_log_growth""]"
