model,horizon,lag_mode,forecast_origins,successful_origins,estimation_failure_rate,coefficient_sign_changes,maximum_coefficient_std,stability_flag
challenger_umidas_construction_yoy_log_l1,H1,conservative,22,5,0.7727272727272727,4,4.489861579741371,UNSTABLE
challenger_umidas_construction_yoy_log_l1,H1,standard,22,5,0.7727272727272727,6,7.987912976481339,UNSTABLE
challenger_umidas_construction_yoy_log_l1,H2,conservative,22,5,0.7727272727272727,6,7.987912976481339,UNSTABLE
challenger_umidas_construction_yoy_log_l1,H2,standard,22,6,0.7272727272727273,6,1.383197365790023,UNSTABLE
challenger_umidas_construction_yoy_log_l1,H3,conservative,22,6,0.7272727272727273,6,1.383197365790023,UNSTABLE
challenger_umidas_construction_yoy_log_l1,H3,standard,22,6,0.7272727272727273,8,1.9983937113805061,UNSTABLE
challenger_umidas_construction_yoy_log_l2,H1,conservative,22,5,0.7727272727272727,7,5.87779786676839,UNSTABLE
challenger_umidas_construction_yoy_log_l2,H1,standard,22,5,0.7727272727272727,10,3.803518038691795,UNSTABLE
challenger_umidas_construction_yoy_log_l2,H2,conservative,22,5,0.7727272727272727,10,3.803518038691795,UNSTABLE
challenger_umidas_construction_yoy_log_l2,H2,standard,22,5,0.7727272727272727,11,17.31388772190403,UNSTABLE
challenger_umidas_construction_yoy_log_l2,H3,conservative,22,5,0.7727272727272727,11,17.31388772190403,UNSTABLE
challenger_umidas_construction_yoy_log_l2,H3,standard,22,6,0.7272727272727273,6,4.50354466695563,UNSTABLE
challenger_umidas_construction_yoy_log_l3,H1,conservative,22,4,0.8181818181818182,17,2.765413158954369,UNSTABLE
challenger_umidas_construction_yoy_log_l3,H1,standard,22,5,0.7727272727272727,9,6.334988004203459,UNSTABLE
challenger_umidas_construction_yoy_log_l3,H2,conservative,22,5,0.7727272727272727,9,6.334988004203459,UNSTABLE
challenger_umidas_construction_yoy_log_l3,H2,standard,22,5,0.7727272727272727,13,62.15627969138672,UNSTABLE
challenger_umidas_construction_yoy_log_l3,H3,conservative,22,5,0.7727272727272727,13,62.15627969138672,UNSTABLE
challenger_umidas_construction_yoy_log_l3,H3,standard,22,5,0.7727272727272727,13,11.779060712792944,UNSTABLE
challenger_umidas_cpi_food_mom_log_l1,H1,conservative,22,9,0.5909090909090909,3,2.4555445810791463,UNSTABLE
challenger_umidas_cpi_food_mom_log_l1,H1,standard,22,9,0.5909090909090909,3,2.4555445810791463,UNSTABLE
challenger_umidas_cpi_food_mom_log_l1,H2,conservative,22,10,0.5454545454545454,2,0.800165230397774,UNSTABLE
challenger_umidas_cpi_food_mom_log_l1,H2,standard,22,10,0.5454545454545454,2,0.800165230397774,UNSTABLE
challenger_umidas_cpi_food_mom_log_l1,H3,conservative,22,10,0.5454545454545454,3,2.629848842410867,UNSTABLE
challenger_umidas_cpi_food_mom_log_l1,H3,standard,22,10,0.5454545454545454,3,2.629848842410867,UNSTABLE
challenger_umidas_cpi_food_mom_log_l2,H1,conservative,22,9,0.5909090909090909,6,2.2143013730404673,UNSTABLE
challenger_umidas_cpi_food_mom_log_l2,H1,standard,22,9,0.5909090909090909,6,2.2143013730404673,UNSTABLE
challenger_umidas_cpi_food_mom_log_l2,H2,conservative,22,9,0.5909090909090909,1,2.0205794589577333,UNSTABLE
challenger_umidas_cpi_food_mom_log_l2,H2,standard,22,9,0.5909090909090909,1,2.0205794589577333,UNSTABLE
challenger_umidas_cpi_food_mom_log_l2,H3,conservative,22,10,0.5454545454545454,3,0.9303474634877598,UNSTABLE
challenger_umidas_cpi_food_mom_log_l2,H3,standard,22,10,0.5454545454545454,3,0.9303474634877598,UNSTABLE
challenger_umidas_cpi_food_mom_log_l3,H1,conservative,22,9,0.5909090909090909,10,3.400868969721903,UNSTABLE
challenger_umidas_cpi_food_mom_log_l3,H1,standard,22,9,0.5909090909090909,10,3.400868969721903,UNSTABLE
challenger_umidas_cpi_food_mom_log_l3,H2,conservative,22,9,0.5909090909090909,5,2.1018077555948413,UNSTABLE
challenger_umidas_cpi_food_mom_log_l3,H2,standard,22,9,0.5909090909090909,5,2.1018077555948413,UNSTABLE
challenger_umidas_cpi_food_mom_log_l3,H3,conservative,22,9,0.5909090909090909,6,2.3340700594632344,UNSTABLE
challenger_umidas_cpi_food_mom_log_l3,H3,standard,22,9,0.5909090909090909,6,2.3340700594632344,UNSTABLE
challenger_umidas_cpi_headline_mom_log_l1,H1,conservative,22,9,0.5909090909090909,3,2.320783255758103,UNSTABLE
challenger_umidas_cpi_headline_mom_log_l1,H1,standard,22,9,0.5909090909090909,3,2.320783255758103,UNSTABLE
challenger_umidas_cpi_headline_mom_log_l1,H2,conservative,22,10,0.5454545454545454,3,0.9946651311569721,UNSTABLE
challenger_umidas_cpi_headline_mom_log_l1,H2,standard,22,10,0.5454545454545454,3,0.9946651311569721,UNSTABLE
challenger_umidas_cpi_headline_mom_log_l1,H3,conservative,22,10,0.5454545454545454,3,3.966298186373474,UNSTABLE
challenger_umidas_cpi_headline_mom_log_l1,H3,standard,22,10,0.5454545454545454,3,3.966298186373474,UNSTABLE
challenger_umidas_cpi_headline_mom_log_l2,H1,conservative,22,9,0.5909090909090909,4,2.4731260436784415,UNSTABLE
challenger_umidas_cpi_headline_mom_log_l2,H1,standard,22,9,0.5909090909090909,4,2.4731260436784415,UNSTABLE
challenger_umidas_cpi_headline_mom_log_l2,H2,conservative,22,9,0.5909090909090909,1,1.9545615634547813,UNSTABLE
challenger_umidas_cpi_headline_mom_log_l2,H2,standard,22,9,0.5909090909090909,1,1.9545615634547813,UNSTABLE
challenger_umidas_cpi_headline_mom_log_l2,H3,conservative,22,10,0.5454545454545454,7,1.1631857957049465,UNSTABLE
challenger_umidas_cpi_headline_mom_log_l2,H3,standard,22,10,0.5454545454545454,7,1.1631857957049465,UNSTABLE
challenger_umidas_cpi_headline_mom_log_l3,H1,conservative,22,9,0.5909090909090909,9,3.861250480262968,UNSTABLE
challenger_umidas_cpi_headline_mom_log_l3,H1,standard,22,9,0.5909090909090909,9,3.861250480262968,UNSTABLE
challenger_umidas_cpi_headline_mom_log_l3,H2,conservative,22,9,0.5909090909090909,4,1.887056570475715,UNSTABLE
challenger_umidas_cpi_headline_mom_log_l3,H2,standard,22,9,0.5909090909090909,4,1.887056570475715,UNSTABLE
challenger_umidas_cpi_headline_mom_log_l3,H3,conservative,22,9,0.5909090909090909,6,2.013711528149163,UNSTABLE
challenger_umidas_cpi_headline_mom_log_l3,H3,standard,22,9,0.5909090909090909,6,2.013711528149163,UNSTABLE
challenger_umidas_cpi_services_mom_log_l1,H1,conservative,22,9,0.5909090909090909,7,1.6835981993435054,UNSTABLE
challenger_umidas_cpi_services_mom_log_l1,H1,standard,22,9,0.5909090909090909,7,1.6835981993435054,UNSTABLE
challenger_umidas_cpi_services_mom_log_l1,H2,conservative,22,10,0.5454545454545454,3,3.1094904530258027,UNSTABLE
challenger_umidas_cpi_services_mom_log_l1,H2,standard,22,10,0.5454545454545454,3,3.1094904530258027,UNSTABLE
challenger_umidas_cpi_services_mom_log_l1,H3,conservative,22,10,0.5454545454545454,7,2.286804091753063,UNSTABLE
challenger_umidas_cpi_services_mom_log_l1,H3,standard,22,10,0.5454545454545454,7,2.286804091753063,UNSTABLE
challenger_umidas_cpi_services_mom_log_l2,H1,conservative,22,9,0.5909090909090909,5,11.773463940713402,UNSTABLE
challenger_umidas_cpi_services_mom_log_l2,H1,standard,22,9,0.5909090909090909,5,11.773463940713402,UNSTABLE
challenger_umidas_cpi_services_mom_log_l2,H2,conservative,22,9,0.5909090909090909,6,2.86400370202692,UNSTABLE
challenger_umidas_cpi_services_mom_log_l2,H2,standard,22,9,0.5909090909090909,6,2.86400370202692,UNSTABLE
challenger_umidas_cpi_services_mom_log_l2,H3,conservative,22,10,0.5454545454545454,3,3.041011947895349,UNSTABLE
challenger_umidas_cpi_services_mom_log_l2,H3,standard,22,10,0.5454545454545454,3,3.041011947895349,UNSTABLE
challenger_umidas_cpi_services_mom_log_l3,H1,conservative,22,9,0.5909090909090909,10,16.979348804903086,UNSTABLE
challenger_umidas_cpi_services_mom_log_l3,H1,standard,22,9,0.5909090909090909,10,16.979348804903086,UNSTABLE
challenger_umidas_cpi_services_mom_log_l3,H2,conservative,22,9,0.5909090909090909,11,3.900135768763378,UNSTABLE
challenger_umidas_cpi_services_mom_log_l3,H2,standard,22,9,0.5909090909090909,11,3.900135768763378,UNSTABLE
challenger_umidas_cpi_services_mom_log_l3,H3,conservative,22,9,0.5909090909090909,8,5.008059905664184,UNSTABLE
challenger_umidas_cpi_services_mom_log_l3,H3,standard,22,9,0.5909090909090909,8,5.008059905664184,UNSTABLE
challenger_umidas_exports_non_gold_yoy_log_l1,H1,conservative,22,5,0.7727272727272727,9,1.2847571713940766,UNSTABLE
challenger_umidas_exports_non_gold_yoy_log_l1,H1,standard,22,5,0.7727272727272727,4,1.4816658592642837,UNSTABLE
challenger_umidas_exports_non_gold_yoy_log_l1,H2,conservative,22,5,0.7727272727272727,4,1.4816658592642837,UNSTABLE
challenger_umidas_exports_non_gold_yoy_log_l1,H2,standard,22,6,0.7272727272727273,3,2.973713063894057,UNSTABLE
challenger_umidas_exports_non_gold_yoy_log_l1,H3,conservative,22,6,0.7272727272727273,3,2.973713063894057,UNSTABLE
challenger_umidas_exports_non_gold_yoy_log_l1,H3,standard,22,6,0.7272727272727273,10,2.347915475867715,UNSTABLE
challenger_umidas_exports_non_gold_yoy_log_l2,H1,conservative,22,5,0.7727272727272727,2,2.4356564822008124,UNSTABLE
challenger_umidas_exports_non_gold_yoy_log_l2,H1,standard,22,5,0.7727272727272727,7,2.1678958180936987,UNSTABLE
challenger_umidas_exports_non_gold_yoy_log_l2,H2,conservative,22,5,0.7727272727272727,7,2.1678958180936987,UNSTABLE
challenger_umidas_exports_non_gold_yoy_log_l2,H2,standard,22,5,0.7727272727272727,5,3.519776684016356,UNSTABLE
challenger_umidas_exports_non_gold_yoy_log_l2,H3,conservative,22,5,0.7727272727272727,5,3.519776684016356,UNSTABLE
challenger_umidas_exports_non_gold_yoy_log_l2,H3,standard,22,6,0.7272727272727273,7,3.3082536548649055,UNSTABLE
challenger_umidas_exports_non_gold_yoy_log_l3,H1,conservative,22,4,0.8181818181818182,6,6.493505344525775,UNSTABLE
challenger_umidas_exports_non_gold_yoy_log_l3,H1,standard,22,5,0.7727272727272727,12,13.792276870089404,UNSTABLE
challenger_umidas_exports_non_gold_yoy_log_l3,H2,conservative,22,5,0.7727272727272727,12,13.792276870089404,UNSTABLE
challenger_umidas_exports_non_gold_yoy_log_l3,H2,standard,22,5,0.7727272727272727,14,3.5837814356221847,UNSTABLE
challenger_umidas_exports_non_gold_yoy_log_l3,H3,conservative,22,5,0.7727272727272727,14,3.5837814356221847,UNSTABLE
challenger_umidas_exports_non_gold_yoy_log_l3,H3,standard,22,5,0.7727272727272727,9,3.0321051351414274,UNSTABLE
challenger_umidas_exports_total_yoy_log_l1,H1,conservative,22,5,0.7727272727272727,3,1.6804196445723776,UNSTABLE
challenger_umidas_exports_total_yoy_log_l1,H1,standard,22,5,0.7727272727272727,5,2.1098728973278935,UNSTABLE
challenger_umidas_exports_total_yoy_log_l1,H2,conservative,22,5,0.7727272727272727,5,2.1098728973278935,UNSTABLE
challenger_umidas_exports_total_yoy_log_l1,H2,standard,22,6,0.7272727272727273,5,1.498539583031051,UNSTABLE
challenger_umidas_exports_total_yoy_log_l1,H3,conservative,22,6,0.7272727272727273,5,1.498539583031051,UNSTABLE
challenger_umidas_exports_total_yoy_log_l1,H3,standard,22,6,0.7272727272727273,5,1.6747133372692131,UNSTABLE
challenger_umidas_exports_total_yoy_log_l2,H1,conservative,22,5,0.7727272727272727,10,4.230889214914401,UNSTABLE
challenger_umidas_exports_total_yoy_log_l2,H1,standard,22,5,0.7727272727272727,13,2.4310557910081183,UNSTABLE
challenger_umidas_exports_total_yoy_log_l2,H2,conservative,22,5,0.7727272727272727,13,2.4310557910081183,UNSTABLE
challenger_umidas_exports_total_yoy_log_l2,H2,standard,22,5,0.7727272727272727,8,1.1757628664925086,UNSTABLE
challenger_umidas_exports_total_yoy_log_l2,H3,conservative,22,5,0.7727272727272727,8,1.1757628664925086,UNSTABLE
challenger_umidas_exports_total_yoy_log_l2,H3,standard,22,6,0.7272727272727273,8,1.563828425024715,UNSTABLE
challenger_umidas_exports_total_yoy_log_l3,H1,conservative,22,4,0.8181818181818182,6,1.135426273781118,UNSTABLE
challenger_umidas_exports_total_yoy_log_l3,H1,standard,22,5,0.7727272727272727,11,1.9926796427391997,UNSTABLE
challenger_umidas_exports_total_yoy_log_l3,H2,conservative,22,5,0.7727272727272727,11,1.9926796427391997,UNSTABLE
challenger_umidas_exports_total_yoy_log_l3,H2,standard,22,5,0.7727272727272727,4,0.5649545352895377,UNSTABLE
challenger_umidas_exports_total_yoy_log_l3,H3,conservative,22,5,0.7727272727272727,4,0.5649545352895377,UNSTABLE
challenger_umidas_exports_total_yoy_log_l3,H3,standard,22,5,0.7727272727272727,10,1.046015674853484,UNSTABLE
challenger_umidas_fx_reserves_exgold_yoy_log_l1,H1,conservative,22,21,0.045454545454545456,1,0.3622047928829193,ACCEPTABLE
challenger_umidas_fx_reserves_exgold_yoy_log_l1,H1,standard,22,21,0.045454545454545456,1,0.3622047928829193,ACCEPTABLE
challenger_umidas_fx_reserves_exgold_yoy_log_l1,H2,conservative,22,21,0.045454545454545456,1,0.24508718766089008,ACCEPTABLE
challenger_umidas_fx_reserves_exgold_yoy_log_l1,H2,standard,22,21,0.045454545454545456,1,0.24508718766089008,ACCEPTABLE
challenger_umidas_fx_reserves_exgold_yoy_log_l1,H3,conservative,22,21,0.045454545454545456,0,0.33562395465927963,ACCEPTABLE
challenger_umidas_fx_reserves_exgold_yoy_log_l1,H3,standard,22,21,0.045454545454545456,0,0.33562395465927963,ACCEPTABLE
challenger_umidas_fx_reserves_exgold_yoy_log_l2,H1,conservative,22,21,0.045454545454545456,0,0.45054168518673243,ACCEPTABLE
challenger_umidas_fx_reserves_exgold_yoy_log_l2,H1,standard,22,21,0.045454545454545456,0,0.45054168518673243,ACCEPTABLE
challenger_umidas_fx_reserves_exgold_yoy_log_l2,H2,conservative,22,21,0.045454545454545456,0,0.331332641364626,ACCEPTABLE
challenger_umidas_fx_reserves_exgold_yoy_log_l2,H2,standard,22,21,0.045454545454545456,0,0.331332641364626,ACCEPTABLE
challenger_umidas_fx_reserves_exgold_yoy_log_l2,H3,conservative,22,21,0.045454545454545456,1,0.2733798969835738,ACCEPTABLE
challenger_umidas_fx_reserves_exgold_yoy_log_l2,H3,standard,22,21,0.045454545454545456,1,0.2733798969835738,ACCEPTABLE
challenger_umidas_fx_reserves_exgold_yoy_log_l3,H1,conservative,22,21,0.045454545454545456,2,0.4881578731380139,ACCEPTABLE
challenger_umidas_fx_reserves_exgold_yoy_log_l3,H1,standard,22,21,0.045454545454545456,2,0.4881578731380139,ACCEPTABLE
challenger_umidas_fx_reserves_exgold_yoy_log_l3,H2,conservative,22,21,0.045454545454545456,0,0.4225047774796388,ACCEPTABLE
challenger_umidas_fx_reserves_exgold_yoy_log_l3,H2,standard,22,21,0.045454545454545456,0,0.4225047774796388,ACCEPTABLE
challenger_umidas_fx_reserves_exgold_yoy_log_l3,H3,conservative,22,21,0.045454545454545456,6,0.5933852897840562,ACCEPTABLE
challenger_umidas_fx_reserves_exgold_yoy_log_l3,H3,standard,22,21,0.045454545454545456,6,0.5933852897840562,ACCEPTABLE
challenger_umidas_gold_exports_proxy_usd_m_l1,H1,conservative,22,9,0.5909090909090909,5,1.8859945293142302,UNSTABLE
challenger_umidas_gold_exports_proxy_usd_m_l1,H1,standard,22,9,0.5909090909090909,6,2.154147058751886,UNSTABLE
challenger_umidas_gold_exports_proxy_usd_m_l1,H2,conservative,22,9,0.5909090909090909,6,2.154147058751886,UNSTABLE
challenger_umidas_gold_exports_proxy_usd_m_l1,H2,standard,22,10,0.5454545454545454,5,0.864198325256339,UNSTABLE
challenger_umidas_gold_exports_proxy_usd_m_l1,H3,conservative,22,10,0.5454545454545454,5,0.864198325256339,UNSTABLE
challenger_umidas_gold_exports_proxy_usd_m_l1,H3,standard,22,10,0.5454545454545454,5,0.9054873841100145,UNSTABLE
challenger_umidas_gold_exports_proxy_usd_m_l2,H1,conservative,22,9,0.5909090909090909,8,1.8769713594957642,UNSTABLE
challenger_umidas_gold_exports_proxy_usd_m_l2,H1,standard,22,9,0.5909090909090909,11,1.6873566095175507,UNSTABLE
challenger_umidas_gold_exports_proxy_usd_m_l2,H2,conservative,22,9,0.5909090909090909,11,1.6873566095175507,UNSTABLE
challenger_umidas_gold_exports_proxy_usd_m_l2,H2,standard,22,9,0.5909090909090909,13,3.3738093438458816,UNSTABLE
challenger_umidas_gold_exports_proxy_usd_m_l2,H3,conservative,22,9,0.5909090909090909,13,3.3738093438458816,UNSTABLE
challenger_umidas_gold_exports_proxy_usd_m_l2,H3,standard,22,10,0.5454545454545454,8,0.8624548941490743,UNSTABLE
challenger_umidas_gold_exports_proxy_usd_m_l3,H1,conservative,22,8,0.6363636363636364,6,1.1819285052502693,UNSTABLE
challenger_umidas_gold_exports_proxy_usd_m_l3,H1,standard,22,9,0.5909090909090909,8,1.640749051654855,UNSTABLE
challenger_umidas_gold_exports_proxy_usd_m_l3,H2,conservative,22,9,0.5909090909090909,8,1.640749051654855,UNSTABLE
challenger_umidas_gold_exports_proxy_usd_m_l3,H2,standard,22,9,0.5909090909090909,6,1.4442143875982927,UNSTABLE
challenger_umidas_gold_exports_proxy_usd_m_l3,H3,conservative,22,9,0.5909090909090909,6,1.4442143875982927,UNSTABLE
challenger_umidas_gold_exports_proxy_usd_m_l3,H3,standard,22,9,0.5909090909090909,14,3.7783157104641307,UNSTABLE
challenger_umidas_gold_price_mom_dlog_l1,H1,conservative,22,21,0.045454545454545456,1,0.3025909484570157,ACCEPTABLE
challenger_umidas_gold_price_mom_dlog_l1,H1,standard,22,21,0.045454545454545456,1,0.3025909484570157,ACCEPTABLE
challenger_umidas_gold_price_mom_dlog_l1,H2,conservative,22,21,0.045454545454545456,0,0.26950447779757025,ACCEPTABLE
challenger_umidas_gold_price_mom_dlog_l1,H2,standard,22,21,0.045454545454545456,0,0.26950447779757025,ACCEPTABLE
challenger_umidas_gold_price_mom_dlog_l1,H3,conservative,22,21,0.045454545454545456,0,0.24152272299938082,ACCEPTABLE
challenger_umidas_gold_price_mom_dlog_l1,H3,standard,22,21,0.045454545454545456,0,0.24152272299938082,ACCEPTABLE
challenger_umidas_gold_price_mom_dlog_l2,H1,conservative,22,21,0.045454545454545456,4,0.3857330221631306,ACCEPTABLE
challenger_umidas_gold_price_mom_dlog_l2,H1,standard,22,21,0.045454545454545456,4,0.3857330221631306,ACCEPTABLE
challenger_umidas_gold_price_mom_dlog_l2,H2,conservative,22,21,0.045454545454545456,2,0.2481252904532123,ACCEPTABLE
challenger_umidas_gold_price_mom_dlog_l2,H2,standard,22,21,0.045454545454545456,2,0.2481252904532123,ACCEPTABLE
challenger_umidas_gold_price_mom_dlog_l2,H3,conservative,22,21,0.045454545454545456,3,0.3910658482905602,ACCEPTABLE
challenger_umidas_gold_price_mom_dlog_l2,H3,standard,22,21,0.045454545454545456,3,0.3910658482905602,ACCEPTABLE
challenger_umidas_gold_price_mom_dlog_l3,H1,conservative,22,21,0.045454545454545456,2,0.3662348727927668,ACCEPTABLE
challenger_umidas_gold_price_mom_dlog_l3,H1,standard,22,21,0.045454545454545456,2,0.3662348727927668,ACCEPTABLE
challenger_umidas_gold_price_mom_dlog_l3,H2,conservative,22,21,0.045454545454545456,4,0.4240733269489523,ACCEPTABLE
challenger_umidas_gold_price_mom_dlog_l3,H2,standard,22,21,0.045454545454545456,4,0.4240733269489523,ACCEPTABLE
challenger_umidas_gold_price_mom_dlog_l3,H3,conservative,22,21,0.045454545454545456,7,0.3433400654386609,ACCEPTABLE
challenger_umidas_gold_price_mom_dlog_l3,H3,standard,22,21,0.045454545454545456,7,0.3433400654386609,ACCEPTABLE
challenger_umidas_imports_total_yoy_log_l1,H1,conservative,22,5,0.7727272727272727,3,1.224504636786388,UNSTABLE
challenger_umidas_imports_total_yoy_log_l1,H1,standard,22,5,0.7727272727272727,8,1.4727568992117013,UNSTABLE
challenger_umidas_imports_total_yoy_log_l1,H2,conservative,22,5,0.7727272727272727,8,1.4727568992117013,UNSTABLE
challenger_umidas_imports_total_yoy_log_l1,H2,standard,22,6,0.7272727272727273,1,1.6719887607866175,UNSTABLE
challenger_umidas_imports_total_yoy_log_l1,H3,conservative,22,6,0.7272727272727273,1,1.6719887607866175,UNSTABLE
challenger_umidas_imports_total_yoy_log_l1,H3,standard,22,6,0.7272727272727273,5,1.9751488294688544,UNSTABLE
challenger_umidas_imports_total_yoy_log_l2,H1,conservative,22,5,0.7727272727272727,4,1.1133562169952742,UNSTABLE
challenger_umidas_imports_total_yoy_log_l2,H1,standard,22,5,0.7727272727272727,7,1.1830141353840418,UNSTABLE
challenger_umidas_imports_total_yoy_log_l2,H2,conservative,22,5,0.7727272727272727,7,1.1830141353840418,UNSTABLE
challenger_umidas_imports_total_yoy_log_l2,H2,standard,22,5,0.7727272727272727,7,0.8974615347077768,UNSTABLE
challenger_umidas_imports_total_yoy_log_l2,H3,conservative,22,5,0.7727272727272727,7,0.8974615347077768,UNSTABLE
challenger_umidas_imports_total_yoy_log_l2,H3,standard,22,6,0.7272727272727273,12,2.1607781838545352,UNSTABLE
challenger_umidas_imports_total_yoy_log_l3,H1,conservative,22,4,0.8181818181818182,11,0.9757735832495866,UNSTABLE
challenger_umidas_imports_total_yoy_log_l3,H1,standard,22,5,0.7727272727272727,6,0.6162590518242009,UNSTABLE
challenger_umidas_imports_total_yoy_log_l3,H2,conservative,22,5,0.7727272727272727,6,0.6162590518242009,UNSTABLE
challenger_umidas_imports_total_yoy_log_l3,H2,standard,22,5,0.7727272727272727,11,1.8173005376375273,UNSTABLE
challenger_umidas_imports_total_yoy_log_l3,H3,conservative,22,5,0.7727272727272727,11,1.8173005376375273,UNSTABLE
challenger_umidas_imports_total_yoy_log_l3,H3,standard,22,5,0.7727272727272727,13,1.2547066481626756,UNSTABLE
challenger_umidas_ind_prod_yoy_log_l1,H1,conservative,22,13,0.4090909090909091,0,0.23606557097194253,UNSTABLE
challenger_umidas_ind_prod_yoy_log_l1,H1,standard,22,13,0.4090909090909091,0,0.23606557097194253,UNSTABLE
challenger_umidas_ind_prod_yoy_log_l1,H2,conservative,22,13,0.4090909090909091,6,3.370173797610146,UNSTABLE
challenger_umidas_ind_prod_yoy_log_l1,H2,standard,22,13,0.4090909090909091,6,3.370173797610146,UNSTABLE
challenger_umidas_ind_prod_yoy_log_l1,H3,conservative,22,14,0.36363636363636365,0,0.24349658723958834,UNSTABLE
challenger_umidas_ind_prod_yoy_log_l1,H3,standard,22,14,0.36363636363636365,0,0.24349658723958834,UNSTABLE
challenger_umidas_ind_prod_yoy_log_l2,H1,conservative,22,13,0.4090909090909091,6,1.167229720495233,UNSTABLE
challenger_umidas_ind_prod_yoy_log_l2,H1,standard,22,13,0.4090909090909091,6,1.167229720495233,UNSTABLE
challenger_umidas_ind_prod_yoy_log_l2,H2,conservative,22,13,0.4090909090909091,4,5.504756722707954,UNSTABLE
challenger_umidas_ind_prod_yoy_log_l2,H2,standard,22,13,0.4090909090909091,4,5.504756722707954,UNSTABLE
challenger_umidas_ind_prod_yoy_log_l2,H3,conservative,22,13,0.4090909090909091,4,5.56215551758494,UNSTABLE
challenger_umidas_ind_prod_yoy_log_l2,H3,standard,22,13,0.4090909090909091,4,5.56215551758494,UNSTABLE
challenger_umidas_ind_prod_yoy_log_l3,H1,conservative,22,12,0.45454545454545453,15,10.19227808044366,UNSTABLE
challenger_umidas_ind_prod_yoy_log_l3,H1,standard,22,12,0.45454545454545453,15,10.19227808044366,UNSTABLE
challenger_umidas_ind_prod_yoy_log_l3,H2,conservative,22,13,0.4090909090909091,7,428.1832720296203,UNSTABLE
challenger_umidas_ind_prod_yoy_log_l3,H2,standard,22,13,0.4090909090909091,7,428.1832720296203,UNSTABLE
challenger_umidas_ind_prod_yoy_log_l3,H3,conservative,22,13,0.4090909090909091,8,5.3558723686191945,UNSTABLE
challenger_umidas_ind_prod_yoy_log_l3,H3,standard,22,13,0.4090909090909091,8,5.3558723686191945,UNSTABLE
challenger_umidas_m2_yoy_log_l1,H1,conservative,22,21,0.045454545454545456,1,0.4241963782598907,ACCEPTABLE
challenger_umidas_m2_yoy_log_l1,H1,standard,22,21,0.045454545454545456,3,0.6422611519480403,ACCEPTABLE
challenger_umidas_m2_yoy_log_l1,H2,conservative,22,21,0.045454545454545456,3,0.6422611519480403,ACCEPTABLE
challenger_umidas_m2_yoy_log_l1,H2,standard,22,21,0.045454545454545456,3,0.5929301143122409,ACCEPTABLE
challenger_umidas_m2_yoy_log_l1,H3,conservative,22,21,0.045454545454545456,3,0.5929301143122409,ACCEPTABLE
challenger_umidas_m2_yoy_log_l1,H3,standard,22,21,0.045454545454545456,3,0.5639391031721877,ACCEPTABLE
challenger_umidas_m2_yoy_log_l2,H1,conservative,22,21,0.045454545454545456,1,0.4874118691557363,ACCEPTABLE
challenger_umidas_m2_yoy_log_l2,H1,standard,22,21,0.045454545454545456,2,0.6104076160040052,ACCEPTABLE
challenger_umidas_m2_yoy_log_l2,H2,conservative,22,21,0.045454545454545456,2,0.6104076160040052,ACCEPTABLE
challenger_umidas_m2_yoy_log_l2,H2,standard,22,21,0.045454545454545456,1,0.5605975268379346,ACCEPTABLE
challenger_umidas_m2_yoy_log_l2,H3,conservative,22,21,0.045454545454545456,1,0.5605975268379346,ACCEPTABLE
challenger_umidas_m2_yoy_log_l2,H3,standard,22,21,0.045454545454545456,0,0.45205673344927405,ACCEPTABLE
challenger_umidas_m2_yoy_log_l3,H1,conservative,22,21,0.045454545454545456,3,0.45646283549500555,ACCEPTABLE
challenger_umidas_m2_yoy_log_l3,H1,standard,22,21,0.045454545454545456,3,0.9944393069766814,ACCEPTABLE
challenger_umidas_m2_yoy_log_l3,H2,conservative,22,21,0.045454545454545456,3,0.9944393069766814,ACCEPTABLE
challenger_umidas_m2_yoy_log_l3,H2,standard,22,21,0.045454545454545456,1,0.4454920607030405,ACCEPTABLE
challenger_umidas_m2_yoy_log_l3,H3,conservative,22,21,0.045454545454545456,1,0.4454920607030405,ACCEPTABLE
challenger_umidas_m2_yoy_log_l3,H3,standard,22,21,0.045454545454545456,0,0.3859386784855963,ACCEPTABLE
challenger_umidas_manufacturing_yoy_log_l1,H1,conservative,22,13,0.4090909090909091,3,0.21007263189560857,UNSTABLE
challenger_umidas_manufacturing_yoy_log_l1,H1,standard,22,13,0.4090909090909091,3,0.21007263189560857,UNSTABLE
challenger_umidas_manufacturing_yoy_log_l1,H2,conservative,22,13,0.4090909090909091,2,4.064272124679721,UNSTABLE
challenger_umidas_manufacturing_yoy_log_l1,H2,standard,22,13,0.4090909090909091,2,4.064272124679721,UNSTABLE
challenger_umidas_manufacturing_yoy_log_l1,H3,conservative,22,14,0.36363636363636365,3,0.5632605559036775,UNSTABLE
challenger_umidas_manufacturing_yoy_log_l1,H3,standard,22,14,0.36363636363636365,3,0.5632605559036775,UNSTABLE
challenger_umidas_manufacturing_yoy_log_l2,H1,conservative,22,13,0.4090909090909091,7,0.39524399355186907,UNSTABLE
challenger_umidas_manufacturing_yoy_log_l2,H1,standard,22,13,0.4090909090909091,7,0.39524399355186907,UNSTABLE
challenger_umidas_manufacturing_yoy_log_l2,H2,conservative,22,13,0.4090909090909091,6,6.834140241469539,UNSTABLE
challenger_umidas_manufacturing_yoy_log_l2,H2,standard,22,13,0.4090909090909091,6,6.834140241469539,UNSTABLE
challenger_umidas_manufacturing_yoy_log_l2,H3,conservative,22,13,0.4090909090909091,4,15.763830318236627,UNSTABLE
challenger_umidas_manufacturing_yoy_log_l2,H3,standard,22,13,0.4090909090909091,4,15.763830318236627,UNSTABLE
challenger_umidas_manufacturing_yoy_log_l3,H1,conservative,22,12,0.45454545454545453,12,11.416455666898093,UNSTABLE
challenger_umidas_manufacturing_yoy_log_l3,H1,standard,22,12,0.45454545454545453,12,11.416455666898093,UNSTABLE
challenger_umidas_manufacturing_yoy_log_l3,H2,conservative,22,13,0.4090909090909091,9,5.077563504228944,UNSTABLE
challenger_umidas_manufacturing_yoy_log_l3,H2,standard,22,13,0.4090909090909091,9,5.077563504228944,UNSTABLE
challenger_umidas_manufacturing_yoy_log_l3,H3,conservative,22,13,0.4090909090909091,7,9.959684978661498,UNSTABLE
challenger_umidas_manufacturing_yoy_log_l3,H3,standard,22,13,0.4090909090909091,7,9.959684978661498,UNSTABLE
challenger_umidas_mining_yoy_log_l1,H1,conservative,22,13,0.4090909090909091,0,0.9323003997847853,UNSTABLE
challenger_umidas_mining_yoy_log_l1,H1,standard,22,13,0.4090909090909091,0,0.9323003997847853,UNSTABLE
challenger_umidas_mining_yoy_log_l1,H2,conservative,22,13,0.4090909090909091,4,3.817011707430294,UNSTABLE
challenger_umidas_mining_yoy_log_l1,H2,standard,22,13,0.4090909090909091,4,3.817011707430294,UNSTABLE
challenger_umidas_mining_yoy_log_l1,H3,conservative,22,14,0.36363636363636365,1,0.9530011106259596,UNSTABLE
challenger_umidas_mining_yoy_log_l1,H3,standard,22,14,0.36363636363636365,1,0.9530011106259596,UNSTABLE
challenger_umidas_mining_yoy_log_l2,H1,conservative,22,13,0.4090909090909091,3,1.2302339608127344,UNSTABLE
challenger_umidas_mining_yoy_log_l2,H1,standard,22,13,0.4090909090909091,3,1.2302339608127344,UNSTABLE
challenger_umidas_mining_yoy_log_l2,H2,conservative,22,13,0.4090909090909091,5,0.37347024658975386,UNSTABLE
challenger_umidas_mining_yoy_log_l2,H2,standard,22,13,0.4090909090909091,5,0.37347024658975386,UNSTABLE
challenger_umidas_mining_yoy_log_l2,H3,conservative,22,13,0.4090909090909091,7,2.0364610684994164,UNSTABLE
challenger_umidas_mining_yoy_log_l2,H3,standard,22,13,0.4090909090909091,7,2.0364610684994164,UNSTABLE
challenger_umidas_mining_yoy_log_l3,H1,conservative,22,12,0.45454545454545453,5,0.8413298229387847,UNSTABLE
challenger_umidas_mining_yoy_log_l3,H1,standard,22,12,0.45454545454545453,5,0.8413298229387847,UNSTABLE
challenger_umidas_mining_yoy_log_l3,H2,conservative,22,13,0.4090909090909091,5,4.832169559928017,UNSTABLE
challenger_umidas_mining_yoy_log_l3,H2,standard,22,13,0.4090909090909091,5,4.832169559928017,UNSTABLE
challenger_umidas_mining_yoy_log_l3,H3,conservative,22,13,0.4090909090909091,5,1.082311678791282,UNSTABLE
challenger_umidas_mining_yoy_log_l3,H3,standard,22,13,0.4090909090909091,5,1.082311678791282,UNSTABLE
challenger_umidas_ppi_mom_log_l1,H1,conservative,22,21,0.045454545454545456,1,0.31819546862886217,ACCEPTABLE
challenger_umidas_ppi_mom_log_l1,H1,standard,22,21,0.045454545454545456,1,0.31819546862886217,ACCEPTABLE
challenger_umidas_ppi_mom_log_l1,H2,conservative,22,21,0.045454545454545456,1,0.32402835177251516,ACCEPTABLE
challenger_umidas_ppi_mom_log_l1,H2,standard,22,21,0.045454545454545456,1,0.3288286021456169,ACCEPTABLE
challenger_umidas_ppi_mom_log_l1,H3,conservative,22,21,0.045454545454545456,5,0.30805281906021786,ACCEPTABLE
challenger_umidas_ppi_mom_log_l1,H3,standard,22,21,0.045454545454545456,5,0.30805281906021786,ACCEPTABLE
challenger_umidas_ppi_mom_log_l2,H1,conservative,22,21,0.045454545454545456,3,0.33882865666573136,ACCEPTABLE
challenger_umidas_ppi_mom_log_l2,H1,standard,22,21,0.045454545454545456,3,0.33882865666573136,ACCEPTABLE
challenger_umidas_ppi_mom_log_l2,H2,conservative,22,21,0.045454545454545456,2,0.36092021612321673,ACCEPTABLE
challenger_umidas_ppi_mom_log_l2,H2,standard,22,21,0.045454545454545456,5,0.3289219755856747,ACCEPTABLE
challenger_umidas_ppi_mom_log_l2,H3,conservative,22,21,0.045454545454545456,10,0.3425686460790684,ACCEPTABLE
challenger_umidas_ppi_mom_log_l2,H3,standard,22,21,0.045454545454545456,10,0.3425686460790684,ACCEPTABLE
challenger_umidas_ppi_mom_log_l3,H1,conservative,22,21,0.045454545454545456,6,0.35194236507912646,ACCEPTABLE
challenger_umidas_ppi_mom_log_l3,H1,standard,22,21,0.045454545454545456,6,0.35194236507912646,ACCEPTABLE
challenger_umidas_ppi_mom_log_l3,H2,conservative,22,21,0.045454545454545456,2,0.38193182380764235,ACCEPTABLE
challenger_umidas_ppi_mom_log_l3,H2,standard,22,21,0.045454545454545456,6,0.3524612811239444,ACCEPTABLE
challenger_umidas_ppi_mom_log_l3,H3,conservative,22,21,0.045454545454545456,10,0.34261434908993066,ACCEPTABLE
challenger_umidas_ppi_mom_log_l3,H3,standard,22,21,0.045454545454545456,10,0.34261434908993066,ACCEPTABLE
challenger_umidas_retail_yoy_log_l1,H1,conservative,22,9,0.5909090909090909,4,1.9838528919573617,UNSTABLE
challenger_umidas_retail_yoy_log_l1,H1,standard,22,9,0.5909090909090909,8,4.556868039080481,UNSTABLE
challenger_umidas_retail_yoy_log_l1,H2,conservative,22,9,0.5909090909090909,8,4.556868039080481,UNSTABLE
challenger_umidas_retail_yoy_log_l1,H2,standard,22,10,0.5454545454545454,2,1.0668917650756304,UNSTABLE
challenger_umidas_retail_yoy_log_l1,H3,conservative,22,10,0.5454545454545454,2,1.0668917650756304,UNSTABLE
challenger_umidas_retail_yoy_log_l1,H3,standard,22,10,0.5454545454545454,2,1.2118263147923058,UNSTABLE
challenger_umidas_retail_yoy_log_l2,H1,conservative,22,9,0.5909090909090909,4,2.3089243900768905,UNSTABLE
challenger_umidas_retail_yoy_log_l2,H1,standard,22,9,0.5909090909090909,4,4.075431148844273,UNSTABLE
challenger_umidas_retail_yoy_log_l2,H2,conservative,22,9,0.5909090909090909,4,4.075431148844273,UNSTABLE
challenger_umidas_retail_yoy_log_l2,H2,standard,22,9,0.5909090909090909,9,2.3716644696409577,UNSTABLE
challenger_umidas_retail_yoy_log_l2,H3,conservative,22,9,0.5909090909090909,9,2.3716644696409577,UNSTABLE
challenger_umidas_retail_yoy_log_l2,H3,standard,22,10,0.5454545454545454,4,1.178147359151462,UNSTABLE
challenger_umidas_retail_yoy_log_l3,H1,conservative,22,8,0.6363636363636364,14,4.556369672453263,UNSTABLE
challenger_umidas_retail_yoy_log_l3,H1,standard,22,9,0.5909090909090909,8,2.7221872507550433,UNSTABLE
challenger_umidas_retail_yoy_log_l3,H2,conservative,22,9,0.5909090909090909,8,2.7221872507550433,UNSTABLE
challenger_umidas_retail_yoy_log_l3,H2,standard,22,9,0.5909090909090909,5,1.5194784246898254,UNSTABLE
challenger_umidas_retail_yoy_log_l3,H3,conservative,22,9,0.5909090909090909,5,1.5194784246898254,UNSTABLE
challenger_umidas_retail_yoy_log_l3,H3,standard,22,9,0.5909090909090909,4,1.4359174325666444,UNSTABLE
challenger_umidas_rub_uzs_mom_dlog_l1,H1,conservative,22,21,0.045454545454545456,0,0.33939281223613854,ACCEPTABLE
challenger_umidas_rub_uzs_mom_dlog_l1,H1,standard,22,21,0.045454545454545456,1,0.4002261819607735,ACCEPTABLE
challenger_umidas_rub_uzs_mom_dlog_l1,H2,conservative,22,21,0.045454545454545456,1,0.4002261819607735,ACCEPTABLE
challenger_umidas_rub_uzs_mom_dlog_l1,H2,standard,22,21,0.045454545454545456,5,0.31142116744910353,ACCEPTABLE
challenger_umidas_rub_uzs_mom_dlog_l1,H3,conservative,22,21,0.045454545454545456,5,0.31142116744910353,ACCEPTABLE
challenger_umidas_rub_uzs_mom_dlog_l1,H3,standard,22,21,0.045454545454545456,0,0.2594292529469695,ACCEPTABLE
challenger_umidas_rub_uzs_mom_dlog_l2,H1,conservative,22,21,0.045454545454545456,4,0.40204251279534226,ACCEPTABLE
challenger_umidas_rub_uzs_mom_dlog_l2,H1,standard,22,21,0.045454545454545456,2,0.4226087617569978,ACCEPTABLE
challenger_umidas_rub_uzs_mom_dlog_l2,H2,conservative,22,21,0.045454545454545456,2,0.4226087617569978,ACCEPTABLE
challenger_umidas_rub_uzs_mom_dlog_l2,H2,standard,22,21,0.045454545454545456,1,0.4001323686851232,ACCEPTABLE
challenger_umidas_rub_uzs_mom_dlog_l2,H3,conservative,22,21,0.045454545454545456,1,0.4001323686851232,ACCEPTABLE
challenger_umidas_rub_uzs_mom_dlog_l2,H3,standard,22,21,0.045454545454545456,5,0.3330751894239239,ACCEPTABLE
challenger_umidas_rub_uzs_mom_dlog_l3,H1,conservative,22,21,0.045454545454545456,3,0.47768842544514667,ACCEPTABLE
challenger_umidas_rub_uzs_mom_dlog_l3,H1,standard,22,21,0.045454545454545456,6,0.5676957865343257,ACCEPTABLE
challenger_umidas_rub_uzs_mom_dlog_l3,H2,conservative,22,21,0.045454545454545456,6,0.5676957865343257,ACCEPTABLE
challenger_umidas_rub_uzs_mom_dlog_l3,H2,standard,22,21,0.045454545454545456,1,0.434871758003866,ACCEPTABLE
challenger_umidas_rub_uzs_mom_dlog_l3,H3,conservative,22,21,0.045454545454545456,1,0.434871758003866,ACCEPTABLE
challenger_umidas_rub_uzs_mom_dlog_l3,H3,standard,22,21,0.045454545454545456,4,0.3271306085964566,ACCEPTABLE
challenger_umidas_usd_uzs_mom_dlog_l1,H1,conservative,22,21,0.045454545454545456,1,0.32302340088129206,ACCEPTABLE
challenger_umidas_usd_uzs_mom_dlog_l1,H1,standard,22,21,0.045454545454545456,0,0.3032715619879398,ACCEPTABLE
challenger_umidas_usd_uzs_mom_dlog_l1,H2,conservative,22,21,0.045454545454545456,0,0.3032715619879398,ACCEPTABLE
challenger_umidas_usd_uzs_mom_dlog_l1,H2,standard,22,21,0.045454545454545456,0,0.29547813998813394,ACCEPTABLE
challenger_umidas_usd_uzs_mom_dlog_l1,H3,conservative,22,21,0.045454545454545456,0,0.29547813998813394,ACCEPTABLE
challenger_umidas_usd_uzs_mom_dlog_l1,H3,standard,22,21,0.045454545454545456,1,0.2943025953213755,ACCEPTABLE
challenger_umidas_usd_uzs_mom_dlog_l2,H1,conservative,22,21,0.045454545454545456,3,0.320698327762711,ACCEPTABLE
challenger_umidas_usd_uzs_mom_dlog_l2,H1,standard,22,21,0.045454545454545456,0,0.30758345014374344,ACCEPTABLE
challenger_umidas_usd_uzs_mom_dlog_l2,H2,conservative,22,21,0.045454545454545456,0,0.30758345014374344,ACCEPTABLE
challenger_umidas_usd_uzs_mom_dlog_l2,H2,standard,22,21,0.045454545454545456,0,0.3037257089869965,ACCEPTABLE
challenger_umidas_usd_uzs_mom_dlog_l2,H3,conservative,22,21,0.045454545454545456,0,0.3037257089869965,ACCEPTABLE
challenger_umidas_usd_uzs_mom_dlog_l2,H3,standard,22,21,0.045454545454545456,2,0.29427373324922595,ACCEPTABLE
challenger_umidas_usd_uzs_mom_dlog_l3,H1,conservative,22,21,0.045454545454545456,4,0.4315389103362217,ACCEPTABLE
challenger_umidas_usd_uzs_mom_dlog_l3,H1,standard,22,21,0.045454545454545456,0,0.3835305045315949,ACCEPTABLE
challenger_umidas_usd_uzs_mom_dlog_l3,H2,conservative,22,21,0.045454545454545456,0,0.3835305045315949,ACCEPTABLE
challenger_umidas_usd_uzs_mom_dlog_l3,H2,standard,22,21,0.045454545454545456,0,0.30894842110653903,ACCEPTABLE
challenger_umidas_usd_uzs_mom_dlog_l3,H3,conservative,22,21,0.045454545454545456,0,0.30894842110653903,ACCEPTABLE
challenger_umidas_usd_uzs_mom_dlog_l3,H3,standard,22,21,0.045454545454545456,1,0.2847538913126885,ACCEPTABLE
challenger_umidas_utilities_yoy_log_l1,H1,conservative,22,13,0.4090909090909091,1,0.3129004817722055,UNSTABLE
challenger_umidas_utilities_yoy_log_l1,H1,standard,22,13,0.4090909090909091,1,0.3129004817722055,UNSTABLE
challenger_umidas_utilities_yoy_log_l1,H2,conservative,22,13,0.4090909090909091,2,0.6494563662666114,UNSTABLE
challenger_umidas_utilities_yoy_log_l1,H2,standard,22,13,0.4090909090909091,2,0.6494563662666114,UNSTABLE
challenger_umidas_utilities_yoy_log_l1,H3,conservative,22,14,0.36363636363636365,1,0.37265496908962514,UNSTABLE
challenger_umidas_utilities_yoy_log_l1,H3,standard,22,14,0.36363636363636365,1,0.37265496908962514,UNSTABLE
challenger_umidas_utilities_yoy_log_l2,H1,conservative,22,13,0.4090909090909091,4,2.375641246703428,UNSTABLE
challenger_umidas_utilities_yoy_log_l2,H1,standard,22,13,0.4090909090909091,4,2.375641246703428,UNSTABLE
challenger_umidas_utilities_yoy_log_l2,H2,conservative,22,13,0.4090909090909091,3,1.5588254412411988,UNSTABLE
challenger_umidas_utilities_yoy_log_l2,H2,standard,22,13,0.4090909090909091,3,1.5588254412411988,UNSTABLE
challenger_umidas_utilities_yoy_log_l2,H3,conservative,22,13,0.4090909090909091,5,1.991924060095388,UNSTABLE
challenger_umidas_utilities_yoy_log_l2,H3,standard,22,13,0.4090909090909091,5,1.991924060095388,UNSTABLE
challenger_umidas_utilities_yoy_log_l3,H1,conservative,22,12,0.45454545454545453,6,2.148733714540549,UNSTABLE
challenger_umidas_utilities_yoy_log_l3,H1,standard,22,12,0.45454545454545453,6,2.148733714540549,UNSTABLE
challenger_umidas_utilities_yoy_log_l3,H2,conservative,22,13,0.4090909090909091,5,3.1121443738538623,UNSTABLE
challenger_umidas_utilities_yoy_log_l3,H2,standard,22,13,0.4090909090909091,5,3.1121443738538623,UNSTABLE
challenger_umidas_utilities_yoy_log_l3,H3,conservative,22,13,0.4090909090909091,2,1.5007863950619933,UNSTABLE
challenger_umidas_utilities_yoy_log_l3,H3,standard,22,13,0.4090909090909091,2,1.5007863950619933,UNSTABLE
challenger_umidas_wholesale_yoy_log_l1,H1,conservative,22,9,0.5909090909090909,5,1.7903723103084885,UNSTABLE
challenger_umidas_wholesale_yoy_log_l1,H1,standard,22,9,0.5909090909090909,7,11.808352795840065,UNSTABLE
challenger_umidas_wholesale_yoy_log_l1,H2,conservative,22,9,0.5909090909090909,7,11.808352795840065,UNSTABLE
challenger_umidas_wholesale_yoy_log_l1,H2,standard,22,10,0.5454545454545454,5,1.2282865522403623,UNSTABLE
challenger_umidas_wholesale_yoy_log_l1,H3,conservative,22,10,0.5454545454545454,5,1.2282865522403623,UNSTABLE
challenger_umidas_wholesale_yoy_log_l1,H3,standard,22,10,0.5454545454545454,2,1.2970126160535784,UNSTABLE
challenger_umidas_wholesale_yoy_log_l2,H1,conservative,22,9,0.5909090909090909,4,3.897791758735737,UNSTABLE
challenger_umidas_wholesale_yoy_log_l2,H1,standard,22,9,0.5909090909090909,10,37.50680989691628,UNSTABLE
challenger_umidas_wholesale_yoy_log_l2,H2,conservative,22,9,0.5909090909090909,10,37.50680989691628,UNSTABLE
challenger_umidas_wholesale_yoy_log_l2,H2,standard,22,9,0.5909090909090909,9,113.80128687264337,UNSTABLE
challenger_umidas_wholesale_yoy_log_l2,H3,conservative,22,9,0.5909090909090909,9,113.80128687264337,UNSTABLE
challenger_umidas_wholesale_yoy_log_l2,H3,standard,22,10,0.5454545454545454,7,1.495945122229122,UNSTABLE
challenger_umidas_wholesale_yoy_log_l3,H1,conservative,22,8,0.6363636363636364,17,2.613866993013911,UNSTABLE
challenger_umidas_wholesale_yoy_log_l3,H1,standard,22,9,0.5909090909090909,11,8.510423329034118,UNSTABLE
challenger_umidas_wholesale_yoy_log_l3,H2,conservative,22,9,0.5909090909090909,11,8.510423329034118,UNSTABLE
challenger_umidas_wholesale_yoy_log_l3,H2,standard,22,9,0.5909090909090909,14,4.730881037390403,UNSTABLE
challenger_umidas_wholesale_yoy_log_l3,H3,conservative,22,9,0.5909090909090909,14,4.730881037390403,UNSTABLE
challenger_umidas_wholesale_yoy_log_l3,H3,standard,22,9,0.5909090909090909,6,2.431502526711308,UNSTABLE
