model,forecast_count,full_relative_rmse,minimum_leave_one_quarter_out_relative_rmse,maximum_leave_one_quarter_out_relative_rmse,influence_flag
ar1,66,1.6558766478045532,1.4720670333699948,1.7799624715615945,ROBUST_TO_SINGLE_QUARTER
ar2,66,1.141217122779368,0.9937628540332801,1.3152139065163482,ROBUST_TO_SINGLE_QUARTER
bridge_m2_yoy_log,42,1.6010209672617066,1.3745197978953496,1.6831386155110792,ROBUST_TO_SINGLE_QUARTER
bridge_ppi_mom_log,42,1.6117820966391097,1.4012688438024599,1.6906601664235539,ROBUST_TO_SINGLE_QUARTER
bridge_rub_uzs_mom_dlog,63,1.630965175476015,1.5047309754076599,1.7087755235908926,ROBUST_TO_SINGLE_QUARTER
bridge_usd_uzs_mom_dlog,63,1.4231387216168427,1.2675688449687394,1.4700561543641009,ROBUST_TO_SINGLE_QUARTER
bridge_usd_uzs_mom_dlog__ppi_mom_log,42,1.5610071193063575,1.402403438223305,1.626669357894848,ROBUST_TO_SINGLE_QUARTER
challenger_umidas_construction_yoy_log_l1,17,1.4041319459712391,1.3127957891143565,1.5795194832170045,ROBUST_TO_SINGLE_QUARTER
challenger_umidas_construction_yoy_log_l2,16,1.173794709567252,1.1122110988083387,1.248086846814632,ROBUST_TO_SINGLE_QUARTER
challenger_umidas_construction_yoy_log_l3,15,0.8297059129553083,0.7520028947091174,0.8709716700036452,ROBUST_TO_SINGLE_QUARTER
challenger_umidas_cpi_food_mom_log_l1,29,1.227041436599785,1.1230734508157174,1.2927163695208463,ROBUST_TO_SINGLE_QUARTER
challenger_umidas_cpi_food_mom_log_l2,28,1.6757324063396584,1.2803112898712745,2.041516611043285,ROBUST_TO_SINGLE_QUARTER
challenger_umidas_cpi_food_mom_log_l3,27,1.8548638634413945,1.4251794408032052,2.2605095001868567,ROBUST_TO_SINGLE_QUARTER
challenger_umidas_cpi_headline_mom_log_l1,29,1.1705348284640795,1.1135243595690791,1.203890437646439,ROBUST_TO_SINGLE_QUARTER
challenger_umidas_cpi_headline_mom_log_l2,28,1.25338640825593,1.2034124967258797,1.313922005691503,ROBUST_TO_SINGLE_QUARTER
challenger_umidas_cpi_headline_mom_log_l3,27,1.4752527316593425,1.2098082252825557,1.7184378261104203,ROBUST_TO_SINGLE_QUARTER
challenger_umidas_cpi_services_mom_log_l1,29,1.115403153334857,1.0601583750412995,1.1441294295755324,ROBUST_TO_SINGLE_QUARTER
challenger_umidas_cpi_services_mom_log_l2,28,3.265605500160022,1.7011487129581613,4.696990683833609,ROBUST_TO_SINGLE_QUARTER
challenger_umidas_cpi_services_mom_log_l3,27,3.5397649084647527,1.9287644157965744,5.1360653582169915,ROBUST_TO_SINGLE_QUARTER
challenger_umidas_exports_non_gold_yoy_log_l1,17,1.4734008642605143,1.3542504008721172,1.9472324075565401,ROBUST_TO_SINGLE_QUARTER
challenger_umidas_exports_non_gold_yoy_log_l2,16,1.3095205047384937,1.1267359515972717,1.8938716808547544,ROBUST_TO_SINGLE_QUARTER
challenger_umidas_exports_non_gold_yoy_log_l3,15,0.8528928840193283,0.7125994892887786,1.4285975619528695,FRAGILE_IMPROVEMENT
challenger_umidas_exports_total_yoy_log_l1,17,1.248851639541857,1.1956082141619924,1.597807787189214,ROBUST_TO_SINGLE_QUARTER
challenger_umidas_exports_total_yoy_log_l2,16,1.026236604170669,0.9791211287805057,1.3677483587175392,ROBUST_TO_SINGLE_QUARTER
challenger_umidas_exports_total_yoy_log_l3,15,0.9132121835232803,0.8243469888907826,1.1551746886097365,FRAGILE_IMPROVEMENT
challenger_umidas_fx_reserves_exgold_yoy_log_l1,63,1.6107532113648309,1.350295465843089,1.7734770407077654,ROBUST_TO_SINGLE_QUARTER
challenger_umidas_fx_reserves_exgold_yoy_log_l2,63,1.7015809063499503,1.5324840044218424,1.9313742239874967,ROBUST_TO_SINGLE_QUARTER
challenger_umidas_fx_reserves_exgold_yoy_log_l3,63,1.8651858856047476,1.7462712867364354,2.128033512895156,ROBUST_TO_SINGLE_QUARTER
challenger_umidas_gold_exports_proxy_usd_m_l1,29,1.0941380731860078,1.0271115197971252,1.1410247306736792,ROBUST_TO_SINGLE_QUARTER
challenger_umidas_gold_exports_proxy_usd_m_l2,28,1.1436993627262357,1.0909001578870061,1.310873816844477,ROBUST_TO_SINGLE_QUARTER
challenger_umidas_gold_exports_proxy_usd_m_l3,27,1.3040216620437386,1.1442810870543965,1.724883560711544,ROBUST_TO_SINGLE_QUARTER
challenger_umidas_gold_price_mom_dlog_l1,63,1.7210872933906496,1.4821132033974351,1.8706221192244255,ROBUST_TO_SINGLE_QUARTER
challenger_umidas_gold_price_mom_dlog_l2,63,2.055294035667177,1.7893768553673106,2.3107966380919276,ROBUST_TO_SINGLE_QUARTER
challenger_umidas_gold_price_mom_dlog_l3,63,2.5337806080238297,2.016601677250563,2.89841258857421,ROBUST_TO_SINGLE_QUARTER
challenger_umidas_imports_total_yoy_log_l1,17,1.4033661369850214,1.3243918622288346,1.779330517073698,ROBUST_TO_SINGLE_QUARTER
challenger_umidas_imports_total_yoy_log_l2,16,1.2587284559173808,1.1941046375756834,1.6024249571441778,ROBUST_TO_SINGLE_QUARTER
challenger_umidas_imports_total_yoy_log_l3,15,0.8696851690025947,0.8390010547024959,0.9026369227706283,ROBUST_TO_SINGLE_QUARTER
challenger_umidas_ind_prod_yoy_log_l1,40,2.242789873222973,1.5790771252263105,2.9280242570780928,ROBUST_TO_SINGLE_QUARTER
challenger_umidas_ind_prod_yoy_log_l2,39,2.459522457647814,1.468621037392049,3.2467551215574333,ROBUST_TO_SINGLE_QUARTER
challenger_umidas_ind_prod_yoy_log_l3,38,2.4183099246169215,1.4601466421397966,3.241241797579698,ROBUST_TO_SINGLE_QUARTER
challenger_umidas_m2_yoy_log_l1,63,1.5444996226846626,1.3459829545500344,1.6270258275103238,ROBUST_TO_SINGLE_QUARTER
challenger_umidas_m2_yoy_log_l2,63,1.7954586998233746,1.5898640354197184,1.9224121950420319,ROBUST_TO_SINGLE_QUARTER
challenger_umidas_m2_yoy_log_l3,63,2.0075482749756204,1.8930973492995193,2.224080424760346,ROBUST_TO_SINGLE_QUARTER
challenger_umidas_manufacturing_yoy_log_l1,40,3.0606887366495177,1.7074219990278965,4.0618016566866615,ROBUST_TO_SINGLE_QUARTER
challenger_umidas_manufacturing_yoy_log_l2,39,3.6903320763826133,1.6796554884406731,4.938978742210614,ROBUST_TO_SINGLE_QUARTER
challenger_umidas_manufacturing_yoy_log_l3,38,3.904486510140272,1.846011553164946,5.330516596273743,ROBUST_TO_SINGLE_QUARTER
challenger_umidas_mining_yoy_log_l1,40,1.876440836721019,1.7985656652010253,2.26987569544595,ROBUST_TO_SINGLE_QUARTER
challenger_umidas_mining_yoy_log_l2,39,1.6249162381264433,1.53719884662411,1.9822399276731084,ROBUST_TO_SINGLE_QUARTER
challenger_umidas_mining_yoy_log_l3,38,1.532964071479359,1.3007107287775648,2.001444986378159,ROBUST_TO_SINGLE_QUARTER
challenger_umidas_ppi_mom_log_l1,63,1.5256386011010215,1.2976732076624553,1.624353385245793,ROBUST_TO_SINGLE_QUARTER
challenger_umidas_ppi_mom_log_l2,63,1.5782589727509588,1.3722317389943623,1.6886933475366537,ROBUST_TO_SINGLE_QUARTER
challenger_umidas_ppi_mom_log_l3,63,1.6168352551984047,1.4140739720041426,1.7289523110659912,ROBUST_TO_SINGLE_QUARTER
challenger_umidas_retail_yoy_log_l1,29,1.6441809720907163,1.3096721986059225,2.1123214450426233,ROBUST_TO_SINGLE_QUARTER
challenger_umidas_retail_yoy_log_l2,28,1.743493799288194,1.413836789342443,2.2864317741493205,ROBUST_TO_SINGLE_QUARTER
challenger_umidas_retail_yoy_log_l3,27,2.10325554216437,1.659186975332166,2.8643298505673545,ROBUST_TO_SINGLE_QUARTER
challenger_umidas_rub_uzs_mom_dlog_l1,63,1.5884416582973275,1.4469583898673566,1.6883454948596566,ROBUST_TO_SINGLE_QUARTER
challenger_umidas_rub_uzs_mom_dlog_l2,63,1.9937653498633388,1.6177867979750862,2.113050096890005,ROBUST_TO_SINGLE_QUARTER
challenger_umidas_rub_uzs_mom_dlog_l3,63,2.4906228115345748,1.9383638210278564,2.728090299525699,ROBUST_TO_SINGLE_QUARTER
challenger_umidas_usd_uzs_mom_dlog_l1,63,1.435795569392039,1.2380805290665102,1.4941352019514402,ROBUST_TO_SINGLE_QUARTER
challenger_umidas_usd_uzs_mom_dlog_l2,63,1.4898893843583554,1.3363149051674756,1.5605085550304232,ROBUST_TO_SINGLE_QUARTER
challenger_umidas_usd_uzs_mom_dlog_l3,63,1.5205976326546464,1.3896469181190199,1.6106827558417132,ROBUST_TO_SINGLE_QUARTER
challenger_umidas_utilities_yoy_log_l1,40,2.1914024847526026,1.3170474014595517,2.7856401977923886,ROBUST_TO_SINGLE_QUARTER
challenger_umidas_utilities_yoy_log_l2,39,3.45948503777483,1.6432752306237188,4.571693478774066,ROBUST_TO_SINGLE_QUARTER
challenger_umidas_utilities_yoy_log_l3,38,3.694884956081184,2.0680802960201103,4.967060504200407,ROBUST_TO_SINGLE_QUARTER
challenger_umidas_wholesale_yoy_log_l1,29,1.299372530993791,1.253595818392137,1.4675967525828024,ROBUST_TO_SINGLE_QUARTER
challenger_umidas_wholesale_yoy_log_l2,28,1.394090927164691,1.3062961938107729,1.6571733326813463,ROBUST_TO_SINGLE_QUARTER
challenger_umidas_wholesale_yoy_log_l3,27,1.52272595143405,1.3664671309010679,1.8891837877175564,ROBUST_TO_SINGLE_QUARTER
combination_equal_weight,66,1.023391599990504,0.9558037803402791,1.059337696816441,ROBUST_TO_SINGLE_QUARTER
combination_inverse_past_rmse,66,1.0240366946473671,0.9567263977837289,1.0600096152892038,ROBUST_TO_SINGLE_QUARTER
combination_median,66,1.1104676731562566,1.001115232561533,1.1500124995244287,ROBUST_TO_SINGLE_QUARTER
combination_nonnegative_past_stack,66,1.036661078860262,0.9747208843291959,1.073158411929639,ROBUST_TO_SINGLE_QUARTER
combination_trimmed_mean,66,1.1104676731562566,1.001115232561533,1.1500124995244287,ROBUST_TO_SINGLE_QUARTER
dfm_tight_shortlist_k1,66,1.655684731693464,1.471167916103193,1.7365099204137922,ROBUST_TO_SINGLE_QUARTER
dfm_tight_top2_k1,66,1.62142580417944,1.4348019633482267,1.7162364143185027,ROBUST_TO_SINGLE_QUARTER
historical_mean,66,2.1793246155135337,1.9456342663510153,2.5861302511599504,ROBUST_TO_SINGLE_QUARTER
multi_almon_ppi_mom_log__m2_yoy_log,63,1.8293564594537304,1.6996799309099033,1.9375066334370743,ROBUST_TO_SINGLE_QUARTER
multi_almon_usd_uzs_mom_dlog__fx_reserves_exgold_yoy_log,63,1.654569988792217,1.5148431864508056,1.7696969794821702,ROBUST_TO_SINGLE_QUARTER
multi_almon_usd_uzs_mom_dlog__m2_yoy_log,63,1.7419288830637596,1.625325239984739,1.9245331952302218,ROBUST_TO_SINGLE_QUARTER
multi_almon_usd_uzs_mom_dlog__ppi_mom_log,63,1.5270752275663164,1.370842757018905,1.6001106875520426,ROBUST_TO_SINGLE_QUARTER
production_ensemble_ar2_usd,66,1.0,1.0,1.0,ROBUST_TO_SINGLE_QUARTER
umidas_usd_uzs_mom_dlog_l3,66,1.6019858307424875,1.5190647680039724,1.6920771821765765,ROBUST_TO_SINGLE_QUARTER
