model,horizon,N,RMSE,MAE,bias,median_absolute_error,maximum_absolute_error,forecast_correlation,OOS_R2,benchmark_common_RMSE,delta_RMSE_vs_phase6e,sample,evidence_class
B1,H1,4,0.59742462435284394,0.49190037382260021,0.414845499148361,0.38660344274714031,1.0402848604476418,0.68577721780231626,0.2519159193211753,0.69072935402159075,-0.093304729668746811,PAIRWISE_COMMON,REGISTRY_LAG_PSEUDO_REAL_TIME
B1,H2,4,0.70151844246295858,0.57808755935347822,0.57808755935347822,0.52634487693801812,1.1669313106114316,0.70486145833478853,-0.084979368870833349,0.67348565959556539,0.028032782867393191,PAIRWISE_COMMON,REGISTRY_LAG_PSEUDO_REAL_TIME
B1,H3,4,0.64778507181473366,0.52240917069818416,0.48992923288110646,0.45722079300983776,1.1102352211389057,0.68874728530204143,0.067835815442536918,0.67094161421801712,-0.023156542403283464,PAIRWISE_COMMON,REGISTRY_LAG_PSEUDO_REAL_TIME
B1,POOLED,12,0.65029988112275605,0.5307990346247542,0.49428743046098189,0.43560474442189845,1.1669313106114316,0.68783910006895432,0.08124170224452687,0.6784424868470027,-0.02814260572424665,PAIRWISE_COMMON,REGISTRY_LAG_PSEUDO_REAL_TIME
B1,POST_DEVELOPMENT,12,0.65029988112275605,0.5307990346247542,0.49428743046098189,0.43560474442189845,1.1669313106114316,0.68783910006895432,0.08124170224452687,0.6784424868470027,-0.02814260572424665,PAIRWISE_COMMON,REGISTRY_LAG_PSEUDO_REAL_TIME
B2,H1,4,0.58452944428939757,0.47852465208611239,0.38211102412187969,0.3391518592795264,1.0429676338569314,0.66093810199303704,0.28386160288448137,0.69072935402159075,-0.10619990973219318,PAIRWISE_COMMON,REGISTRY_LAG_PSEUDO_REAL_TIME
B2,H2,4,0.64190018600105592,0.50882618269728552,0.4754593813145227,0.4212902410798316,1.1259906458639533,0.66520501536756027,0.091597548777958893,0.67348565959556539,-0.031585473594509472,PAIRWISE_COMMON,REGISTRY_LAG_PSEUDO_REAL_TIME
B2,H3,4,0.64695963632025333,0.51864077644565976,0.48815830975397434,0.44520047990233547,1.1231972125945973,0.67909555054264259,0.070209908982110436,0.67094161421801712,-0.023981977897763795,PAIRWISE_COMMON,REGISTRY_LAG_PSEUDO_REAL_TIME
B2,POOLED,12,0.62510460219526365,0.50199720374301926,0.44857623839679223,0.39081920757317112,1.1259906458639533,0.66599808088165702,0.15105546327936981,0.6784424868470027,-0.053337884651739054,PAIRWISE_COMMON,REGISTRY_LAG_PSEUDO_REAL_TIME
B2,POST_DEVELOPMENT,12,0.62510460219526365,0.50199720374301926,0.44857623839679223,0.39081920757317112,1.1259906458639533,0.66599808088165702,0.15105546327936981,0.6784424868470027,-0.053337884651739054,PAIRWISE_COMMON,REGISTRY_LAG_PSEUDO_REAL_TIME
B3,H1,4,0.64392551635368023,0.58983805630792685,0.17877879036731525,0.63954010427159291,0.84865959984499373,0.67695924618681691,0.13092862731461363,0.69072935402159075,-0.046803837667910519,PAIRWISE_COMMON,REVISED_FDI_TIMING_SENSITIVITY_NOT_REAL_TIME
B3,H2,4,0.67063464919646321,0.6296447187631995,0.34086192670042914,0.61060270626869606,0.97238423472933277,0.6927944063206386,0.0084485122641468902,0.67348565959556539,-0.0028510103991021829,PAIRWISE_COMMON,REVISED_FDI_TIMING_SENSITIVITY_NOT_REAL_TIME
B3,H3,4,0.44708481011983803,0.38041995599184664,0.38041995599184664,0.36489002057369069,0.67589391155513745,0.88712076761630854,0.5559719857305534,0.67094161421801712,-0.2238568040981791,PAIRWISE_COMMON,REVISED_FDI_TIMING_SENSITIVITY_NOT_REAL_TIME
B3,POOLED,12,0.59561613218417464,0.53330091035432436,0.30002022435319703,0.55994076200448006,0.97238423472933277,0.71208429571915066,0.22926189779353801,0.6784424868470027,-0.082826354662828061,PAIRWISE_COMMON,REVISED_FDI_TIMING_SENSITIVITY_NOT_REAL_TIME
B3,POST_DEVELOPMENT,12,0.59561613218417464,0.53330091035432436,0.30002022435319703,0.55994076200448006,0.97238423472933277,0.71208429571915066,0.22926189779353801,0.6784424868470027,-0.082826354662828061,PAIRWISE_COMMON,REVISED_FDI_TIMING_SENSITIVITY_NOT_REAL_TIME
B3_120D,H1,4,0.64392551635368023,0.58983805630792685,0.17877879036731525,0.63954010427159291,0.84865959984499373,0.67695924618681691,0.13092862731461363,0.69072935402159075,-0.046803837667910519,PAIRWISE_COMMON,REVISED_FDI_TIMING_SENSITIVITY_NOT_REAL_TIME
B3_120D,H2,4,0.67063464919646321,0.6296447187631995,0.34086192670042914,0.61060270626869606,0.97238423472933277,0.6927944063206386,0.0084485122641468902,0.67348565959556539,-0.0028510103991021829,PAIRWISE_COMMON,REVISED_FDI_TIMING_SENSITIVITY_NOT_REAL_TIME
B3_120D,H3,4,0.64637595697945516,0.6023816775048858,0.28802195689447307,0.58002358861321834,0.95109131058786733,0.67721812714244189,0.071886843456902549,0.67094161421801712,-0.024565657238561966,PAIRWISE_COMMON,REVISED_FDI_TIMING_SENSITIVITY_NOT_REAL_TIME
B3_120D,POOLED,12,0.65375652477950419,0.60728815085867072,0.26922089132073918,0.60314251267318308,0.97238423472933277,0.67963968848869183,0.071448495730902728,0.6784424868470027,-0.024685962067498513,PAIRWISE_COMMON,REVISED_FDI_TIMING_SENSITIVITY_NOT_REAL_TIME
B3_120D,POST_DEVELOPMENT,12,0.65375652477950419,0.60728815085867072,0.26922089132073918,0.60314251267318308,0.97238423472933277,0.67963968848869183,0.071448495730902728,0.6784424868470027,-0.024685962067498513,PAIRWISE_COMMON,REVISED_FDI_TIMING_SENSITIVITY_NOT_REAL_TIME
B4,H1,4,1.0234489677900585,0.86327010017462991,0.86327010017462991,0.80159371264261425,1.6060145374963239,0.75894352568275225,-1.1954146569651884,0.69072935402159075,0.3327196137684677,PAIRWISE_COMMON,REVISED_FDI_TIMING_SENSITIVITY_NOT_REAL_TIME
B4,H2,4,1.0927325469850198,0.96881989863568929,0.96881989863568929,0.90186398064999196,1.6356206076341255,0.75778743810983407,-1.6325161962122534,0.67348565959556539,0.41924688738945437,PAIRWISE_COMMON,REVISED_FDI_TIMING_SENSITIVITY_NOT_REAL_TIME
B4,H3,4,0.64637595697945516,0.6023816775048858,0.28802195689447307,0.58002358861321834,0.95109131058786733,0.67721812714244189,0.071886843456902549,0.67094161421801712,-0.024565657238561966,PAIRWISE_COMMON,REVISED_FDI_TIMING_SENSITIVITY_NOT_REAL_TIME
B4,POOLED,12,0.9415083796178717,0.81149055877173504,0.70670398523493072,0.58002358861321834,1.6356206076341255,0.68347437960779367,-0.92584931996917486,0.6784424868470027,0.263065892770869,PAIRWISE_COMMON,REVISED_FDI_TIMING_SENSITIVITY_NOT_REAL_TIME
B4,POST_DEVELOPMENT,12,0.9415083796178717,0.81149055877173504,0.70670398523493072,0.58002358861321834,1.6356206076341255,0.68347437960779367,-0.92584931996917486,0.6784424868470027,0.263065892770869,PAIRWISE_COMMON,REVISED_FDI_TIMING_SENSITIVITY_NOT_REAL_TIME
B4_120D,H1,4,1.0234489677900585,0.86327010017462991,0.86327010017462991,0.80159371264261425,1.6060145374963239,0.75894352568275225,-1.1954146569651884,0.69072935402159075,0.3327196137684677,PAIRWISE_COMMON,REVISED_FDI_TIMING_SENSITIVITY_NOT_REAL_TIME
B4_120D,H2,4,1.0927325469850198,0.96881989863568929,0.96881989863568929,0.90186398064999196,1.6356206076341255,0.75778743810983407,-1.6325161962122534,0.67348565959556539,0.41924688738945437,PAIRWISE_COMMON,REVISED_FDI_TIMING_SENSITIVITY_NOT_REAL_TIME
B4_120D,H3,4,1.0511845852808497,0.91777893022404178,0.91777893022404178,0.88640128346878555,1.5775855079122101,0.76502211999827241,-1.4546439672289377,0.67094161421801712,0.38024297106283256,PAIRWISE_COMMON,REVISED_FDI_TIMING_SENSITIVITY_NOT_REAL_TIME
B4_120D,POOLED,12,1.0561725302940135,0.91662297634478695,0.91662297634478695,0.84711883534693788,1.6356206076341255,0.75908544490572649,-1.423503553801416,0.6784424868470027,0.37773004344701078,PAIRWISE_COMMON,REVISED_FDI_TIMING_SENSITIVITY_NOT_REAL_TIME
B4_120D,POST_DEVELOPMENT,12,1.0561725302940135,0.91662297634478695,0.91662297634478695,0.84711883534693788,1.6356206076341255,0.75908544490572649,-1.423503553801416,0.6784424868470027,0.37773004344701078,PAIRWISE_COMMON,REVISED_FDI_TIMING_SENSITIVITY_NOT_REAL_TIME
B5,H1,4,0.65527921043424953,0.60696951790930376,0.20320513331241541,0.64888479629591078,0.8704654453604812,0.6786385330152036,0.10001151278135867,0.69072935402159075,-0.035450143587341221,PAIRWISE_COMMON,REVISED_FDI_TIMING_SENSITIVITY_NOT_REAL_TIME
B5,H2,4,0.63859312578623506,0.59327912746195866,0.19680419407540706,0.64436469941973407,0.83261581903934623,0.69392905632417379,0.10093358894241411,0.67348565959556539,-0.034892533809330328,PAIRWISE_COMMON,REVISED_FDI_TIMING_SENSITIVITY_NOT_REAL_TIME
B5,H3,4,0.33131362902737327,0.27352765236653598,0.27352765236653598,0.26950216517284886,0.50202203425069314,0.9324956700429794,0.75615764467574942,0.67094161421801712,-0.33962798519064386,PAIRWISE_COMMON,REVISED_FDI_TIMING_SENSITIVITY_NOT_REAL_TIME
B5,POOLED,12,0.5618305630431224,0.49125876591259948,0.22451232658478615,0.4930101777322049,0.8704654453604812,0.72837034279560242,0.31422026628085153,0.6784424868470027,-0.1166119238038803,PAIRWISE_COMMON,REVISED_FDI_TIMING_SENSITIVITY_NOT_REAL_TIME
B5,POST_DEVELOPMENT,12,0.5618305630431224,0.49125876591259948,0.22451232658478615,0.4930101777322049,0.8704654453604812,0.72837034279560242,0.31422026628085153,0.6784424868470027,-0.1166119238038803,PAIRWISE_COMMON,REVISED_FDI_TIMING_SENSITIVITY_NOT_REAL_TIME
B5_120D,H1,4,0.65527921043424953,0.60696951790930376,0.20320513331241541,0.64888479629591078,0.8704654453604812,0.6786385330152036,0.10001151278135867,0.69072935402159075,-0.035450143587341221,PAIRWISE_COMMON,REVISED_FDI_TIMING_SENSITIVITY_NOT_REAL_TIME
B5_120D,H2,4,0.63859312578623506,0.59327912746195866,0.19680419407540706,0.64436469941973407,0.83261581903934623,0.69392905632417379,0.10093358894241411,0.67348565959556539,-0.034892533809330328,PAIRWISE_COMMON,REVISED_FDI_TIMING_SENSITIVITY_NOT_REAL_TIME
B5_120D,H3,4,0.63946008787466679,0.59049372355044927,0.19025320353993269,0.64764703644973576,0.83427478533449051,0.68954460509814219,0.091641200648828747,0.67094161421801712,-0.03148152634335033,PAIRWISE_COMMON,REVISED_FDI_TIMING_SENSITIVITY_NOT_REAL_TIME
B5_120D,POOLED,12,0.64448977957074549,0.59691412297390389,0.19675417697591838,0.64436469941973407,0.8704654453604812,0.68732921097049793,0.097585646457773123,0.6784424868470027,-0.03395270727625721,PAIRWISE_COMMON,REVISED_FDI_TIMING_SENSITIVITY_NOT_REAL_TIME
B5_120D,POST_DEVELOPMENT,12,0.64448977957074549,0.59691412297390389,0.19675417697591838,0.64436469941973407,0.8704654453604812,0.68732921097049793,0.097585646457773123,0.6784424868470027,-0.03395270727625721,PAIRWISE_COMMON,REVISED_FDI_TIMING_SENSITIVITY_NOT_REAL_TIME
M0,H1,4,0.69072935402159075,0.54710542857596267,0.54710542857596267,0.48991276794701477,1.1816745110445579,0.67425388522816965,0,0.69072935402159075,0,PAIRWISE_COMMON,REGISTRY_LAG_PSEUDO_REAL_TIME
M0,H2,4,0.67348565959556539,0.54196023392020365,0.54196023392020365,0.49113494874092911,1.1383380584006915,0.70193007978854882,0,0.67348565959556539,0,PAIRWISE_COMMON,REGISTRY_LAG_PSEUDO_REAL_TIME
M0,H3,4,0.67094161421801712,0.5320770767815397,0.5320770767815397,0.47754042131403507,1.1412787963814495,0.69072652951326963,0,0.67094161421801712,0,PAIRWISE_COMMON,REGISTRY_LAG_PSEUDO_REAL_TIME
M0,POOLED,12,0.6784424868470027,0.54038091309256864,0.54038091309256864,0.48991276794701477,1.1816745110445579,0.68884811050926453,0,0.6784424868470027,0,PAIRWISE_COMMON,REGISTRY_LAG_PSEUDO_REAL_TIME
M0,POST_DEVELOPMENT,12,0.6784424868470027,0.54038091309256864,0.54038091309256864,0.48991276794701477,1.1816745110445579,0.68884811050926453,0,0.6784424868470027,0,PAIRWISE_COMMON,REGISTRY_LAG_PSEUDO_REAL_TIME
M1,H1,4,0.63496804242571914,0.51061832799907036,0.47423438401107876,0.43679825511524717,1.0961089137898039,0.68702344025473705,0.15493928894146458,0.69072935402159075,-0.05576131159587161,PAIRWISE_COMMON,REGISTRY_LAG_PSEUDO_REAL_TIME
M1,H2,4,0.6148552345364513,0.49369631730779484,0.46660546520215518,0.43541565746257227,1.0497722500947555,0.71392213805553151,0.16653178202940033,0.67348565959556539,-0.058630425059114089,PAIRWISE_COMMON,REGISTRY_LAG_PSEUDO_REAL_TIME
M1,H3,4,0.6128319135595558,0.49058813654960831,0.45862726007035937,0.42331375761291623,1.0518032780141029,0.70552214921003698,0.16571720346828056,0.67094161421801712,-0.058109700658461327,PAIRWISE_COMMON,REGISTRY_LAG_PSEUDO_REAL_TIME
M1,POOLED,12,0.62096546565701261,0.49830092728549119,0.46648903642786443,0.43679825511524717,1.0961089137898039,0.70203357395154209,0.16226083174060157,0.6784424868470027,-0.057477021189990096,PAIRWISE_COMMON,REGISTRY_LAG_PSEUDO_REAL_TIME
M1,POST_DEVELOPMENT,12,0.62096546565701261,0.49830092728549119,0.46648903642786443,0.43679825511524717,1.0961089137898039,0.70203357395154209,0.16226083174060157,0.6784424868470027,-0.057477021189990096,PAIRWISE_COMMON,REGISTRY_LAG_PSEUDO_REAL_TIME
M2,H1,4,0.63344518307894415,0.50448351051580564,0.45305124388926155,0.39458079263400725,1.1259079235421199,0.6493692818643888,0.15898788762485394,0.69072935402159075,-0.057284170942646595,PAIRWISE_COMMON,REGISTRY_LAG_PSEUDO_REAL_TIME
M2,H2,4,0.60826164897694901,0.49171854339905163,0.4273504839437976,0.38237274554958534,1.0733925635865278,0.67007631853775484,0.1843118289003689,0.67348565959556539,-0.065224010618616379,PAIRWISE_COMMON,REGISTRY_LAG_PSEUDO_REAL_TIME
M2,H3,4,0.59713893625814973,0.48273211425666274,0.42357961689792889,0.38183864718008831,1.0489461679490066,0.68482064999564174,0.20789761335935042,0.67094161421801712,-0.073802677959867391,PAIRWISE_COMMON,REGISTRY_LAG_PSEUDO_REAL_TIME
M2,POOLED,12,0.61313672830171384,0.49297805605717332,0.43466044824366268,0.39307342160986547,1.1259079235421199,0.66791585608452109,0.18325104122212776,0.6784424868470027,-0.065305758545288861,PAIRWISE_COMMON,REGISTRY_LAG_PSEUDO_REAL_TIME
M2,POST_DEVELOPMENT,12,0.61313672830171384,0.49297805605717332,0.43466044824366268,0.39307342160986547,1.1259079235421199,0.66791585608452109,0.18325104122212776,0.6784424868470027,-0.065305758545288861,PAIRWISE_COMMON,REGISTRY_LAG_PSEUDO_REAL_TIME
