model,target_quarter,horizon,indicator,N,correlation,evidence_class
D0,2022Q3,H2,industrial_production,42,0.32042271370958914,AVAILABILITY_AWARE_PSEUDO_REAL_TIME; HISTORICAL_PREDICTOR_VALUE_VINTAGES_UNVERIFIED
D0,2022Q3,H2,ppi,42,0.10923874181505328,AVAILABILITY_AWARE_PSEUDO_REAL_TIME; HISTORICAL_PREDICTOR_VALUE_VINTAGES_UNVERIFIED
D0,2022Q3,H2,usd_uzs,42,-0.12527741369193102,AVAILABILITY_AWARE_PSEUDO_REAL_TIME; HISTORICAL_PREDICTOR_VALUE_VINTAGES_UNVERIFIED
D0,2022Q3,H2,rub_uzs,42,0.36483627606508545,AVAILABILITY_AWARE_PSEUDO_REAL_TIME; HISTORICAL_PREDICTOR_VALUE_VINTAGES_UNVERIFIED
D0,2022Q3,H2,gold_price,42,-0.12802153616586476,AVAILABILITY_AWARE_PSEUDO_REAL_TIME; HISTORICAL_PREDICTOR_VALUE_VINTAGES_UNVERIFIED
D0,2022Q3,H2,fx_reserves_ex_gold,42,-0.18163051829460791,AVAILABILITY_AWARE_PSEUDO_REAL_TIME; HISTORICAL_PREDICTOR_VALUE_VINTAGES_UNVERIFIED
D0,2022Q3,H2,pos_turnover,42,0.59766433839349575,AVAILABILITY_AWARE_PSEUDO_REAL_TIME; HISTORICAL_PREDICTOR_VALUE_VINTAGES_UNVERIFIED
D2,2022Q3,H2,industrial_production,40,0.2709146112208079,AVAILABILITY_AWARE_PSEUDO_REAL_TIME; HISTORICAL_PREDICTOR_VALUE_VINTAGES_UNVERIFIED
D2,2022Q3,H2,ppi,40,0.38171522478118397,AVAILABILITY_AWARE_PSEUDO_REAL_TIME; HISTORICAL_PREDICTOR_VALUE_VINTAGES_UNVERIFIED
D2,2022Q3,H2,usd_uzs,40,-0.064480494022649812,AVAILABILITY_AWARE_PSEUDO_REAL_TIME; HISTORICAL_PREDICTOR_VALUE_VINTAGES_UNVERIFIED
D2,2022Q3,H2,rub_uzs,40,0.12880130316740526,AVAILABILITY_AWARE_PSEUDO_REAL_TIME; HISTORICAL_PREDICTOR_VALUE_VINTAGES_UNVERIFIED
D2,2022Q3,H2,gold_price,40,-0.0059123763301746944,AVAILABILITY_AWARE_PSEUDO_REAL_TIME; HISTORICAL_PREDICTOR_VALUE_VINTAGES_UNVERIFIED
D2,2022Q3,H2,fx_reserves_ex_gold,40,-0.016355912926701473,AVAILABILITY_AWARE_PSEUDO_REAL_TIME; HISTORICAL_PREDICTOR_VALUE_VINTAGES_UNVERIFIED
D2,2022Q3,H2,pos_turnover,40,0.51455859224380529,AVAILABILITY_AWARE_PSEUDO_REAL_TIME; HISTORICAL_PREDICTOR_VALUE_VINTAGES_UNVERIFIED
D0,2022Q3,H3,industrial_production,42,0.32042271370958914,AVAILABILITY_AWARE_PSEUDO_REAL_TIME; HISTORICAL_PREDICTOR_VALUE_VINTAGES_UNVERIFIED
D0,2022Q3,H3,ppi,42,0.10923874181505328,AVAILABILITY_AWARE_PSEUDO_REAL_TIME; HISTORICAL_PREDICTOR_VALUE_VINTAGES_UNVERIFIED
D0,2022Q3,H3,usd_uzs,42,-0.12527741369193102,AVAILABILITY_AWARE_PSEUDO_REAL_TIME; HISTORICAL_PREDICTOR_VALUE_VINTAGES_UNVERIFIED
D0,2022Q3,H3,rub_uzs,42,0.36483627606508545,AVAILABILITY_AWARE_PSEUDO_REAL_TIME; HISTORICAL_PREDICTOR_VALUE_VINTAGES_UNVERIFIED
D0,2022Q3,H3,gold_price,42,-0.12802153616586476,AVAILABILITY_AWARE_PSEUDO_REAL_TIME; HISTORICAL_PREDICTOR_VALUE_VINTAGES_UNVERIFIED
D0,2022Q3,H3,fx_reserves_ex_gold,42,-0.18163051829460791,AVAILABILITY_AWARE_PSEUDO_REAL_TIME; HISTORICAL_PREDICTOR_VALUE_VINTAGES_UNVERIFIED
D0,2022Q3,H3,pos_turnover,42,0.59766433839349575,AVAILABILITY_AWARE_PSEUDO_REAL_TIME; HISTORICAL_PREDICTOR_VALUE_VINTAGES_UNVERIFIED
D2,2022Q3,H3,industrial_production,40,0.2709146112208079,AVAILABILITY_AWARE_PSEUDO_REAL_TIME; HISTORICAL_PREDICTOR_VALUE_VINTAGES_UNVERIFIED
D2,2022Q3,H3,ppi,40,0.38171522478118397,AVAILABILITY_AWARE_PSEUDO_REAL_TIME; HISTORICAL_PREDICTOR_VALUE_VINTAGES_UNVERIFIED
D2,2022Q3,H3,usd_uzs,40,-0.064480494022649812,AVAILABILITY_AWARE_PSEUDO_REAL_TIME; HISTORICAL_PREDICTOR_VALUE_VINTAGES_UNVERIFIED
D2,2022Q3,H3,rub_uzs,40,0.12880130316740526,AVAILABILITY_AWARE_PSEUDO_REAL_TIME; HISTORICAL_PREDICTOR_VALUE_VINTAGES_UNVERIFIED
D2,2022Q3,H3,gold_price,40,-0.0059123763301746944,AVAILABILITY_AWARE_PSEUDO_REAL_TIME; HISTORICAL_PREDICTOR_VALUE_VINTAGES_UNVERIFIED
D2,2022Q3,H3,fx_reserves_ex_gold,40,-0.016355912926701473,AVAILABILITY_AWARE_PSEUDO_REAL_TIME; HISTORICAL_PREDICTOR_VALUE_VINTAGES_UNVERIFIED
D2,2022Q3,H3,pos_turnover,40,0.51455859224380529,AVAILABILITY_AWARE_PSEUDO_REAL_TIME; HISTORICAL_PREDICTOR_VALUE_VINTAGES_UNVERIFIED
D0,2023Q1,H1,industrial_production,47,0.29932523061048111,AVAILABILITY_AWARE_PSEUDO_REAL_TIME; HISTORICAL_PREDICTOR_VALUE_VINTAGES_UNVERIFIED
D0,2023Q1,H1,ppi,48,0.011405559072016959,AVAILABILITY_AWARE_PSEUDO_REAL_TIME; HISTORICAL_PREDICTOR_VALUE_VINTAGES_UNVERIFIED
D0,2023Q1,H1,usd_uzs,48,-0.12850226006270885,AVAILABILITY_AWARE_PSEUDO_REAL_TIME; HISTORICAL_PREDICTOR_VALUE_VINTAGES_UNVERIFIED
D0,2023Q1,H1,rub_uzs,48,0.17649521522399753,AVAILABILITY_AWARE_PSEUDO_REAL_TIME; HISTORICAL_PREDICTOR_VALUE_VINTAGES_UNVERIFIED
D0,2023Q1,H1,gold_price,48,-0.18828192838330535,AVAILABILITY_AWARE_PSEUDO_REAL_TIME; HISTORICAL_PREDICTOR_VALUE_VINTAGES_UNVERIFIED
D0,2023Q1,H1,fx_reserves_ex_gold,48,-0.33776824410083717,AVAILABILITY_AWARE_PSEUDO_REAL_TIME; HISTORICAL_PREDICTOR_VALUE_VINTAGES_UNVERIFIED
D0,2023Q1,H1,pos_turnover,48,0.75815060756949115,AVAILABILITY_AWARE_PSEUDO_REAL_TIME; HISTORICAL_PREDICTOR_VALUE_VINTAGES_UNVERIFIED
D2,2023Q1,H1,industrial_production,45,0.2488226827731044,AVAILABILITY_AWARE_PSEUDO_REAL_TIME; HISTORICAL_PREDICTOR_VALUE_VINTAGES_UNVERIFIED
D2,2023Q1,H1,ppi,46,0.17810445261396735,AVAILABILITY_AWARE_PSEUDO_REAL_TIME; HISTORICAL_PREDICTOR_VALUE_VINTAGES_UNVERIFIED
D2,2023Q1,H1,usd_uzs,46,-0.078514802649727738,AVAILABILITY_AWARE_PSEUDO_REAL_TIME; HISTORICAL_PREDICTOR_VALUE_VINTAGES_UNVERIFIED
D2,2023Q1,H1,rub_uzs,46,-0.020366971519166249,AVAILABILITY_AWARE_PSEUDO_REAL_TIME; HISTORICAL_PREDICTOR_VALUE_VINTAGES_UNVERIFIED
D2,2023Q1,H1,gold_price,46,-0.0903226749062081,AVAILABILITY_AWARE_PSEUDO_REAL_TIME; HISTORICAL_PREDICTOR_VALUE_VINTAGES_UNVERIFIED
D2,2023Q1,H1,fx_reserves_ex_gold,46,-0.31338245588305863,AVAILABILITY_AWARE_PSEUDO_REAL_TIME; HISTORICAL_PREDICTOR_VALUE_VINTAGES_UNVERIFIED
D2,2023Q1,H1,pos_turnover,46,0.71435787001082196,AVAILABILITY_AWARE_PSEUDO_REAL_TIME; HISTORICAL_PREDICTOR_VALUE_VINTAGES_UNVERIFIED
D0,2023Q1,H2,industrial_production,48,0.30042127520747719,AVAILABILITY_AWARE_PSEUDO_REAL_TIME; HISTORICAL_PREDICTOR_VALUE_VINTAGES_UNVERIFIED
D0,2023Q1,H2,ppi,48,0.011405559072016959,AVAILABILITY_AWARE_PSEUDO_REAL_TIME; HISTORICAL_PREDICTOR_VALUE_VINTAGES_UNVERIFIED
D0,2023Q1,H2,usd_uzs,48,-0.12850226006270885,AVAILABILITY_AWARE_PSEUDO_REAL_TIME; HISTORICAL_PREDICTOR_VALUE_VINTAGES_UNVERIFIED
D0,2023Q1,H2,rub_uzs,48,0.17649521522399753,AVAILABILITY_AWARE_PSEUDO_REAL_TIME; HISTORICAL_PREDICTOR_VALUE_VINTAGES_UNVERIFIED
D0,2023Q1,H2,gold_price,48,-0.18828192838330535,AVAILABILITY_AWARE_PSEUDO_REAL_TIME; HISTORICAL_PREDICTOR_VALUE_VINTAGES_UNVERIFIED
D0,2023Q1,H2,fx_reserves_ex_gold,48,-0.33776824410083717,AVAILABILITY_AWARE_PSEUDO_REAL_TIME; HISTORICAL_PREDICTOR_VALUE_VINTAGES_UNVERIFIED
D0,2023Q1,H2,pos_turnover,48,0.75815060756949115,AVAILABILITY_AWARE_PSEUDO_REAL_TIME; HISTORICAL_PREDICTOR_VALUE_VINTAGES_UNVERIFIED
D2,2023Q1,H2,industrial_production,46,0.2491703010165032,AVAILABILITY_AWARE_PSEUDO_REAL_TIME; HISTORICAL_PREDICTOR_VALUE_VINTAGES_UNVERIFIED
D2,2023Q1,H2,ppi,46,0.17810445261396735,AVAILABILITY_AWARE_PSEUDO_REAL_TIME; HISTORICAL_PREDICTOR_VALUE_VINTAGES_UNVERIFIED
D2,2023Q1,H2,usd_uzs,46,-0.078514802649727738,AVAILABILITY_AWARE_PSEUDO_REAL_TIME; HISTORICAL_PREDICTOR_VALUE_VINTAGES_UNVERIFIED
D2,2023Q1,H2,rub_uzs,46,-0.020366971519166249,AVAILABILITY_AWARE_PSEUDO_REAL_TIME; HISTORICAL_PREDICTOR_VALUE_VINTAGES_UNVERIFIED
D2,2023Q1,H2,gold_price,46,-0.0903226749062081,AVAILABILITY_AWARE_PSEUDO_REAL_TIME; HISTORICAL_PREDICTOR_VALUE_VINTAGES_UNVERIFIED
D2,2023Q1,H2,fx_reserves_ex_gold,46,-0.31338245588305863,AVAILABILITY_AWARE_PSEUDO_REAL_TIME; HISTORICAL_PREDICTOR_VALUE_VINTAGES_UNVERIFIED
D2,2023Q1,H2,pos_turnover,46,0.71435787001082196,AVAILABILITY_AWARE_PSEUDO_REAL_TIME; HISTORICAL_PREDICTOR_VALUE_VINTAGES_UNVERIFIED
D0,2023Q1,H3,industrial_production,48,0.30042127520747719,AVAILABILITY_AWARE_PSEUDO_REAL_TIME; HISTORICAL_PREDICTOR_VALUE_VINTAGES_UNVERIFIED
D0,2023Q1,H3,ppi,48,0.011405559072016959,AVAILABILITY_AWARE_PSEUDO_REAL_TIME; HISTORICAL_PREDICTOR_VALUE_VINTAGES_UNVERIFIED
D0,2023Q1,H3,usd_uzs,48,-0.12850226006270885,AVAILABILITY_AWARE_PSEUDO_REAL_TIME; HISTORICAL_PREDICTOR_VALUE_VINTAGES_UNVERIFIED
D0,2023Q1,H3,rub_uzs,48,0.17649521522399753,AVAILABILITY_AWARE_PSEUDO_REAL_TIME; HISTORICAL_PREDICTOR_VALUE_VINTAGES_UNVERIFIED
D0,2023Q1,H3,gold_price,48,-0.18828192838330535,AVAILABILITY_AWARE_PSEUDO_REAL_TIME; HISTORICAL_PREDICTOR_VALUE_VINTAGES_UNVERIFIED
D0,2023Q1,H3,fx_reserves_ex_gold,48,-0.33776824410083717,AVAILABILITY_AWARE_PSEUDO_REAL_TIME; HISTORICAL_PREDICTOR_VALUE_VINTAGES_UNVERIFIED
D0,2023Q1,H3,pos_turnover,48,0.75815060756949115,AVAILABILITY_AWARE_PSEUDO_REAL_TIME; HISTORICAL_PREDICTOR_VALUE_VINTAGES_UNVERIFIED
D2,2023Q1,H3,industrial_production,46,0.2491703010165032,AVAILABILITY_AWARE_PSEUDO_REAL_TIME; HISTORICAL_PREDICTOR_VALUE_VINTAGES_UNVERIFIED
D2,2023Q1,H3,ppi,46,0.17810445261396735,AVAILABILITY_AWARE_PSEUDO_REAL_TIME; HISTORICAL_PREDICTOR_VALUE_VINTAGES_UNVERIFIED
D2,2023Q1,H3,usd_uzs,46,-0.078514802649727738,AVAILABILITY_AWARE_PSEUDO_REAL_TIME; HISTORICAL_PREDICTOR_VALUE_VINTAGES_UNVERIFIED
D2,2023Q1,H3,rub_uzs,46,-0.020366971519166249,AVAILABILITY_AWARE_PSEUDO_REAL_TIME; HISTORICAL_PREDICTOR_VALUE_VINTAGES_UNVERIFIED
D2,2023Q1,H3,gold_price,46,-0.0903226749062081,AVAILABILITY_AWARE_PSEUDO_REAL_TIME; HISTORICAL_PREDICTOR_VALUE_VINTAGES_UNVERIFIED
D2,2023Q1,H3,fx_reserves_ex_gold,46,-0.31338245588305863,AVAILABILITY_AWARE_PSEUDO_REAL_TIME; HISTORICAL_PREDICTOR_VALUE_VINTAGES_UNVERIFIED
D2,2023Q1,H3,pos_turnover,46,0.71435787001082196,AVAILABILITY_AWARE_PSEUDO_REAL_TIME; HISTORICAL_PREDICTOR_VALUE_VINTAGES_UNVERIFIED
D0,2023Q2,H1,industrial_production,50,0.082145430543987791,AVAILABILITY_AWARE_PSEUDO_REAL_TIME; HISTORICAL_PREDICTOR_VALUE_VINTAGES_UNVERIFIED
D0,2023Q2,H1,ppi,51,-0.0035393049782439972,AVAILABILITY_AWARE_PSEUDO_REAL_TIME; HISTORICAL_PREDICTOR_VALUE_VINTAGES_UNVERIFIED
D0,2023Q2,H1,usd_uzs,51,-0.13305389684795718,AVAILABILITY_AWARE_PSEUDO_REAL_TIME; HISTORICAL_PREDICTOR_VALUE_VINTAGES_UNVERIFIED
D0,2023Q2,H1,rub_uzs,51,0.102851887275644,AVAILABILITY_AWARE_PSEUDO_REAL_TIME; HISTORICAL_PREDICTOR_VALUE_VINTAGES_UNVERIFIED
D0,2023Q2,H1,gold_price,51,-0.13550818673640896,AVAILABILITY_AWARE_PSEUDO_REAL_TIME; HISTORICAL_PREDICTOR_VALUE_VINTAGES_UNVERIFIED
D0,2023Q2,H1,fx_reserves_ex_gold,51,-0.41783119025975451,AVAILABILITY_AWARE_PSEUDO_REAL_TIME; HISTORICAL_PREDICTOR_VALUE_VINTAGES_UNVERIFIED
D0,2023Q2,H1,pos_turnover,51,0.78668250066330137,AVAILABILITY_AWARE_PSEUDO_REAL_TIME; HISTORICAL_PREDICTOR_VALUE_VINTAGES_UNVERIFIED
D2,2023Q2,H1,industrial_production,48,0.02171760911100365,AVAILABILITY_AWARE_PSEUDO_REAL_TIME; HISTORICAL_PREDICTOR_VALUE_VINTAGES_UNVERIFIED
D2,2023Q2,H1,ppi,49,0.15231838845361911,AVAILABILITY_AWARE_PSEUDO_REAL_TIME; HISTORICAL_PREDICTOR_VALUE_VINTAGES_UNVERIFIED
D2,2023Q2,H1,usd_uzs,49,-0.084517263768717141,AVAILABILITY_AWARE_PSEUDO_REAL_TIME; HISTORICAL_PREDICTOR_VALUE_VINTAGES_UNVERIFIED
D2,2023Q2,H1,rub_uzs,49,-0.085841640147464315,AVAILABILITY_AWARE_PSEUDO_REAL_TIME; HISTORICAL_PREDICTOR_VALUE_VINTAGES_UNVERIFIED
D2,2023Q2,H1,gold_price,49,-0.017548464806464052,AVAILABILITY_AWARE_PSEUDO_REAL_TIME; HISTORICAL_PREDICTOR_VALUE_VINTAGES_UNVERIFIED
D2,2023Q2,H1,fx_reserves_ex_gold,49,-0.40738917924791185,AVAILABILITY_AWARE_PSEUDO_REAL_TIME; HISTORICAL_PREDICTOR_VALUE_VINTAGES_UNVERIFIED
D2,2023Q2,H1,pos_turnover,49,0.749613189523618,AVAILABILITY_AWARE_PSEUDO_REAL_TIME; HISTORICAL_PREDICTOR_VALUE_VINTAGES_UNVERIFIED
D0,2023Q2,H2,industrial_production,51,0.082299257358614916,AVAILABILITY_AWARE_PSEUDO_REAL_TIME; HISTORICAL_PREDICTOR_VALUE_VINTAGES_UNVERIFIED
D0,2023Q2,H2,ppi,51,-0.0035393049782439972,AVAILABILITY_AWARE_PSEUDO_REAL_TIME; HISTORICAL_PREDICTOR_VALUE_VINTAGES_UNVERIFIED
D0,2023Q2,H2,usd_uzs,51,-0.13305389684795718,AVAILABILITY_AWARE_PSEUDO_REAL_TIME; HISTORICAL_PREDICTOR_VALUE_VINTAGES_UNVERIFIED
D0,2023Q2,H2,rub_uzs,51,0.102851887275644,AVAILABILITY_AWARE_PSEUDO_REAL_TIME; HISTORICAL_PREDICTOR_VALUE_VINTAGES_UNVERIFIED
D0,2023Q2,H2,gold_price,51,-0.13550818673640896,AVAILABILITY_AWARE_PSEUDO_REAL_TIME; HISTORICAL_PREDICTOR_VALUE_VINTAGES_UNVERIFIED
D0,2023Q2,H2,fx_reserves_ex_gold,51,-0.41783119025975451,AVAILABILITY_AWARE_PSEUDO_REAL_TIME; HISTORICAL_PREDICTOR_VALUE_VINTAGES_UNVERIFIED
D0,2023Q2,H2,pos_turnover,51,0.78668250066330137,AVAILABILITY_AWARE_PSEUDO_REAL_TIME; HISTORICAL_PREDICTOR_VALUE_VINTAGES_UNVERIFIED
D2,2023Q2,H2,industrial_production,49,0.023305524969905678,AVAILABILITY_AWARE_PSEUDO_REAL_TIME; HISTORICAL_PREDICTOR_VALUE_VINTAGES_UNVERIFIED
D2,2023Q2,H2,ppi,49,0.15231838845361911,AVAILABILITY_AWARE_PSEUDO_REAL_TIME; HISTORICAL_PREDICTOR_VALUE_VINTAGES_UNVERIFIED
D2,2023Q2,H2,usd_uzs,49,-0.084517263768717141,AVAILABILITY_AWARE_PSEUDO_REAL_TIME; HISTORICAL_PREDICTOR_VALUE_VINTAGES_UNVERIFIED
D2,2023Q2,H2,rub_uzs,49,-0.085841640147464315,AVAILABILITY_AWARE_PSEUDO_REAL_TIME; HISTORICAL_PREDICTOR_VALUE_VINTAGES_UNVERIFIED
D2,2023Q2,H2,gold_price,49,-0.017548464806464052,AVAILABILITY_AWARE_PSEUDO_REAL_TIME; HISTORICAL_PREDICTOR_VALUE_VINTAGES_UNVERIFIED
D2,2023Q2,H2,fx_reserves_ex_gold,49,-0.40738917924791185,AVAILABILITY_AWARE_PSEUDO_REAL_TIME; HISTORICAL_PREDICTOR_VALUE_VINTAGES_UNVERIFIED
D2,2023Q2,H2,pos_turnover,49,0.749613189523618,AVAILABILITY_AWARE_PSEUDO_REAL_TIME; HISTORICAL_PREDICTOR_VALUE_VINTAGES_UNVERIFIED
D0,2023Q2,H3,industrial_production,51,0.082299257358614916,AVAILABILITY_AWARE_PSEUDO_REAL_TIME; HISTORICAL_PREDICTOR_VALUE_VINTAGES_UNVERIFIED
D0,2023Q2,H3,ppi,51,-0.0035393049782439972,AVAILABILITY_AWARE_PSEUDO_REAL_TIME; HISTORICAL_PREDICTOR_VALUE_VINTAGES_UNVERIFIED
D0,2023Q2,H3,usd_uzs,51,-0.13305389684795718,AVAILABILITY_AWARE_PSEUDO_REAL_TIME; HISTORICAL_PREDICTOR_VALUE_VINTAGES_UNVERIFIED
D0,2023Q2,H3,rub_uzs,51,0.102851887275644,AVAILABILITY_AWARE_PSEUDO_REAL_TIME; HISTORICAL_PREDICTOR_VALUE_VINTAGES_UNVERIFIED
D0,2023Q2,H3,gold_price,51,-0.13550818673640896,AVAILABILITY_AWARE_PSEUDO_REAL_TIME; HISTORICAL_PREDICTOR_VALUE_VINTAGES_UNVERIFIED
D0,2023Q2,H3,fx_reserves_ex_gold,51,-0.41783119025975451,AVAILABILITY_AWARE_PSEUDO_REAL_TIME; HISTORICAL_PREDICTOR_VALUE_VINTAGES_UNVERIFIED
D0,2023Q2,H3,pos_turnover,51,0.78668250066330137,AVAILABILITY_AWARE_PSEUDO_REAL_TIME; HISTORICAL_PREDICTOR_VALUE_VINTAGES_UNVERIFIED
D2,2023Q2,H3,industrial_production,49,0.023305524969905678,AVAILABILITY_AWARE_PSEUDO_REAL_TIME; HISTORICAL_PREDICTOR_VALUE_VINTAGES_UNVERIFIED
D2,2023Q2,H3,ppi,49,0.15231838845361911,AVAILABILITY_AWARE_PSEUDO_REAL_TIME; HISTORICAL_PREDICTOR_VALUE_VINTAGES_UNVERIFIED
D2,2023Q2,H3,usd_uzs,49,-0.084517263768717141,AVAILABILITY_AWARE_PSEUDO_REAL_TIME; HISTORICAL_PREDICTOR_VALUE_VINTAGES_UNVERIFIED
D2,2023Q2,H3,rub_uzs,49,-0.085841640147464315,AVAILABILITY_AWARE_PSEUDO_REAL_TIME; HISTORICAL_PREDICTOR_VALUE_VINTAGES_UNVERIFIED
D2,2023Q2,H3,gold_price,49,-0.017548464806464052,AVAILABILITY_AWARE_PSEUDO_REAL_TIME; HISTORICAL_PREDICTOR_VALUE_VINTAGES_UNVERIFIED
D2,2023Q2,H3,fx_reserves_ex_gold,49,-0.40738917924791185,AVAILABILITY_AWARE_PSEUDO_REAL_TIME; HISTORICAL_PREDICTOR_VALUE_VINTAGES_UNVERIFIED
D2,2023Q2,H3,pos_turnover,49,0.749613189523618,AVAILABILITY_AWARE_PSEUDO_REAL_TIME; HISTORICAL_PREDICTOR_VALUE_VINTAGES_UNVERIFIED
D0,2023Q3,H1,industrial_production,53,0.074014337543553119,AVAILABILITY_AWARE_PSEUDO_REAL_TIME; HISTORICAL_PREDICTOR_VALUE_VINTAGES_UNVERIFIED
D0,2023Q3,H1,ppi,54,0.0084794581229206308,AVAILABILITY_AWARE_PSEUDO_REAL_TIME; HISTORICAL_PREDICTOR_VALUE_VINTAGES_UNVERIFIED
D0,2023Q3,H1,usd_uzs,54,-0.12254395757074164,AVAILABILITY_AWARE_PSEUDO_REAL_TIME; HISTORICAL_PREDICTOR_VALUE_VINTAGES_UNVERIFIED
D0,2023Q3,H1,rub_uzs,54,0.097283234268066579,AVAILABILITY_AWARE_PSEUDO_REAL_TIME; HISTORICAL_PREDICTOR_VALUE_VINTAGES_UNVERIFIED
D0,2023Q3,H1,gold_price,54,-0.10653296759839236,AVAILABILITY_AWARE_PSEUDO_REAL_TIME; HISTORICAL_PREDICTOR_VALUE_VINTAGES_UNVERIFIED
D0,2023Q3,H1,fx_reserves_ex_gold,54,-0.3203841853513647,AVAILABILITY_AWARE_PSEUDO_REAL_TIME; HISTORICAL_PREDICTOR_VALUE_VINTAGES_UNVERIFIED
D0,2023Q3,H1,pos_turnover,54,0.7421656189588427,AVAILABILITY_AWARE_PSEUDO_REAL_TIME; HISTORICAL_PREDICTOR_VALUE_VINTAGES_UNVERIFIED
D2,2023Q3,H1,industrial_production,51,0.040110057456277687,AVAILABILITY_AWARE_PSEUDO_REAL_TIME; HISTORICAL_PREDICTOR_VALUE_VINTAGES_UNVERIFIED
D2,2023Q3,H1,ppi,52,0.10491213780530753,AVAILABILITY_AWARE_PSEUDO_REAL_TIME; HISTORICAL_PREDICTOR_VALUE_VINTAGES_UNVERIFIED
D2,2023Q3,H1,usd_uzs,52,-0.10303306297474984,AVAILABILITY_AWARE_PSEUDO_REAL_TIME; HISTORICAL_PREDICTOR_VALUE_VINTAGES_UNVERIFIED
D2,2023Q3,H1,rub_uzs,52,-0.10308635678079846,AVAILABILITY_AWARE_PSEUDO_REAL_TIME; HISTORICAL_PREDICTOR_VALUE_VINTAGES_UNVERIFIED
D2,2023Q3,H1,gold_price,52,0.004769700188095102,AVAILABILITY_AWARE_PSEUDO_REAL_TIME; HISTORICAL_PREDICTOR_VALUE_VINTAGES_UNVERIFIED
D2,2023Q3,H1,fx_reserves_ex_gold,52,-0.45315033745851274,AVAILABILITY_AWARE_PSEUDO_REAL_TIME; HISTORICAL_PREDICTOR_VALUE_VINTAGES_UNVERIFIED
D2,2023Q3,H1,pos_turnover,52,0.75062219054717116,AVAILABILITY_AWARE_PSEUDO_REAL_TIME; HISTORICAL_PREDICTOR_VALUE_VINTAGES_UNVERIFIED
D0,2023Q3,H2,industrial_production,54,0.069516475263710756,AVAILABILITY_AWARE_PSEUDO_REAL_TIME; HISTORICAL_PREDICTOR_VALUE_VINTAGES_UNVERIFIED
D0,2023Q3,H2,ppi,54,0.0084794581229206308,AVAILABILITY_AWARE_PSEUDO_REAL_TIME; HISTORICAL_PREDICTOR_VALUE_VINTAGES_UNVERIFIED
D0,2023Q3,H2,usd_uzs,54,-0.12254395757074164,AVAILABILITY_AWARE_PSEUDO_REAL_TIME; HISTORICAL_PREDICTOR_VALUE_VINTAGES_UNVERIFIED
D0,2023Q3,H2,rub_uzs,54,0.097283234268066579,AVAILABILITY_AWARE_PSEUDO_REAL_TIME; HISTORICAL_PREDICTOR_VALUE_VINTAGES_UNVERIFIED
D0,2023Q3,H2,gold_price,54,-0.10653296759839236,AVAILABILITY_AWARE_PSEUDO_REAL_TIME; HISTORICAL_PREDICTOR_VALUE_VINTAGES_UNVERIFIED
D0,2023Q3,H2,fx_reserves_ex_gold,54,-0.3203841853513647,AVAILABILITY_AWARE_PSEUDO_REAL_TIME; HISTORICAL_PREDICTOR_VALUE_VINTAGES_UNVERIFIED
D0,2023Q3,H2,pos_turnover,54,0.7421656189588427,AVAILABILITY_AWARE_PSEUDO_REAL_TIME; HISTORICAL_PREDICTOR_VALUE_VINTAGES_UNVERIFIED
D2,2023Q3,H2,industrial_production,52,0.04166200645223353,AVAILABILITY_AWARE_PSEUDO_REAL_TIME; HISTORICAL_PREDICTOR_VALUE_VINTAGES_UNVERIFIED
D2,2023Q3,H2,ppi,52,0.10491213780530753,AVAILABILITY_AWARE_PSEUDO_REAL_TIME; HISTORICAL_PREDICTOR_VALUE_VINTAGES_UNVERIFIED
D2,2023Q3,H2,usd_uzs,52,-0.10303306297474984,AVAILABILITY_AWARE_PSEUDO_REAL_TIME; HISTORICAL_PREDICTOR_VALUE_VINTAGES_UNVERIFIED
D2,2023Q3,H2,rub_uzs,52,-0.10308635678079846,AVAILABILITY_AWARE_PSEUDO_REAL_TIME; HISTORICAL_PREDICTOR_VALUE_VINTAGES_UNVERIFIED
D2,2023Q3,H2,gold_price,52,0.004769700188095102,AVAILABILITY_AWARE_PSEUDO_REAL_TIME; HISTORICAL_PREDICTOR_VALUE_VINTAGES_UNVERIFIED
D2,2023Q3,H2,fx_reserves_ex_gold,52,-0.45315033745851274,AVAILABILITY_AWARE_PSEUDO_REAL_TIME; HISTORICAL_PREDICTOR_VALUE_VINTAGES_UNVERIFIED
D2,2023Q3,H2,pos_turnover,52,0.75062219054717116,AVAILABILITY_AWARE_PSEUDO_REAL_TIME; HISTORICAL_PREDICTOR_VALUE_VINTAGES_UNVERIFIED
D0,2023Q3,H3,industrial_production,54,0.069516475263710756,AVAILABILITY_AWARE_PSEUDO_REAL_TIME; HISTORICAL_PREDICTOR_VALUE_VINTAGES_UNVERIFIED
D0,2023Q3,H3,ppi,54,0.0084794581229206308,AVAILABILITY_AWARE_PSEUDO_REAL_TIME; HISTORICAL_PREDICTOR_VALUE_VINTAGES_UNVERIFIED
D0,2023Q3,H3,usd_uzs,54,-0.12254395757074164,AVAILABILITY_AWARE_PSEUDO_REAL_TIME; HISTORICAL_PREDICTOR_VALUE_VINTAGES_UNVERIFIED
D0,2023Q3,H3,rub_uzs,54,0.097283234268066579,AVAILABILITY_AWARE_PSEUDO_REAL_TIME; HISTORICAL_PREDICTOR_VALUE_VINTAGES_UNVERIFIED
D0,2023Q3,H3,gold_price,54,-0.10653296759839236,AVAILABILITY_AWARE_PSEUDO_REAL_TIME; HISTORICAL_PREDICTOR_VALUE_VINTAGES_UNVERIFIED
D0,2023Q3,H3,fx_reserves_ex_gold,54,-0.3203841853513647,AVAILABILITY_AWARE_PSEUDO_REAL_TIME; HISTORICAL_PREDICTOR_VALUE_VINTAGES_UNVERIFIED
D0,2023Q3,H3,pos_turnover,54,0.7421656189588427,AVAILABILITY_AWARE_PSEUDO_REAL_TIME; HISTORICAL_PREDICTOR_VALUE_VINTAGES_UNVERIFIED
D2,2023Q3,H3,industrial_production,52,0.04166200645223353,AVAILABILITY_AWARE_PSEUDO_REAL_TIME; HISTORICAL_PREDICTOR_VALUE_VINTAGES_UNVERIFIED
D2,2023Q3,H3,ppi,52,0.10491213780530753,AVAILABILITY_AWARE_PSEUDO_REAL_TIME; HISTORICAL_PREDICTOR_VALUE_VINTAGES_UNVERIFIED
D2,2023Q3,H3,usd_uzs,52,-0.10303306297474984,AVAILABILITY_AWARE_PSEUDO_REAL_TIME; HISTORICAL_PREDICTOR_VALUE_VINTAGES_UNVERIFIED
D2,2023Q3,H3,rub_uzs,52,-0.10308635678079846,AVAILABILITY_AWARE_PSEUDO_REAL_TIME; HISTORICAL_PREDICTOR_VALUE_VINTAGES_UNVERIFIED
D2,2023Q3,H3,gold_price,52,0.004769700188095102,AVAILABILITY_AWARE_PSEUDO_REAL_TIME; HISTORICAL_PREDICTOR_VALUE_VINTAGES_UNVERIFIED
D2,2023Q3,H3,fx_reserves_ex_gold,52,-0.45315033745851274,AVAILABILITY_AWARE_PSEUDO_REAL_TIME; HISTORICAL_PREDICTOR_VALUE_VINTAGES_UNVERIFIED
D2,2023Q3,H3,pos_turnover,52,0.75062219054717116,AVAILABILITY_AWARE_PSEUDO_REAL_TIME; HISTORICAL_PREDICTOR_VALUE_VINTAGES_UNVERIFIED
D0,2023Q4,H1,industrial_production,56,0.064081124897939046,AVAILABILITY_AWARE_PSEUDO_REAL_TIME; HISTORICAL_PREDICTOR_VALUE_VINTAGES_UNVERIFIED
D0,2023Q4,H1,ppi,57,0.019327487054984053,AVAILABILITY_AWARE_PSEUDO_REAL_TIME; HISTORICAL_PREDICTOR_VALUE_VINTAGES_UNVERIFIED
D0,2023Q4,H1,usd_uzs,57,-0.14779186281150575,AVAILABILITY_AWARE_PSEUDO_REAL_TIME; HISTORICAL_PREDICTOR_VALUE_VINTAGES_UNVERIFIED
D0,2023Q4,H1,rub_uzs,57,0.10308750363817142,AVAILABILITY_AWARE_PSEUDO_REAL_TIME; HISTORICAL_PREDICTOR_VALUE_VINTAGES_UNVERIFIED
D0,2023Q4,H1,gold_price,57,-0.094646572500756587,AVAILABILITY_AWARE_PSEUDO_REAL_TIME; HISTORICAL_PREDICTOR_VALUE_VINTAGES_UNVERIFIED
D0,2023Q4,H1,fx_reserves_ex_gold,57,-0.21593211036209153,AVAILABILITY_AWARE_PSEUDO_REAL_TIME; HISTORICAL_PREDICTOR_VALUE_VINTAGES_UNVERIFIED
D0,2023Q4,H1,pos_turnover,57,0.71936194854830526,AVAILABILITY_AWARE_PSEUDO_REAL_TIME; HISTORICAL_PREDICTOR_VALUE_VINTAGES_UNVERIFIED
D2,2023Q4,H1,industrial_production,54,0.028254714192146396,AVAILABILITY_AWARE_PSEUDO_REAL_TIME; HISTORICAL_PREDICTOR_VALUE_VINTAGES_UNVERIFIED
D2,2023Q4,H1,ppi,55,0.11875924782277933,AVAILABILITY_AWARE_PSEUDO_REAL_TIME; HISTORICAL_PREDICTOR_VALUE_VINTAGES_UNVERIFIED
D2,2023Q4,H1,usd_uzs,55,-0.13310114599348491,AVAILABILITY_AWARE_PSEUDO_REAL_TIME; HISTORICAL_PREDICTOR_VALUE_VINTAGES_UNVERIFIED
D2,2023Q4,H1,rub_uzs,55,-0.077062956422615889,AVAILABILITY_AWARE_PSEUDO_REAL_TIME; HISTORICAL_PREDICTOR_VALUE_VINTAGES_UNVERIFIED
D2,2023Q4,H1,gold_price,55,0.016749397762174455,AVAILABILITY_AWARE_PSEUDO_REAL_TIME; HISTORICAL_PREDICTOR_VALUE_VINTAGES_UNVERIFIED
D2,2023Q4,H1,fx_reserves_ex_gold,55,-0.32916995706355606,AVAILABILITY_AWARE_PSEUDO_REAL_TIME; HISTORICAL_PREDICTOR_VALUE_VINTAGES_UNVERIFIED
D2,2023Q4,H1,pos_turnover,55,0.71343377488904458,AVAILABILITY_AWARE_PSEUDO_REAL_TIME; HISTORICAL_PREDICTOR_VALUE_VINTAGES_UNVERIFIED
D0,2023Q4,H2,industrial_production,57,0.056053903296991232,AVAILABILITY_AWARE_PSEUDO_REAL_TIME; HISTORICAL_PREDICTOR_VALUE_VINTAGES_UNVERIFIED
D0,2023Q4,H2,ppi,57,0.019327487054984053,AVAILABILITY_AWARE_PSEUDO_REAL_TIME; HISTORICAL_PREDICTOR_VALUE_VINTAGES_UNVERIFIED
D0,2023Q4,H2,usd_uzs,57,-0.14779186281150575,AVAILABILITY_AWARE_PSEUDO_REAL_TIME; HISTORICAL_PREDICTOR_VALUE_VINTAGES_UNVERIFIED
D0,2023Q4,H2,rub_uzs,57,0.10308750363817142,AVAILABILITY_AWARE_PSEUDO_REAL_TIME; HISTORICAL_PREDICTOR_VALUE_VINTAGES_UNVERIFIED
D0,2023Q4,H2,gold_price,57,-0.094646572500756587,AVAILABILITY_AWARE_PSEUDO_REAL_TIME; HISTORICAL_PREDICTOR_VALUE_VINTAGES_UNVERIFIED
D0,2023Q4,H2,fx_reserves_ex_gold,57,-0.21593211036209153,AVAILABILITY_AWARE_PSEUDO_REAL_TIME; HISTORICAL_PREDICTOR_VALUE_VINTAGES_UNVERIFIED
D0,2023Q4,H2,pos_turnover,57,0.71936194854830526,AVAILABILITY_AWARE_PSEUDO_REAL_TIME; HISTORICAL_PREDICTOR_VALUE_VINTAGES_UNVERIFIED
D2,2023Q4,H2,industrial_production,55,0.025146625476480271,AVAILABILITY_AWARE_PSEUDO_REAL_TIME; HISTORICAL_PREDICTOR_VALUE_VINTAGES_UNVERIFIED
D2,2023Q4,H2,ppi,55,0.11875924782277933,AVAILABILITY_AWARE_PSEUDO_REAL_TIME; HISTORICAL_PREDICTOR_VALUE_VINTAGES_UNVERIFIED
D2,2023Q4,H2,usd_uzs,55,-0.13310114599348491,AVAILABILITY_AWARE_PSEUDO_REAL_TIME; HISTORICAL_PREDICTOR_VALUE_VINTAGES_UNVERIFIED
D2,2023Q4,H2,rub_uzs,55,-0.077062956422615889,AVAILABILITY_AWARE_PSEUDO_REAL_TIME; HISTORICAL_PREDICTOR_VALUE_VINTAGES_UNVERIFIED
D2,2023Q4,H2,gold_price,55,0.016749397762174455,AVAILABILITY_AWARE_PSEUDO_REAL_TIME; HISTORICAL_PREDICTOR_VALUE_VINTAGES_UNVERIFIED
D2,2023Q4,H2,fx_reserves_ex_gold,55,-0.32916995706355606,AVAILABILITY_AWARE_PSEUDO_REAL_TIME; HISTORICAL_PREDICTOR_VALUE_VINTAGES_UNVERIFIED
D2,2023Q4,H2,pos_turnover,55,0.71343377488904458,AVAILABILITY_AWARE_PSEUDO_REAL_TIME; HISTORICAL_PREDICTOR_VALUE_VINTAGES_UNVERIFIED
D0,2023Q4,H3,industrial_production,57,0.056053903296991232,AVAILABILITY_AWARE_PSEUDO_REAL_TIME; HISTORICAL_PREDICTOR_VALUE_VINTAGES_UNVERIFIED
D0,2023Q4,H3,ppi,57,0.019327487054984053,AVAILABILITY_AWARE_PSEUDO_REAL_TIME; HISTORICAL_PREDICTOR_VALUE_VINTAGES_UNVERIFIED
D0,2023Q4,H3,usd_uzs,57,-0.14779186281150575,AVAILABILITY_AWARE_PSEUDO_REAL_TIME; HISTORICAL_PREDICTOR_VALUE_VINTAGES_UNVERIFIED
D0,2023Q4,H3,rub_uzs,57,0.10308750363817142,AVAILABILITY_AWARE_PSEUDO_REAL_TIME; HISTORICAL_PREDICTOR_VALUE_VINTAGES_UNVERIFIED
D0,2023Q4,H3,gold_price,57,-0.094646572500756587,AVAILABILITY_AWARE_PSEUDO_REAL_TIME; HISTORICAL_PREDICTOR_VALUE_VINTAGES_UNVERIFIED
D0,2023Q4,H3,fx_reserves_ex_gold,57,-0.21593211036209153,AVAILABILITY_AWARE_PSEUDO_REAL_TIME; HISTORICAL_PREDICTOR_VALUE_VINTAGES_UNVERIFIED
D0,2023Q4,H3,pos_turnover,57,0.71936194854830526,AVAILABILITY_AWARE_PSEUDO_REAL_TIME; HISTORICAL_PREDICTOR_VALUE_VINTAGES_UNVERIFIED
D2,2023Q4,H3,industrial_production,55,0.025146625476480271,AVAILABILITY_AWARE_PSEUDO_REAL_TIME; HISTORICAL_PREDICTOR_VALUE_VINTAGES_UNVERIFIED
D2,2023Q4,H3,ppi,55,0.11875924782277933,AVAILABILITY_AWARE_PSEUDO_REAL_TIME; HISTORICAL_PREDICTOR_VALUE_VINTAGES_UNVERIFIED
D2,2023Q4,H3,usd_uzs,55,-0.13310114599348491,AVAILABILITY_AWARE_PSEUDO_REAL_TIME; HISTORICAL_PREDICTOR_VALUE_VINTAGES_UNVERIFIED
D2,2023Q4,H3,rub_uzs,55,-0.077062956422615889,AVAILABILITY_AWARE_PSEUDO_REAL_TIME; HISTORICAL_PREDICTOR_VALUE_VINTAGES_UNVERIFIED
D2,2023Q4,H3,gold_price,55,0.016749397762174455,AVAILABILITY_AWARE_PSEUDO_REAL_TIME; HISTORICAL_PREDICTOR_VALUE_VINTAGES_UNVERIFIED
D2,2023Q4,H3,fx_reserves_ex_gold,55,-0.32916995706355606,AVAILABILITY_AWARE_PSEUDO_REAL_TIME; HISTORICAL_PREDICTOR_VALUE_VINTAGES_UNVERIFIED
D2,2023Q4,H3,pos_turnover,55,0.71343377488904458,AVAILABILITY_AWARE_PSEUDO_REAL_TIME; HISTORICAL_PREDICTOR_VALUE_VINTAGES_UNVERIFIED
D0,2024Q1,H1,industrial_production,59,0.038508585795056081,AVAILABILITY_AWARE_PSEUDO_REAL_TIME; HISTORICAL_PREDICTOR_VALUE_VINTAGES_UNVERIFIED
D0,2024Q1,H1,ppi,60,-0.024067335040659339,AVAILABILITY_AWARE_PSEUDO_REAL_TIME; HISTORICAL_PREDICTOR_VALUE_VINTAGES_UNVERIFIED
D0,2024Q1,H1,usd_uzs,60,-0.13594965803543926,AVAILABILITY_AWARE_PSEUDO_REAL_TIME; HISTORICAL_PREDICTOR_VALUE_VINTAGES_UNVERIFIED
D0,2024Q1,H1,rub_uzs,60,0.077044813804124063,AVAILABILITY_AWARE_PSEUDO_REAL_TIME; HISTORICAL_PREDICTOR_VALUE_VINTAGES_UNVERIFIED
D0,2024Q1,H1,gold_price,60,-0.11408528501828551,AVAILABILITY_AWARE_PSEUDO_REAL_TIME; HISTORICAL_PREDICTOR_VALUE_VINTAGES_UNVERIFIED
D0,2024Q1,H1,fx_reserves_ex_gold,60,-0.16404167981715689,AVAILABILITY_AWARE_PSEUDO_REAL_TIME; HISTORICAL_PREDICTOR_VALUE_VINTAGES_UNVERIFIED
D0,2024Q1,H1,pos_turnover,60,0.69968303287809663,AVAILABILITY_AWARE_PSEUDO_REAL_TIME; HISTORICAL_PREDICTOR_VALUE_VINTAGES_UNVERIFIED
D2,2024Q1,H1,industrial_production,57,0.014356060987494677,AVAILABILITY_AWARE_PSEUDO_REAL_TIME; HISTORICAL_PREDICTOR_VALUE_VINTAGES_UNVERIFIED
D2,2024Q1,H1,ppi,58,0.086121174585732638,AVAILABILITY_AWARE_PSEUDO_REAL_TIME; HISTORICAL_PREDICTOR_VALUE_VINTAGES_UNVERIFIED
D2,2024Q1,H1,usd_uzs,58,-0.12612986828034875,AVAILABILITY_AWARE_PSEUDO_REAL_TIME; HISTORICAL_PREDICTOR_VALUE_VINTAGES_UNVERIFIED
D2,2024Q1,H1,rub_uzs,58,-0.093708783860334571,AVAILABILITY_AWARE_PSEUDO_REAL_TIME; HISTORICAL_PREDICTOR_VALUE_VINTAGES_UNVERIFIED
D2,2024Q1,H1,gold_price,58,-0.0056772590582471107,AVAILABILITY_AWARE_PSEUDO_REAL_TIME; HISTORICAL_PREDICTOR_VALUE_VINTAGES_UNVERIFIED
D2,2024Q1,H1,fx_reserves_ex_gold,58,-0.28843206519913628,AVAILABILITY_AWARE_PSEUDO_REAL_TIME; HISTORICAL_PREDICTOR_VALUE_VINTAGES_UNVERIFIED
D2,2024Q1,H1,pos_turnover,58,0.70183772248593213,AVAILABILITY_AWARE_PSEUDO_REAL_TIME; HISTORICAL_PREDICTOR_VALUE_VINTAGES_UNVERIFIED
D0,2024Q1,H2,industrial_production,60,0.030550998437207395,AVAILABILITY_AWARE_PSEUDO_REAL_TIME; HISTORICAL_PREDICTOR_VALUE_VINTAGES_UNVERIFIED
D0,2024Q1,H2,ppi,60,-0.024067335040659339,AVAILABILITY_AWARE_PSEUDO_REAL_TIME; HISTORICAL_PREDICTOR_VALUE_VINTAGES_UNVERIFIED
D0,2024Q1,H2,usd_uzs,60,-0.13594965803543926,AVAILABILITY_AWARE_PSEUDO_REAL_TIME; HISTORICAL_PREDICTOR_VALUE_VINTAGES_UNVERIFIED
D0,2024Q1,H2,rub_uzs,60,0.077044813804124063,AVAILABILITY_AWARE_PSEUDO_REAL_TIME; HISTORICAL_PREDICTOR_VALUE_VINTAGES_UNVERIFIED
D0,2024Q1,H2,gold_price,60,-0.11408528501828551,AVAILABILITY_AWARE_PSEUDO_REAL_TIME; HISTORICAL_PREDICTOR_VALUE_VINTAGES_UNVERIFIED
D0,2024Q1,H2,fx_reserves_ex_gold,60,-0.16404167981715689,AVAILABILITY_AWARE_PSEUDO_REAL_TIME; HISTORICAL_PREDICTOR_VALUE_VINTAGES_UNVERIFIED
D0,2024Q1,H2,pos_turnover,60,0.69968303287809663,AVAILABILITY_AWARE_PSEUDO_REAL_TIME; HISTORICAL_PREDICTOR_VALUE_VINTAGES_UNVERIFIED
D2,2024Q1,H2,industrial_production,58,0.0074850868911936564,AVAILABILITY_AWARE_PSEUDO_REAL_TIME; HISTORICAL_PREDICTOR_VALUE_VINTAGES_UNVERIFIED
D2,2024Q1,H2,ppi,58,0.086121174585732638,AVAILABILITY_AWARE_PSEUDO_REAL_TIME; HISTORICAL_PREDICTOR_VALUE_VINTAGES_UNVERIFIED
D2,2024Q1,H2,usd_uzs,58,-0.12612986828034875,AVAILABILITY_AWARE_PSEUDO_REAL_TIME; HISTORICAL_PREDICTOR_VALUE_VINTAGES_UNVERIFIED
D2,2024Q1,H2,rub_uzs,58,-0.093708783860334571,AVAILABILITY_AWARE_PSEUDO_REAL_TIME; HISTORICAL_PREDICTOR_VALUE_VINTAGES_UNVERIFIED
D2,2024Q1,H2,gold_price,58,-0.0056772590582471107,AVAILABILITY_AWARE_PSEUDO_REAL_TIME; HISTORICAL_PREDICTOR_VALUE_VINTAGES_UNVERIFIED
D2,2024Q1,H2,fx_reserves_ex_gold,58,-0.28843206519913628,AVAILABILITY_AWARE_PSEUDO_REAL_TIME; HISTORICAL_PREDICTOR_VALUE_VINTAGES_UNVERIFIED
D2,2024Q1,H2,pos_turnover,58,0.70183772248593213,AVAILABILITY_AWARE_PSEUDO_REAL_TIME; HISTORICAL_PREDICTOR_VALUE_VINTAGES_UNVERIFIED
D0,2024Q1,H3,industrial_production,60,0.030550998437207395,AVAILABILITY_AWARE_PSEUDO_REAL_TIME; HISTORICAL_PREDICTOR_VALUE_VINTAGES_UNVERIFIED
D0,2024Q1,H3,ppi,60,-0.024067335040659339,AVAILABILITY_AWARE_PSEUDO_REAL_TIME; HISTORICAL_PREDICTOR_VALUE_VINTAGES_UNVERIFIED
D0,2024Q1,H3,usd_uzs,60,-0.13594965803543926,AVAILABILITY_AWARE_PSEUDO_REAL_TIME; HISTORICAL_PREDICTOR_VALUE_VINTAGES_UNVERIFIED
D0,2024Q1,H3,rub_uzs,60,0.077044813804124063,AVAILABILITY_AWARE_PSEUDO_REAL_TIME; HISTORICAL_PREDICTOR_VALUE_VINTAGES_UNVERIFIED
D0,2024Q1,H3,gold_price,60,-0.11408528501828551,AVAILABILITY_AWARE_PSEUDO_REAL_TIME; HISTORICAL_PREDICTOR_VALUE_VINTAGES_UNVERIFIED
D0,2024Q1,H3,fx_reserves_ex_gold,60,-0.16404167981715689,AVAILABILITY_AWARE_PSEUDO_REAL_TIME; HISTORICAL_PREDICTOR_VALUE_VINTAGES_UNVERIFIED
D0,2024Q1,H3,pos_turnover,60,0.69968303287809663,AVAILABILITY_AWARE_PSEUDO_REAL_TIME; HISTORICAL_PREDICTOR_VALUE_VINTAGES_UNVERIFIED
D2,2024Q1,H3,industrial_production,58,0.0074850868911936564,AVAILABILITY_AWARE_PSEUDO_REAL_TIME; HISTORICAL_PREDICTOR_VALUE_VINTAGES_UNVERIFIED
D2,2024Q1,H3,ppi,58,0.086121174585732638,AVAILABILITY_AWARE_PSEUDO_REAL_TIME; HISTORICAL_PREDICTOR_VALUE_VINTAGES_UNVERIFIED
D2,2024Q1,H3,usd_uzs,58,-0.12612986828034875,AVAILABILITY_AWARE_PSEUDO_REAL_TIME; HISTORICAL_PREDICTOR_VALUE_VINTAGES_UNVERIFIED
D2,2024Q1,H3,rub_uzs,58,-0.093708783860334571,AVAILABILITY_AWARE_PSEUDO_REAL_TIME; HISTORICAL_PREDICTOR_VALUE_VINTAGES_UNVERIFIED
D2,2024Q1,H3,gold_price,58,-0.0056772590582471107,AVAILABILITY_AWARE_PSEUDO_REAL_TIME; HISTORICAL_PREDICTOR_VALUE_VINTAGES_UNVERIFIED
D2,2024Q1,H3,fx_reserves_ex_gold,58,-0.28843206519913628,AVAILABILITY_AWARE_PSEUDO_REAL_TIME; HISTORICAL_PREDICTOR_VALUE_VINTAGES_UNVERIFIED
D2,2024Q1,H3,pos_turnover,58,0.70183772248593213,AVAILABILITY_AWARE_PSEUDO_REAL_TIME; HISTORICAL_PREDICTOR_VALUE_VINTAGES_UNVERIFIED
D0,2024Q2,H1,industrial_production,62,-0.03911636849240948,AVAILABILITY_AWARE_PSEUDO_REAL_TIME; HISTORICAL_PREDICTOR_VALUE_VINTAGES_UNVERIFIED
D0,2024Q2,H1,ppi,63,-0.028352151900153045,AVAILABILITY_AWARE_PSEUDO_REAL_TIME; HISTORICAL_PREDICTOR_VALUE_VINTAGES_UNVERIFIED
D0,2024Q2,H1,usd_uzs,63,-0.13162269841052682,AVAILABILITY_AWARE_PSEUDO_REAL_TIME; HISTORICAL_PREDICTOR_VALUE_VINTAGES_UNVERIFIED
D0,2024Q2,H1,rub_uzs,63,0.073986338973797056,AVAILABILITY_AWARE_PSEUDO_REAL_TIME; HISTORICAL_PREDICTOR_VALUE_VINTAGES_UNVERIFIED
D0,2024Q2,H1,gold_price,63,-0.10968332480546902,AVAILABILITY_AWARE_PSEUDO_REAL_TIME; HISTORICAL_PREDICTOR_VALUE_VINTAGES_UNVERIFIED
D0,2024Q2,H1,fx_reserves_ex_gold,63,-0.11041774599727455,AVAILABILITY_AWARE_PSEUDO_REAL_TIME; HISTORICAL_PREDICTOR_VALUE_VINTAGES_UNVERIFIED
D0,2024Q2,H1,pos_turnover,63,0.6835257681263881,AVAILABILITY_AWARE_PSEUDO_REAL_TIME; HISTORICAL_PREDICTOR_VALUE_VINTAGES_UNVERIFIED
D2,2024Q2,H1,industrial_production,60,-0.093296035705874691,AVAILABILITY_AWARE_PSEUDO_REAL_TIME; HISTORICAL_PREDICTOR_VALUE_VINTAGES_UNVERIFIED
D2,2024Q2,H1,ppi,61,0.076751803228027299,AVAILABILITY_AWARE_PSEUDO_REAL_TIME; HISTORICAL_PREDICTOR_VALUE_VINTAGES_UNVERIFIED
D2,2024Q2,H1,usd_uzs,61,-0.11748297714153949,AVAILABILITY_AWARE_PSEUDO_REAL_TIME; HISTORICAL_PREDICTOR_VALUE_VINTAGES_UNVERIFIED
D2,2024Q2,H1,rub_uzs,61,-0.093499575277753405,AVAILABILITY_AWARE_PSEUDO_REAL_TIME; HISTORICAL_PREDICTOR_VALUE_VINTAGES_UNVERIFIED
D2,2024Q2,H1,gold_price,61,-0.025523876017974841,AVAILABILITY_AWARE_PSEUDO_REAL_TIME; HISTORICAL_PREDICTOR_VALUE_VINTAGES_UNVERIFIED
D2,2024Q2,H1,fx_reserves_ex_gold,61,-0.19129036962736998,AVAILABILITY_AWARE_PSEUDO_REAL_TIME; HISTORICAL_PREDICTOR_VALUE_VINTAGES_UNVERIFIED
D2,2024Q2,H1,pos_turnover,61,0.67170140239148657,AVAILABILITY_AWARE_PSEUDO_REAL_TIME; HISTORICAL_PREDICTOR_VALUE_VINTAGES_UNVERIFIED
D0,2024Q2,H2,industrial_production,63,-0.040447661946196679,AVAILABILITY_AWARE_PSEUDO_REAL_TIME; HISTORICAL_PREDICTOR_VALUE_VINTAGES_UNVERIFIED
D0,2024Q2,H2,ppi,63,-0.028352151900153045,AVAILABILITY_AWARE_PSEUDO_REAL_TIME; HISTORICAL_PREDICTOR_VALUE_VINTAGES_UNVERIFIED
D0,2024Q2,H2,usd_uzs,63,-0.13162269841052682,AVAILABILITY_AWARE_PSEUDO_REAL_TIME; HISTORICAL_PREDICTOR_VALUE_VINTAGES_UNVERIFIED
D0,2024Q2,H2,rub_uzs,63,0.073986338973797056,AVAILABILITY_AWARE_PSEUDO_REAL_TIME; HISTORICAL_PREDICTOR_VALUE_VINTAGES_UNVERIFIED
D0,2024Q2,H2,gold_price,63,-0.10968332480546902,AVAILABILITY_AWARE_PSEUDO_REAL_TIME; HISTORICAL_PREDICTOR_VALUE_VINTAGES_UNVERIFIED
D0,2024Q2,H2,fx_reserves_ex_gold,63,-0.11041774599727455,AVAILABILITY_AWARE_PSEUDO_REAL_TIME; HISTORICAL_PREDICTOR_VALUE_VINTAGES_UNVERIFIED
D0,2024Q2,H2,pos_turnover,63,0.6835257681263881,AVAILABILITY_AWARE_PSEUDO_REAL_TIME; HISTORICAL_PREDICTOR_VALUE_VINTAGES_UNVERIFIED
D2,2024Q2,H2,industrial_production,61,-0.099158468290281063,AVAILABILITY_AWARE_PSEUDO_REAL_TIME; HISTORICAL_PREDICTOR_VALUE_VINTAGES_UNVERIFIED
D2,2024Q2,H2,ppi,61,0.076751803228027299,AVAILABILITY_AWARE_PSEUDO_REAL_TIME; HISTORICAL_PREDICTOR_VALUE_VINTAGES_UNVERIFIED
D2,2024Q2,H2,usd_uzs,61,-0.11748297714153949,AVAILABILITY_AWARE_PSEUDO_REAL_TIME; HISTORICAL_PREDICTOR_VALUE_VINTAGES_UNVERIFIED
D2,2024Q2,H2,rub_uzs,61,-0.093499575277753405,AVAILABILITY_AWARE_PSEUDO_REAL_TIME; HISTORICAL_PREDICTOR_VALUE_VINTAGES_UNVERIFIED
D2,2024Q2,H2,gold_price,61,-0.025523876017974841,AVAILABILITY_AWARE_PSEUDO_REAL_TIME; HISTORICAL_PREDICTOR_VALUE_VINTAGES_UNVERIFIED
D2,2024Q2,H2,fx_reserves_ex_gold,61,-0.19129036962736998,AVAILABILITY_AWARE_PSEUDO_REAL_TIME; HISTORICAL_PREDICTOR_VALUE_VINTAGES_UNVERIFIED
D2,2024Q2,H2,pos_turnover,61,0.67170140239148657,AVAILABILITY_AWARE_PSEUDO_REAL_TIME; HISTORICAL_PREDICTOR_VALUE_VINTAGES_UNVERIFIED
D0,2024Q2,H3,industrial_production,63,-0.040447661946196679,AVAILABILITY_AWARE_PSEUDO_REAL_TIME; HISTORICAL_PREDICTOR_VALUE_VINTAGES_UNVERIFIED
D0,2024Q2,H3,ppi,63,-0.028352151900153045,AVAILABILITY_AWARE_PSEUDO_REAL_TIME; HISTORICAL_PREDICTOR_VALUE_VINTAGES_UNVERIFIED
D0,2024Q2,H3,usd_uzs,63,-0.13162269841052682,AVAILABILITY_AWARE_PSEUDO_REAL_TIME; HISTORICAL_PREDICTOR_VALUE_VINTAGES_UNVERIFIED
D0,2024Q2,H3,rub_uzs,63,0.073986338973797056,AVAILABILITY_AWARE_PSEUDO_REAL_TIME; HISTORICAL_PREDICTOR_VALUE_VINTAGES_UNVERIFIED
D0,2024Q2,H3,gold_price,63,-0.10968332480546902,AVAILABILITY_AWARE_PSEUDO_REAL_TIME; HISTORICAL_PREDICTOR_VALUE_VINTAGES_UNVERIFIED
D0,2024Q2,H3,fx_reserves_ex_gold,63,-0.11041774599727455,AVAILABILITY_AWARE_PSEUDO_REAL_TIME; HISTORICAL_PREDICTOR_VALUE_VINTAGES_UNVERIFIED
D0,2024Q2,H3,pos_turnover,63,0.6835257681263881,AVAILABILITY_AWARE_PSEUDO_REAL_TIME; HISTORICAL_PREDICTOR_VALUE_VINTAGES_UNVERIFIED
D2,2024Q2,H3,industrial_production,61,-0.099158468290281063,AVAILABILITY_AWARE_PSEUDO_REAL_TIME; HISTORICAL_PREDICTOR_VALUE_VINTAGES_UNVERIFIED
D2,2024Q2,H3,ppi,61,0.076751803228027299,AVAILABILITY_AWARE_PSEUDO_REAL_TIME; HISTORICAL_PREDICTOR_VALUE_VINTAGES_UNVERIFIED
D2,2024Q2,H3,usd_uzs,61,-0.11748297714153949,AVAILABILITY_AWARE_PSEUDO_REAL_TIME; HISTORICAL_PREDICTOR_VALUE_VINTAGES_UNVERIFIED
D2,2024Q2,H3,rub_uzs,61,-0.093499575277753405,AVAILABILITY_AWARE_PSEUDO_REAL_TIME; HISTORICAL_PREDICTOR_VALUE_VINTAGES_UNVERIFIED
D2,2024Q2,H3,gold_price,61,-0.025523876017974841,AVAILABILITY_AWARE_PSEUDO_REAL_TIME; HISTORICAL_PREDICTOR_VALUE_VINTAGES_UNVERIFIED
D2,2024Q2,H3,fx_reserves_ex_gold,61,-0.19129036962736998,AVAILABILITY_AWARE_PSEUDO_REAL_TIME; HISTORICAL_PREDICTOR_VALUE_VINTAGES_UNVERIFIED
D2,2024Q2,H3,pos_turnover,61,0.67170140239148657,AVAILABILITY_AWARE_PSEUDO_REAL_TIME; HISTORICAL_PREDICTOR_VALUE_VINTAGES_UNVERIFIED
D0,2024Q3,H1,industrial_production,65,-0.038780451437353869,AVAILABILITY_AWARE_PSEUDO_REAL_TIME; HISTORICAL_PREDICTOR_VALUE_VINTAGES_UNVERIFIED
D0,2024Q3,H1,ppi,66,-0.029291188563532675,AVAILABILITY_AWARE_PSEUDO_REAL_TIME; HISTORICAL_PREDICTOR_VALUE_VINTAGES_UNVERIFIED
D0,2024Q3,H1,usd_uzs,66,-0.14285536948324179,AVAILABILITY_AWARE_PSEUDO_REAL_TIME; HISTORICAL_PREDICTOR_VALUE_VINTAGES_UNVERIFIED
D0,2024Q3,H1,rub_uzs,66,0.079542754364051976,AVAILABILITY_AWARE_PSEUDO_REAL_TIME; HISTORICAL_PREDICTOR_VALUE_VINTAGES_UNVERIFIED
D0,2024Q3,H1,gold_price,66,-0.11836438833827512,AVAILABILITY_AWARE_PSEUDO_REAL_TIME; HISTORICAL_PREDICTOR_VALUE_VINTAGES_UNVERIFIED
D0,2024Q3,H1,fx_reserves_ex_gold,66,-0.10912503747365022,AVAILABILITY_AWARE_PSEUDO_REAL_TIME; HISTORICAL_PREDICTOR_VALUE_VINTAGES_UNVERIFIED
D0,2024Q3,H1,pos_turnover,66,0.66983039928961818,AVAILABILITY_AWARE_PSEUDO_REAL_TIME; HISTORICAL_PREDICTOR_VALUE_VINTAGES_UNVERIFIED
D2,2024Q3,H1,industrial_production,63,-0.11002573726466762,AVAILABILITY_AWARE_PSEUDO_REAL_TIME; HISTORICAL_PREDICTOR_VALUE_VINTAGES_UNVERIFIED
D2,2024Q3,H1,ppi,64,0.06631018491262404,AVAILABILITY_AWARE_PSEUDO_REAL_TIME; HISTORICAL_PREDICTOR_VALUE_VINTAGES_UNVERIFIED
D2,2024Q3,H1,usd_uzs,64,-0.11293924590061838,AVAILABILITY_AWARE_PSEUDO_REAL_TIME; HISTORICAL_PREDICTOR_VALUE_VINTAGES_UNVERIFIED
D2,2024Q3,H1,rub_uzs,64,-0.094726839395093188,AVAILABILITY_AWARE_PSEUDO_REAL_TIME; HISTORICAL_PREDICTOR_VALUE_VINTAGES_UNVERIFIED
D2,2024Q3,H1,gold_price,64,-0.041405929807288314,AVAILABILITY_AWARE_PSEUDO_REAL_TIME; HISTORICAL_PREDICTOR_VALUE_VINTAGES_UNVERIFIED
D2,2024Q3,H1,fx_reserves_ex_gold,64,-0.18016302546408575,AVAILABILITY_AWARE_PSEUDO_REAL_TIME; HISTORICAL_PREDICTOR_VALUE_VINTAGES_UNVERIFIED
D2,2024Q3,H1,pos_turnover,64,0.65773726397954657,AVAILABILITY_AWARE_PSEUDO_REAL_TIME; HISTORICAL_PREDICTOR_VALUE_VINTAGES_UNVERIFIED
D0,2024Q3,H2,industrial_production,66,-0.032378772713953806,AVAILABILITY_AWARE_PSEUDO_REAL_TIME; HISTORICAL_PREDICTOR_VALUE_VINTAGES_UNVERIFIED
D0,2024Q3,H2,ppi,66,-0.029291188563532675,AVAILABILITY_AWARE_PSEUDO_REAL_TIME; HISTORICAL_PREDICTOR_VALUE_VINTAGES_UNVERIFIED
D0,2024Q3,H2,usd_uzs,66,-0.14285536948324179,AVAILABILITY_AWARE_PSEUDO_REAL_TIME; HISTORICAL_PREDICTOR_VALUE_VINTAGES_UNVERIFIED
D0,2024Q3,H2,rub_uzs,66,0.079542754364051976,AVAILABILITY_AWARE_PSEUDO_REAL_TIME; HISTORICAL_PREDICTOR_VALUE_VINTAGES_UNVERIFIED
D0,2024Q3,H2,gold_price,66,-0.11836438833827512,AVAILABILITY_AWARE_PSEUDO_REAL_TIME; HISTORICAL_PREDICTOR_VALUE_VINTAGES_UNVERIFIED
D0,2024Q3,H2,fx_reserves_ex_gold,66,-0.10912503747365022,AVAILABILITY_AWARE_PSEUDO_REAL_TIME; HISTORICAL_PREDICTOR_VALUE_VINTAGES_UNVERIFIED
D0,2024Q3,H2,pos_turnover,66,0.66983039928961818,AVAILABILITY_AWARE_PSEUDO_REAL_TIME; HISTORICAL_PREDICTOR_VALUE_VINTAGES_UNVERIFIED
D2,2024Q3,H2,industrial_production,64,-0.11191876675311611,AVAILABILITY_AWARE_PSEUDO_REAL_TIME; HISTORICAL_PREDICTOR_VALUE_VINTAGES_UNVERIFIED
D2,2024Q3,H2,ppi,64,0.06631018491262404,AVAILABILITY_AWARE_PSEUDO_REAL_TIME; HISTORICAL_PREDICTOR_VALUE_VINTAGES_UNVERIFIED
D2,2024Q3,H2,usd_uzs,64,-0.11293924590061838,AVAILABILITY_AWARE_PSEUDO_REAL_TIME; HISTORICAL_PREDICTOR_VALUE_VINTAGES_UNVERIFIED
D2,2024Q3,H2,rub_uzs,64,-0.094726839395093188,AVAILABILITY_AWARE_PSEUDO_REAL_TIME; HISTORICAL_PREDICTOR_VALUE_VINTAGES_UNVERIFIED
D2,2024Q3,H2,gold_price,64,-0.041405929807288314,AVAILABILITY_AWARE_PSEUDO_REAL_TIME; HISTORICAL_PREDICTOR_VALUE_VINTAGES_UNVERIFIED
D2,2024Q3,H2,fx_reserves_ex_gold,64,-0.18016302546408575,AVAILABILITY_AWARE_PSEUDO_REAL_TIME; HISTORICAL_PREDICTOR_VALUE_VINTAGES_UNVERIFIED
D2,2024Q3,H2,pos_turnover,64,0.65773726397954657,AVAILABILITY_AWARE_PSEUDO_REAL_TIME; HISTORICAL_PREDICTOR_VALUE_VINTAGES_UNVERIFIED
D0,2024Q3,H3,industrial_production,66,-0.032378772713953806,AVAILABILITY_AWARE_PSEUDO_REAL_TIME; HISTORICAL_PREDICTOR_VALUE_VINTAGES_UNVERIFIED
D0,2024Q3,H3,ppi,66,-0.029291188563532675,AVAILABILITY_AWARE_PSEUDO_REAL_TIME; HISTORICAL_PREDICTOR_VALUE_VINTAGES_UNVERIFIED
D0,2024Q3,H3,usd_uzs,66,-0.14285536948324179,AVAILABILITY_AWARE_PSEUDO_REAL_TIME; HISTORICAL_PREDICTOR_VALUE_VINTAGES_UNVERIFIED
D0,2024Q3,H3,rub_uzs,66,0.079542754364051976,AVAILABILITY_AWARE_PSEUDO_REAL_TIME; HISTORICAL_PREDICTOR_VALUE_VINTAGES_UNVERIFIED
D0,2024Q3,H3,gold_price,66,-0.11836438833827512,AVAILABILITY_AWARE_PSEUDO_REAL_TIME; HISTORICAL_PREDICTOR_VALUE_VINTAGES_UNVERIFIED
D0,2024Q3,H3,fx_reserves_ex_gold,66,-0.10912503747365022,AVAILABILITY_AWARE_PSEUDO_REAL_TIME; HISTORICAL_PREDICTOR_VALUE_VINTAGES_UNVERIFIED
D0,2024Q3,H3,pos_turnover,66,0.66983039928961818,AVAILABILITY_AWARE_PSEUDO_REAL_TIME; HISTORICAL_PREDICTOR_VALUE_VINTAGES_UNVERIFIED
D2,2024Q3,H3,industrial_production,64,-0.11191876675311611,AVAILABILITY_AWARE_PSEUDO_REAL_TIME; HISTORICAL_PREDICTOR_VALUE_VINTAGES_UNVERIFIED
D2,2024Q3,H3,ppi,64,0.06631018491262404,AVAILABILITY_AWARE_PSEUDO_REAL_TIME; HISTORICAL_PREDICTOR_VALUE_VINTAGES_UNVERIFIED
D2,2024Q3,H3,usd_uzs,64,-0.11293924590061838,AVAILABILITY_AWARE_PSEUDO_REAL_TIME; HISTORICAL_PREDICTOR_VALUE_VINTAGES_UNVERIFIED
D2,2024Q3,H3,rub_uzs,64,-0.094726839395093188,AVAILABILITY_AWARE_PSEUDO_REAL_TIME; HISTORICAL_PREDICTOR_VALUE_VINTAGES_UNVERIFIED
D2,2024Q3,H3,gold_price,64,-0.041405929807288314,AVAILABILITY_AWARE_PSEUDO_REAL_TIME; HISTORICAL_PREDICTOR_VALUE_VINTAGES_UNVERIFIED
D2,2024Q3,H3,fx_reserves_ex_gold,64,-0.18016302546408575,AVAILABILITY_AWARE_PSEUDO_REAL_TIME; HISTORICAL_PREDICTOR_VALUE_VINTAGES_UNVERIFIED
D2,2024Q3,H3,pos_turnover,64,0.65773726397954657,AVAILABILITY_AWARE_PSEUDO_REAL_TIME; HISTORICAL_PREDICTOR_VALUE_VINTAGES_UNVERIFIED
D0,2024Q4,H1,industrial_production,68,-0.024715708014433672,AVAILABILITY_AWARE_PSEUDO_REAL_TIME; HISTORICAL_PREDICTOR_VALUE_VINTAGES_UNVERIFIED
D0,2024Q4,H1,ppi,69,-0.038958981592707893,AVAILABILITY_AWARE_PSEUDO_REAL_TIME; HISTORICAL_PREDICTOR_VALUE_VINTAGES_UNVERIFIED
D0,2024Q4,H1,usd_uzs,69,-0.1491269686543536,AVAILABILITY_AWARE_PSEUDO_REAL_TIME; HISTORICAL_PREDICTOR_VALUE_VINTAGES_UNVERIFIED
D0,2024Q4,H1,rub_uzs,69,0.073642699792859076,AVAILABILITY_AWARE_PSEUDO_REAL_TIME; HISTORICAL_PREDICTOR_VALUE_VINTAGES_UNVERIFIED
D0,2024Q4,H1,gold_price,69,-0.09315006056817017,AVAILABILITY_AWARE_PSEUDO_REAL_TIME; HISTORICAL_PREDICTOR_VALUE_VINTAGES_UNVERIFIED
D0,2024Q4,H1,fx_reserves_ex_gold,69,-0.09379538734706358,AVAILABILITY_AWARE_PSEUDO_REAL_TIME; HISTORICAL_PREDICTOR_VALUE_VINTAGES_UNVERIFIED
D0,2024Q4,H1,pos_turnover,69,0.64900702767038088,AVAILABILITY_AWARE_PSEUDO_REAL_TIME; HISTORICAL_PREDICTOR_VALUE_VINTAGES_UNVERIFIED
D2,2024Q4,H1,industrial_production,66,-0.10382166021853004,AVAILABILITY_AWARE_PSEUDO_REAL_TIME; HISTORICAL_PREDICTOR_VALUE_VINTAGES_UNVERIFIED
D2,2024Q4,H1,ppi,67,0.054750163804961012,AVAILABILITY_AWARE_PSEUDO_REAL_TIME; HISTORICAL_PREDICTOR_VALUE_VINTAGES_UNVERIFIED
D2,2024Q4,H1,usd_uzs,67,-0.11828428847369062,AVAILABILITY_AWARE_PSEUDO_REAL_TIME; HISTORICAL_PREDICTOR_VALUE_VINTAGES_UNVERIFIED
D2,2024Q4,H1,rub_uzs,67,-0.099885144110320664,AVAILABILITY_AWARE_PSEUDO_REAL_TIME; HISTORICAL_PREDICTOR_VALUE_VINTAGES_UNVERIFIED
D2,2024Q4,H1,gold_price,67,-0.019897127827637213,AVAILABILITY_AWARE_PSEUDO_REAL_TIME; HISTORICAL_PREDICTOR_VALUE_VINTAGES_UNVERIFIED
D2,2024Q4,H1,fx_reserves_ex_gold,67,-0.16156568696474058,AVAILABILITY_AWARE_PSEUDO_REAL_TIME; HISTORICAL_PREDICTOR_VALUE_VINTAGES_UNVERIFIED
D2,2024Q4,H1,pos_turnover,67,0.634862250950746,AVAILABILITY_AWARE_PSEUDO_REAL_TIME; HISTORICAL_PREDICTOR_VALUE_VINTAGES_UNVERIFIED
D0,2024Q4,H2,industrial_production,69,-0.018110248774365203,AVAILABILITY_AWARE_PSEUDO_REAL_TIME; HISTORICAL_PREDICTOR_VALUE_VINTAGES_UNVERIFIED
D0,2024Q4,H2,ppi,69,-0.038958981592707893,AVAILABILITY_AWARE_PSEUDO_REAL_TIME; HISTORICAL_PREDICTOR_VALUE_VINTAGES_UNVERIFIED
D0,2024Q4,H2,usd_uzs,69,-0.1491269686543536,AVAILABILITY_AWARE_PSEUDO_REAL_TIME; HISTORICAL_PREDICTOR_VALUE_VINTAGES_UNVERIFIED
D0,2024Q4,H2,rub_uzs,69,0.073642699792859076,AVAILABILITY_AWARE_PSEUDO_REAL_TIME; HISTORICAL_PREDICTOR_VALUE_VINTAGES_UNVERIFIED
D0,2024Q4,H2,gold_price,69,-0.09315006056817017,AVAILABILITY_AWARE_PSEUDO_REAL_TIME; HISTORICAL_PREDICTOR_VALUE_VINTAGES_UNVERIFIED
D0,2024Q4,H2,fx_reserves_ex_gold,69,-0.09379538734706358,AVAILABILITY_AWARE_PSEUDO_REAL_TIME; HISTORICAL_PREDICTOR_VALUE_VINTAGES_UNVERIFIED
D0,2024Q4,H2,pos_turnover,69,0.64900702767038088,AVAILABILITY_AWARE_PSEUDO_REAL_TIME; HISTORICAL_PREDICTOR_VALUE_VINTAGES_UNVERIFIED
D2,2024Q4,H2,industrial_production,67,-0.097949618214567866,AVAILABILITY_AWARE_PSEUDO_REAL_TIME; HISTORICAL_PREDICTOR_VALUE_VINTAGES_UNVERIFIED
D2,2024Q4,H2,ppi,67,0.054750163804961012,AVAILABILITY_AWARE_PSEUDO_REAL_TIME; HISTORICAL_PREDICTOR_VALUE_VINTAGES_UNVERIFIED
D2,2024Q4,H2,usd_uzs,67,-0.11828428847369062,AVAILABILITY_AWARE_PSEUDO_REAL_TIME; HISTORICAL_PREDICTOR_VALUE_VINTAGES_UNVERIFIED
D2,2024Q4,H2,rub_uzs,67,-0.099885144110320664,AVAILABILITY_AWARE_PSEUDO_REAL_TIME; HISTORICAL_PREDICTOR_VALUE_VINTAGES_UNVERIFIED
D2,2024Q4,H2,gold_price,67,-0.019897127827637213,AVAILABILITY_AWARE_PSEUDO_REAL_TIME; HISTORICAL_PREDICTOR_VALUE_VINTAGES_UNVERIFIED
D2,2024Q4,H2,fx_reserves_ex_gold,67,-0.16156568696474058,AVAILABILITY_AWARE_PSEUDO_REAL_TIME; HISTORICAL_PREDICTOR_VALUE_VINTAGES_UNVERIFIED
D2,2024Q4,H2,pos_turnover,67,0.634862250950746,AVAILABILITY_AWARE_PSEUDO_REAL_TIME; HISTORICAL_PREDICTOR_VALUE_VINTAGES_UNVERIFIED
D0,2024Q4,H3,industrial_production,69,-0.018110248774365203,AVAILABILITY_AWARE_PSEUDO_REAL_TIME; HISTORICAL_PREDICTOR_VALUE_VINTAGES_UNVERIFIED
D0,2024Q4,H3,ppi,69,-0.038958981592707893,AVAILABILITY_AWARE_PSEUDO_REAL_TIME; HISTORICAL_PREDICTOR_VALUE_VINTAGES_UNVERIFIED
D0,2024Q4,H3,usd_uzs,69,-0.1491269686543536,AVAILABILITY_AWARE_PSEUDO_REAL_TIME; HISTORICAL_PREDICTOR_VALUE_VINTAGES_UNVERIFIED
D0,2024Q4,H3,rub_uzs,69,0.073642699792859076,AVAILABILITY_AWARE_PSEUDO_REAL_TIME; HISTORICAL_PREDICTOR_VALUE_VINTAGES_UNVERIFIED
D0,2024Q4,H3,gold_price,69,-0.09315006056817017,AVAILABILITY_AWARE_PSEUDO_REAL_TIME; HISTORICAL_PREDICTOR_VALUE_VINTAGES_UNVERIFIED
D0,2024Q4,H3,fx_reserves_ex_gold,69,-0.09379538734706358,AVAILABILITY_AWARE_PSEUDO_REAL_TIME; HISTORICAL_PREDICTOR_VALUE_VINTAGES_UNVERIFIED
D0,2024Q4,H3,pos_turnover,69,0.64900702767038088,AVAILABILITY_AWARE_PSEUDO_REAL_TIME; HISTORICAL_PREDICTOR_VALUE_VINTAGES_UNVERIFIED
D2,2024Q4,H3,industrial_production,67,-0.097949618214567866,AVAILABILITY_AWARE_PSEUDO_REAL_TIME; HISTORICAL_PREDICTOR_VALUE_VINTAGES_UNVERIFIED
D2,2024Q4,H3,ppi,67,0.054750163804961012,AVAILABILITY_AWARE_PSEUDO_REAL_TIME; HISTORICAL_PREDICTOR_VALUE_VINTAGES_UNVERIFIED
D2,2024Q4,H3,usd_uzs,67,-0.11828428847369062,AVAILABILITY_AWARE_PSEUDO_REAL_TIME; HISTORICAL_PREDICTOR_VALUE_VINTAGES_UNVERIFIED
D2,2024Q4,H3,rub_uzs,67,-0.099885144110320664,AVAILABILITY_AWARE_PSEUDO_REAL_TIME; HISTORICAL_PREDICTOR_VALUE_VINTAGES_UNVERIFIED
D2,2024Q4,H3,gold_price,67,-0.019897127827637213,AVAILABILITY_AWARE_PSEUDO_REAL_TIME; HISTORICAL_PREDICTOR_VALUE_VINTAGES_UNVERIFIED
D2,2024Q4,H3,fx_reserves_ex_gold,67,-0.16156568696474058,AVAILABILITY_AWARE_PSEUDO_REAL_TIME; HISTORICAL_PREDICTOR_VALUE_VINTAGES_UNVERIFIED
D2,2024Q4,H3,pos_turnover,67,0.634862250950746,AVAILABILITY_AWARE_PSEUDO_REAL_TIME; HISTORICAL_PREDICTOR_VALUE_VINTAGES_UNVERIFIED
D0,2025Q1,H1,industrial_production,71,-0.00023497223883350106,AVAILABILITY_AWARE_PSEUDO_REAL_TIME; HISTORICAL_PREDICTOR_VALUE_VINTAGES_UNVERIFIED
D0,2025Q1,H1,ppi,72,-0.051193382728321919,AVAILABILITY_AWARE_PSEUDO_REAL_TIME; HISTORICAL_PREDICTOR_VALUE_VINTAGES_UNVERIFIED
D0,2025Q1,H1,usd_uzs,72,-0.15406862042134195,AVAILABILITY_AWARE_PSEUDO_REAL_TIME; HISTORICAL_PREDICTOR_VALUE_VINTAGES_UNVERIFIED
D0,2025Q1,H1,rub_uzs,72,0.038975006966322098,AVAILABILITY_AWARE_PSEUDO_REAL_TIME; HISTORICAL_PREDICTOR_VALUE_VINTAGES_UNVERIFIED
D0,2025Q1,H1,gold_price,72,-0.086798038007105893,AVAILABILITY_AWARE_PSEUDO_REAL_TIME; HISTORICAL_PREDICTOR_VALUE_VINTAGES_UNVERIFIED
D0,2025Q1,H1,fx_reserves_ex_gold,72,-0.065527523701970292,AVAILABILITY_AWARE_PSEUDO_REAL_TIME; HISTORICAL_PREDICTOR_VALUE_VINTAGES_UNVERIFIED
D0,2025Q1,H1,pos_turnover,72,0.5935315068050544,AVAILABILITY_AWARE_PSEUDO_REAL_TIME; HISTORICAL_PREDICTOR_VALUE_VINTAGES_UNVERIFIED
D2,2025Q1,H1,industrial_production,69,-0.089726188282715849,AVAILABILITY_AWARE_PSEUDO_REAL_TIME; HISTORICAL_PREDICTOR_VALUE_VINTAGES_UNVERIFIED
D2,2025Q1,H1,ppi,70,0.038539069526910379,AVAILABILITY_AWARE_PSEUDO_REAL_TIME; HISTORICAL_PREDICTOR_VALUE_VINTAGES_UNVERIFIED
D2,2025Q1,H1,usd_uzs,70,-0.1240716706458725,AVAILABILITY_AWARE_PSEUDO_REAL_TIME; HISTORICAL_PREDICTOR_VALUE_VINTAGES_UNVERIFIED
D2,2025Q1,H1,rub_uzs,70,-0.11428329235460709,AVAILABILITY_AWARE_PSEUDO_REAL_TIME; HISTORICAL_PREDICTOR_VALUE_VINTAGES_UNVERIFIED
D2,2025Q1,H1,gold_price,70,-0.033111224652761,AVAILABILITY_AWARE_PSEUDO_REAL_TIME; HISTORICAL_PREDICTOR_VALUE_VINTAGES_UNVERIFIED
D2,2025Q1,H1,fx_reserves_ex_gold,70,-0.15284779216459207,AVAILABILITY_AWARE_PSEUDO_REAL_TIME; HISTORICAL_PREDICTOR_VALUE_VINTAGES_UNVERIFIED
D2,2025Q1,H1,pos_turnover,70,0.59149160549912916,AVAILABILITY_AWARE_PSEUDO_REAL_TIME; HISTORICAL_PREDICTOR_VALUE_VINTAGES_UNVERIFIED
D0,2025Q1,H2,industrial_production,72,0.0073529339693688489,AVAILABILITY_AWARE_PSEUDO_REAL_TIME; HISTORICAL_PREDICTOR_VALUE_VINTAGES_UNVERIFIED
D0,2025Q1,H2,ppi,72,-0.051193382728321919,AVAILABILITY_AWARE_PSEUDO_REAL_TIME; HISTORICAL_PREDICTOR_VALUE_VINTAGES_UNVERIFIED
D0,2025Q1,H2,usd_uzs,72,-0.15406862042134195,AVAILABILITY_AWARE_PSEUDO_REAL_TIME; HISTORICAL_PREDICTOR_VALUE_VINTAGES_UNVERIFIED
D0,2025Q1,H2,rub_uzs,72,0.038975006966322098,AVAILABILITY_AWARE_PSEUDO_REAL_TIME; HISTORICAL_PREDICTOR_VALUE_VINTAGES_UNVERIFIED
D0,2025Q1,H2,gold_price,72,-0.086798038007105893,AVAILABILITY_AWARE_PSEUDO_REAL_TIME; HISTORICAL_PREDICTOR_VALUE_VINTAGES_UNVERIFIED
D0,2025Q1,H2,fx_reserves_ex_gold,72,-0.065527523701970292,AVAILABILITY_AWARE_PSEUDO_REAL_TIME; HISTORICAL_PREDICTOR_VALUE_VINTAGES_UNVERIFIED
D0,2025Q1,H2,pos_turnover,72,0.5935315068050544,AVAILABILITY_AWARE_PSEUDO_REAL_TIME; HISTORICAL_PREDICTOR_VALUE_VINTAGES_UNVERIFIED
D2,2025Q1,H2,industrial_production,70,-0.07929955018199443,AVAILABILITY_AWARE_PSEUDO_REAL_TIME; HISTORICAL_PREDICTOR_VALUE_VINTAGES_UNVERIFIED
D2,2025Q1,H2,ppi,70,0.038539069526910379,AVAILABILITY_AWARE_PSEUDO_REAL_TIME; HISTORICAL_PREDICTOR_VALUE_VINTAGES_UNVERIFIED
D2,2025Q1,H2,usd_uzs,70,-0.1240716706458725,AVAILABILITY_AWARE_PSEUDO_REAL_TIME; HISTORICAL_PREDICTOR_VALUE_VINTAGES_UNVERIFIED
D2,2025Q1,H2,rub_uzs,70,-0.11428329235460709,AVAILABILITY_AWARE_PSEUDO_REAL_TIME; HISTORICAL_PREDICTOR_VALUE_VINTAGES_UNVERIFIED
D2,2025Q1,H2,gold_price,70,-0.033111224652761,AVAILABILITY_AWARE_PSEUDO_REAL_TIME; HISTORICAL_PREDICTOR_VALUE_VINTAGES_UNVERIFIED
D2,2025Q1,H2,fx_reserves_ex_gold,70,-0.15284779216459207,AVAILABILITY_AWARE_PSEUDO_REAL_TIME; HISTORICAL_PREDICTOR_VALUE_VINTAGES_UNVERIFIED
D2,2025Q1,H2,pos_turnover,70,0.59149160549912916,AVAILABILITY_AWARE_PSEUDO_REAL_TIME; HISTORICAL_PREDICTOR_VALUE_VINTAGES_UNVERIFIED
D0,2025Q1,H3,industrial_production,72,0.0073529339693688489,AVAILABILITY_AWARE_PSEUDO_REAL_TIME; HISTORICAL_PREDICTOR_VALUE_VINTAGES_UNVERIFIED
D0,2025Q1,H3,ppi,72,-0.051193382728321919,AVAILABILITY_AWARE_PSEUDO_REAL_TIME; HISTORICAL_PREDICTOR_VALUE_VINTAGES_UNVERIFIED
D0,2025Q1,H3,usd_uzs,72,-0.15406862042134195,AVAILABILITY_AWARE_PSEUDO_REAL_TIME; HISTORICAL_PREDICTOR_VALUE_VINTAGES_UNVERIFIED
D0,2025Q1,H3,rub_uzs,72,0.038975006966322098,AVAILABILITY_AWARE_PSEUDO_REAL_TIME; HISTORICAL_PREDICTOR_VALUE_VINTAGES_UNVERIFIED
D0,2025Q1,H3,gold_price,72,-0.086798038007105893,AVAILABILITY_AWARE_PSEUDO_REAL_TIME; HISTORICAL_PREDICTOR_VALUE_VINTAGES_UNVERIFIED
D0,2025Q1,H3,fx_reserves_ex_gold,72,-0.065527523701970292,AVAILABILITY_AWARE_PSEUDO_REAL_TIME; HISTORICAL_PREDICTOR_VALUE_VINTAGES_UNVERIFIED
D0,2025Q1,H3,pos_turnover,72,0.5935315068050544,AVAILABILITY_AWARE_PSEUDO_REAL_TIME; HISTORICAL_PREDICTOR_VALUE_VINTAGES_UNVERIFIED
D2,2025Q1,H3,industrial_production,70,-0.07929955018199443,AVAILABILITY_AWARE_PSEUDO_REAL_TIME; HISTORICAL_PREDICTOR_VALUE_VINTAGES_UNVERIFIED
D2,2025Q1,H3,ppi,70,0.038539069526910379,AVAILABILITY_AWARE_PSEUDO_REAL_TIME; HISTORICAL_PREDICTOR_VALUE_VINTAGES_UNVERIFIED
D2,2025Q1,H3,usd_uzs,70,-0.1240716706458725,AVAILABILITY_AWARE_PSEUDO_REAL_TIME; HISTORICAL_PREDICTOR_VALUE_VINTAGES_UNVERIFIED
D2,2025Q1,H3,rub_uzs,70,-0.11428329235460709,AVAILABILITY_AWARE_PSEUDO_REAL_TIME; HISTORICAL_PREDICTOR_VALUE_VINTAGES_UNVERIFIED
D2,2025Q1,H3,gold_price,70,-0.033111224652761,AVAILABILITY_AWARE_PSEUDO_REAL_TIME; HISTORICAL_PREDICTOR_VALUE_VINTAGES_UNVERIFIED
D2,2025Q1,H3,fx_reserves_ex_gold,70,-0.15284779216459207,AVAILABILITY_AWARE_PSEUDO_REAL_TIME; HISTORICAL_PREDICTOR_VALUE_VINTAGES_UNVERIFIED
D2,2025Q1,H3,pos_turnover,70,0.59149160549912916,AVAILABILITY_AWARE_PSEUDO_REAL_TIME; HISTORICAL_PREDICTOR_VALUE_VINTAGES_UNVERIFIED
D0,2025Q2,H1,industrial_production,74,0.0098295978966253944,AVAILABILITY_AWARE_PSEUDO_REAL_TIME; HISTORICAL_PREDICTOR_VALUE_VINTAGES_UNVERIFIED
D0,2025Q2,H1,ppi,75,-0.066749109426087236,AVAILABILITY_AWARE_PSEUDO_REAL_TIME; HISTORICAL_PREDICTOR_VALUE_VINTAGES_UNVERIFIED
D0,2025Q2,H1,usd_uzs,75,-0.1728829328074919,AVAILABILITY_AWARE_PSEUDO_REAL_TIME; HISTORICAL_PREDICTOR_VALUE_VINTAGES_UNVERIFIED
D0,2025Q2,H1,rub_uzs,75,0.089703792077616612,AVAILABILITY_AWARE_PSEUDO_REAL_TIME; HISTORICAL_PREDICTOR_VALUE_VINTAGES_UNVERIFIED
D0,2025Q2,H1,gold_price,75,-0.027765345661919624,AVAILABILITY_AWARE_PSEUDO_REAL_TIME; HISTORICAL_PREDICTOR_VALUE_VINTAGES_UNVERIFIED
D0,2025Q2,H1,fx_reserves_ex_gold,75,0.013115737832295301,AVAILABILITY_AWARE_PSEUDO_REAL_TIME; HISTORICAL_PREDICTOR_VALUE_VINTAGES_UNVERIFIED
D0,2025Q2,H1,pos_turnover,72,0.5935315068050544,AVAILABILITY_AWARE_PSEUDO_REAL_TIME; HISTORICAL_PREDICTOR_VALUE_VINTAGES_UNVERIFIED
D2,2025Q2,H1,industrial_production,72,-0.075695927533331805,AVAILABILITY_AWARE_PSEUDO_REAL_TIME; HISTORICAL_PREDICTOR_VALUE_VINTAGES_UNVERIFIED
D2,2025Q2,H1,ppi,73,0.021218735492450791,AVAILABILITY_AWARE_PSEUDO_REAL_TIME; HISTORICAL_PREDICTOR_VALUE_VINTAGES_UNVERIFIED
D2,2025Q2,H1,usd_uzs,73,-0.14199969124336034,AVAILABILITY_AWARE_PSEUDO_REAL_TIME; HISTORICAL_PREDICTOR_VALUE_VINTAGES_UNVERIFIED
D2,2025Q2,H1,rub_uzs,73,-0.060373133424323148,AVAILABILITY_AWARE_PSEUDO_REAL_TIME; HISTORICAL_PREDICTOR_VALUE_VINTAGES_UNVERIFIED
D2,2025Q2,H1,gold_price,73,0.017434047736977761,AVAILABILITY_AWARE_PSEUDO_REAL_TIME; HISTORICAL_PREDICTOR_VALUE_VINTAGES_UNVERIFIED
D2,2025Q2,H1,fx_reserves_ex_gold,73,-0.076353516335103025,AVAILABILITY_AWARE_PSEUDO_REAL_TIME; HISTORICAL_PREDICTOR_VALUE_VINTAGES_UNVERIFIED
D2,2025Q2,H1,pos_turnover,70,0.59149160549912916,AVAILABILITY_AWARE_PSEUDO_REAL_TIME; HISTORICAL_PREDICTOR_VALUE_VINTAGES_UNVERIFIED
D0,2025Q2,H2,industrial_production,75,0.016211791451368068,AVAILABILITY_AWARE_PSEUDO_REAL_TIME; HISTORICAL_PREDICTOR_VALUE_VINTAGES_UNVERIFIED
D0,2025Q2,H2,ppi,75,-0.066749109426087236,AVAILABILITY_AWARE_PSEUDO_REAL_TIME; HISTORICAL_PREDICTOR_VALUE_VINTAGES_UNVERIFIED
D0,2025Q2,H2,usd_uzs,75,-0.1728829328074919,AVAILABILITY_AWARE_PSEUDO_REAL_TIME; HISTORICAL_PREDICTOR_VALUE_VINTAGES_UNVERIFIED
D0,2025Q2,H2,rub_uzs,75,0.089703792077616612,AVAILABILITY_AWARE_PSEUDO_REAL_TIME; HISTORICAL_PREDICTOR_VALUE_VINTAGES_UNVERIFIED
D0,2025Q2,H2,gold_price,75,-0.027765345661919624,AVAILABILITY_AWARE_PSEUDO_REAL_TIME; HISTORICAL_PREDICTOR_VALUE_VINTAGES_UNVERIFIED
D0,2025Q2,H2,fx_reserves_ex_gold,75,0.013115737832295301,AVAILABILITY_AWARE_PSEUDO_REAL_TIME; HISTORICAL_PREDICTOR_VALUE_VINTAGES_UNVERIFIED
D0,2025Q2,H2,pos_turnover,72,0.5935315068050544,AVAILABILITY_AWARE_PSEUDO_REAL_TIME; HISTORICAL_PREDICTOR_VALUE_VINTAGES_UNVERIFIED
D2,2025Q2,H2,industrial_production,73,-0.068828487007225006,AVAILABILITY_AWARE_PSEUDO_REAL_TIME; HISTORICAL_PREDICTOR_VALUE_VINTAGES_UNVERIFIED
D2,2025Q2,H2,ppi,73,0.021218735492450791,AVAILABILITY_AWARE_PSEUDO_REAL_TIME; HISTORICAL_PREDICTOR_VALUE_VINTAGES_UNVERIFIED
D2,2025Q2,H2,usd_uzs,73,-0.14199969124336034,AVAILABILITY_AWARE_PSEUDO_REAL_TIME; HISTORICAL_PREDICTOR_VALUE_VINTAGES_UNVERIFIED
D2,2025Q2,H2,rub_uzs,73,-0.060373133424323148,AVAILABILITY_AWARE_PSEUDO_REAL_TIME; HISTORICAL_PREDICTOR_VALUE_VINTAGES_UNVERIFIED
D2,2025Q2,H2,gold_price,73,0.017434047736977761,AVAILABILITY_AWARE_PSEUDO_REAL_TIME; HISTORICAL_PREDICTOR_VALUE_VINTAGES_UNVERIFIED
D2,2025Q2,H2,fx_reserves_ex_gold,73,-0.076353516335103025,AVAILABILITY_AWARE_PSEUDO_REAL_TIME; HISTORICAL_PREDICTOR_VALUE_VINTAGES_UNVERIFIED
D2,2025Q2,H2,pos_turnover,70,0.59149160549912916,AVAILABILITY_AWARE_PSEUDO_REAL_TIME; HISTORICAL_PREDICTOR_VALUE_VINTAGES_UNVERIFIED
D0,2025Q2,H3,industrial_production,75,0.016211791451368068,AVAILABILITY_AWARE_PSEUDO_REAL_TIME; HISTORICAL_PREDICTOR_VALUE_VINTAGES_UNVERIFIED
D0,2025Q2,H3,ppi,75,-0.066749109426087236,AVAILABILITY_AWARE_PSEUDO_REAL_TIME; HISTORICAL_PREDICTOR_VALUE_VINTAGES_UNVERIFIED
D0,2025Q2,H3,usd_uzs,75,-0.1728829328074919,AVAILABILITY_AWARE_PSEUDO_REAL_TIME; HISTORICAL_PREDICTOR_VALUE_VINTAGES_UNVERIFIED
D0,2025Q2,H3,rub_uzs,75,0.089703792077616612,AVAILABILITY_AWARE_PSEUDO_REAL_TIME; HISTORICAL_PREDICTOR_VALUE_VINTAGES_UNVERIFIED
D0,2025Q2,H3,gold_price,75,-0.027765345661919624,AVAILABILITY_AWARE_PSEUDO_REAL_TIME; HISTORICAL_PREDICTOR_VALUE_VINTAGES_UNVERIFIED
D0,2025Q2,H3,fx_reserves_ex_gold,75,0.013115737832295301,AVAILABILITY_AWARE_PSEUDO_REAL_TIME; HISTORICAL_PREDICTOR_VALUE_VINTAGES_UNVERIFIED
D0,2025Q2,H3,pos_turnover,72,0.5935315068050544,AVAILABILITY_AWARE_PSEUDO_REAL_TIME; HISTORICAL_PREDICTOR_VALUE_VINTAGES_UNVERIFIED
D2,2025Q2,H3,industrial_production,73,-0.068828487007225006,AVAILABILITY_AWARE_PSEUDO_REAL_TIME; HISTORICAL_PREDICTOR_VALUE_VINTAGES_UNVERIFIED
D2,2025Q2,H3,ppi,73,0.021218735492450791,AVAILABILITY_AWARE_PSEUDO_REAL_TIME; HISTORICAL_PREDICTOR_VALUE_VINTAGES_UNVERIFIED
D2,2025Q2,H3,usd_uzs,73,-0.14199969124336034,AVAILABILITY_AWARE_PSEUDO_REAL_TIME; HISTORICAL_PREDICTOR_VALUE_VINTAGES_UNVERIFIED
D2,2025Q2,H3,rub_uzs,73,-0.060373133424323148,AVAILABILITY_AWARE_PSEUDO_REAL_TIME; HISTORICAL_PREDICTOR_VALUE_VINTAGES_UNVERIFIED
D2,2025Q2,H3,gold_price,73,0.017434047736977761,AVAILABILITY_AWARE_PSEUDO_REAL_TIME; HISTORICAL_PREDICTOR_VALUE_VINTAGES_UNVERIFIED
D2,2025Q2,H3,fx_reserves_ex_gold,73,-0.076353516335103025,AVAILABILITY_AWARE_PSEUDO_REAL_TIME; HISTORICAL_PREDICTOR_VALUE_VINTAGES_UNVERIFIED
D2,2025Q2,H3,pos_turnover,70,0.59149160549912916,AVAILABILITY_AWARE_PSEUDO_REAL_TIME; HISTORICAL_PREDICTOR_VALUE_VINTAGES_UNVERIFIED
D0,2025Q3,H1,industrial_production,77,0.028013307664308075,AVAILABILITY_AWARE_PSEUDO_REAL_TIME; HISTORICAL_PREDICTOR_VALUE_VINTAGES_UNVERIFIED
D0,2025Q3,H1,ppi,78,-0.025900525520142798,AVAILABILITY_AWARE_PSEUDO_REAL_TIME; HISTORICAL_PREDICTOR_VALUE_VINTAGES_UNVERIFIED
D0,2025Q3,H1,usd_uzs,78,-0.21996104442743861,AVAILABILITY_AWARE_PSEUDO_REAL_TIME; HISTORICAL_PREDICTOR_VALUE_VINTAGES_UNVERIFIED
D0,2025Q3,H1,rub_uzs,78,0.10299651113508984,AVAILABILITY_AWARE_PSEUDO_REAL_TIME; HISTORICAL_PREDICTOR_VALUE_VINTAGES_UNVERIFIED
D0,2025Q3,H1,gold_price,78,0.023697897787460981,AVAILABILITY_AWARE_PSEUDO_REAL_TIME; HISTORICAL_PREDICTOR_VALUE_VINTAGES_UNVERIFIED
D0,2025Q3,H1,fx_reserves_ex_gold,78,0.10488073177136782,AVAILABILITY_AWARE_PSEUDO_REAL_TIME; HISTORICAL_PREDICTOR_VALUE_VINTAGES_UNVERIFIED
D0,2025Q3,H1,pos_turnover,72,0.5935315068050544,AVAILABILITY_AWARE_PSEUDO_REAL_TIME; HISTORICAL_PREDICTOR_VALUE_VINTAGES_UNVERIFIED
D2,2025Q3,H1,industrial_production,75,-0.05464134540393735,AVAILABILITY_AWARE_PSEUDO_REAL_TIME; HISTORICAL_PREDICTOR_VALUE_VINTAGES_UNVERIFIED
D2,2025Q3,H1,ppi,76,0.061681897683681541,AVAILABILITY_AWARE_PSEUDO_REAL_TIME; HISTORICAL_PREDICTOR_VALUE_VINTAGES_UNVERIFIED
D2,2025Q3,H1,usd_uzs,76,-0.19930307081355211,AVAILABILITY_AWARE_PSEUDO_REAL_TIME; HISTORICAL_PREDICTOR_VALUE_VINTAGES_UNVERIFIED
D2,2025Q3,H1,rub_uzs,76,-0.040483267304708803,AVAILABILITY_AWARE_PSEUDO_REAL_TIME; HISTORICAL_PREDICTOR_VALUE_VINTAGES_UNVERIFIED
D2,2025Q3,H1,gold_price,76,0.066075618782419784,AVAILABILITY_AWARE_PSEUDO_REAL_TIME; HISTORICAL_PREDICTOR_VALUE_VINTAGES_UNVERIFIED
D2,2025Q3,H1,fx_reserves_ex_gold,76,0.027252980601727615,AVAILABILITY_AWARE_PSEUDO_REAL_TIME; HISTORICAL_PREDICTOR_VALUE_VINTAGES_UNVERIFIED
D2,2025Q3,H1,pos_turnover,70,0.59149160549912916,AVAILABILITY_AWARE_PSEUDO_REAL_TIME; HISTORICAL_PREDICTOR_VALUE_VINTAGES_UNVERIFIED
D0,2025Q3,H2,industrial_production,78,0.033917755249146392,AVAILABILITY_AWARE_PSEUDO_REAL_TIME; HISTORICAL_PREDICTOR_VALUE_VINTAGES_UNVERIFIED
D0,2025Q3,H2,ppi,78,-0.025900525520142798,AVAILABILITY_AWARE_PSEUDO_REAL_TIME; HISTORICAL_PREDICTOR_VALUE_VINTAGES_UNVERIFIED
D0,2025Q3,H2,usd_uzs,78,-0.21996104442743861,AVAILABILITY_AWARE_PSEUDO_REAL_TIME; HISTORICAL_PREDICTOR_VALUE_VINTAGES_UNVERIFIED
D0,2025Q3,H2,rub_uzs,78,0.10299651113508984,AVAILABILITY_AWARE_PSEUDO_REAL_TIME; HISTORICAL_PREDICTOR_VALUE_VINTAGES_UNVERIFIED
D0,2025Q3,H2,gold_price,78,0.023697897787460981,AVAILABILITY_AWARE_PSEUDO_REAL_TIME; HISTORICAL_PREDICTOR_VALUE_VINTAGES_UNVERIFIED
D0,2025Q3,H2,fx_reserves_ex_gold,78,0.10488073177136782,AVAILABILITY_AWARE_PSEUDO_REAL_TIME; HISTORICAL_PREDICTOR_VALUE_VINTAGES_UNVERIFIED
D0,2025Q3,H2,pos_turnover,72,0.5935315068050544,AVAILABILITY_AWARE_PSEUDO_REAL_TIME; HISTORICAL_PREDICTOR_VALUE_VINTAGES_UNVERIFIED
D2,2025Q3,H2,industrial_production,76,-0.046073044268184614,AVAILABILITY_AWARE_PSEUDO_REAL_TIME; HISTORICAL_PREDICTOR_VALUE_VINTAGES_UNVERIFIED
D2,2025Q3,H2,ppi,76,0.061681897683681541,AVAILABILITY_AWARE_PSEUDO_REAL_TIME; HISTORICAL_PREDICTOR_VALUE_VINTAGES_UNVERIFIED
D2,2025Q3,H2,usd_uzs,76,-0.19930307081355211,AVAILABILITY_AWARE_PSEUDO_REAL_TIME; HISTORICAL_PREDICTOR_VALUE_VINTAGES_UNVERIFIED
D2,2025Q3,H2,rub_uzs,76,-0.040483267304708803,AVAILABILITY_AWARE_PSEUDO_REAL_TIME; HISTORICAL_PREDICTOR_VALUE_VINTAGES_UNVERIFIED
D2,2025Q3,H2,gold_price,76,0.066075618782419784,AVAILABILITY_AWARE_PSEUDO_REAL_TIME; HISTORICAL_PREDICTOR_VALUE_VINTAGES_UNVERIFIED
D2,2025Q3,H2,fx_reserves_ex_gold,76,0.027252980601727615,AVAILABILITY_AWARE_PSEUDO_REAL_TIME; HISTORICAL_PREDICTOR_VALUE_VINTAGES_UNVERIFIED
D2,2025Q3,H2,pos_turnover,70,0.59149160549912916,AVAILABILITY_AWARE_PSEUDO_REAL_TIME; HISTORICAL_PREDICTOR_VALUE_VINTAGES_UNVERIFIED
D0,2025Q3,H3,industrial_production,78,0.033917755249146392,AVAILABILITY_AWARE_PSEUDO_REAL_TIME; HISTORICAL_PREDICTOR_VALUE_VINTAGES_UNVERIFIED
D0,2025Q3,H3,ppi,78,-0.025900525520142798,AVAILABILITY_AWARE_PSEUDO_REAL_TIME; HISTORICAL_PREDICTOR_VALUE_VINTAGES_UNVERIFIED
D0,2025Q3,H3,usd_uzs,78,-0.21996104442743861,AVAILABILITY_AWARE_PSEUDO_REAL_TIME; HISTORICAL_PREDICTOR_VALUE_VINTAGES_UNVERIFIED
D0,2025Q3,H3,rub_uzs,78,0.10299651113508984,AVAILABILITY_AWARE_PSEUDO_REAL_TIME; HISTORICAL_PREDICTOR_VALUE_VINTAGES_UNVERIFIED
D0,2025Q3,H3,gold_price,78,0.023697897787460981,AVAILABILITY_AWARE_PSEUDO_REAL_TIME; HISTORICAL_PREDICTOR_VALUE_VINTAGES_UNVERIFIED
D0,2025Q3,H3,fx_reserves_ex_gold,78,0.10488073177136782,AVAILABILITY_AWARE_PSEUDO_REAL_TIME; HISTORICAL_PREDICTOR_VALUE_VINTAGES_UNVERIFIED
D0,2025Q3,H3,pos_turnover,72,0.5935315068050544,AVAILABILITY_AWARE_PSEUDO_REAL_TIME; HISTORICAL_PREDICTOR_VALUE_VINTAGES_UNVERIFIED
D2,2025Q3,H3,industrial_production,76,-0.046073044268184614,AVAILABILITY_AWARE_PSEUDO_REAL_TIME; HISTORICAL_PREDICTOR_VALUE_VINTAGES_UNVERIFIED
D2,2025Q3,H3,ppi,76,0.061681897683681541,AVAILABILITY_AWARE_PSEUDO_REAL_TIME; HISTORICAL_PREDICTOR_VALUE_VINTAGES_UNVERIFIED
D2,2025Q3,H3,usd_uzs,76,-0.19930307081355211,AVAILABILITY_AWARE_PSEUDO_REAL_TIME; HISTORICAL_PREDICTOR_VALUE_VINTAGES_UNVERIFIED
D2,2025Q3,H3,rub_uzs,76,-0.040483267304708803,AVAILABILITY_AWARE_PSEUDO_REAL_TIME; HISTORICAL_PREDICTOR_VALUE_VINTAGES_UNVERIFIED
D2,2025Q3,H3,gold_price,76,0.066075618782419784,AVAILABILITY_AWARE_PSEUDO_REAL_TIME; HISTORICAL_PREDICTOR_VALUE_VINTAGES_UNVERIFIED
D2,2025Q3,H3,fx_reserves_ex_gold,76,0.027252980601727615,AVAILABILITY_AWARE_PSEUDO_REAL_TIME; HISTORICAL_PREDICTOR_VALUE_VINTAGES_UNVERIFIED
D2,2025Q3,H3,pos_turnover,70,0.59149160549912916,AVAILABILITY_AWARE_PSEUDO_REAL_TIME; HISTORICAL_PREDICTOR_VALUE_VINTAGES_UNVERIFIED
D0,2025Q4,H1,industrial_production,80,0.042098011729311872,AVAILABILITY_AWARE_PSEUDO_REAL_TIME; HISTORICAL_PREDICTOR_VALUE_VINTAGES_UNVERIFIED
D0,2025Q4,H1,ppi,81,-0.052619623575370214,AVAILABILITY_AWARE_PSEUDO_REAL_TIME; HISTORICAL_PREDICTOR_VALUE_VINTAGES_UNVERIFIED
D0,2025Q4,H1,usd_uzs,81,-0.25694457703895163,AVAILABILITY_AWARE_PSEUDO_REAL_TIME; HISTORICAL_PREDICTOR_VALUE_VINTAGES_UNVERIFIED
D0,2025Q4,H1,rub_uzs,81,0.083274923880912427,AVAILABILITY_AWARE_PSEUDO_REAL_TIME; HISTORICAL_PREDICTOR_VALUE_VINTAGES_UNVERIFIED
D0,2025Q4,H1,gold_price,81,0.043238490493195308,AVAILABILITY_AWARE_PSEUDO_REAL_TIME; HISTORICAL_PREDICTOR_VALUE_VINTAGES_UNVERIFIED
D0,2025Q4,H1,fx_reserves_ex_gold,81,0.14985922056347603,AVAILABILITY_AWARE_PSEUDO_REAL_TIME; HISTORICAL_PREDICTOR_VALUE_VINTAGES_UNVERIFIED
D0,2025Q4,H1,pos_turnover,72,0.5935315068050544,AVAILABILITY_AWARE_PSEUDO_REAL_TIME; HISTORICAL_PREDICTOR_VALUE_VINTAGES_UNVERIFIED
D2,2025Q4,H1,industrial_production,78,-0.033519836290549318,AVAILABILITY_AWARE_PSEUDO_REAL_TIME; HISTORICAL_PREDICTOR_VALUE_VINTAGES_UNVERIFIED
D2,2025Q4,H1,ppi,79,0.024172754849060729,AVAILABILITY_AWARE_PSEUDO_REAL_TIME; HISTORICAL_PREDICTOR_VALUE_VINTAGES_UNVERIFIED
D2,2025Q4,H1,usd_uzs,79,-0.24495181807780919,AVAILABILITY_AWARE_PSEUDO_REAL_TIME; HISTORICAL_PREDICTOR_VALUE_VINTAGES_UNVERIFIED
D2,2025Q4,H1,rub_uzs,79,-0.058751231436201215,AVAILABILITY_AWARE_PSEUDO_REAL_TIME; HISTORICAL_PREDICTOR_VALUE_VINTAGES_UNVERIFIED
D2,2025Q4,H1,gold_price,79,0.082070133966022654,AVAILABILITY_AWARE_PSEUDO_REAL_TIME; HISTORICAL_PREDICTOR_VALUE_VINTAGES_UNVERIFIED
D2,2025Q4,H1,fx_reserves_ex_gold,79,0.087557067266282443,AVAILABILITY_AWARE_PSEUDO_REAL_TIME; HISTORICAL_PREDICTOR_VALUE_VINTAGES_UNVERIFIED
D2,2025Q4,H1,pos_turnover,70,0.59149160549912916,AVAILABILITY_AWARE_PSEUDO_REAL_TIME; HISTORICAL_PREDICTOR_VALUE_VINTAGES_UNVERIFIED
D0,2025Q4,H2,industrial_production,81,0.047107753551189652,AVAILABILITY_AWARE_PSEUDO_REAL_TIME; HISTORICAL_PREDICTOR_VALUE_VINTAGES_UNVERIFIED
D0,2025Q4,H2,ppi,81,-0.052619623575370214,AVAILABILITY_AWARE_PSEUDO_REAL_TIME; HISTORICAL_PREDICTOR_VALUE_VINTAGES_UNVERIFIED
D0,2025Q4,H2,usd_uzs,81,-0.25694457703895163,AVAILABILITY_AWARE_PSEUDO_REAL_TIME; HISTORICAL_PREDICTOR_VALUE_VINTAGES_UNVERIFIED
D0,2025Q4,H2,rub_uzs,81,0.083274923880912427,AVAILABILITY_AWARE_PSEUDO_REAL_TIME; HISTORICAL_PREDICTOR_VALUE_VINTAGES_UNVERIFIED
D0,2025Q4,H2,gold_price,81,0.043238490493195308,AVAILABILITY_AWARE_PSEUDO_REAL_TIME; HISTORICAL_PREDICTOR_VALUE_VINTAGES_UNVERIFIED
D0,2025Q4,H2,fx_reserves_ex_gold,81,0.14985922056347603,AVAILABILITY_AWARE_PSEUDO_REAL_TIME; HISTORICAL_PREDICTOR_VALUE_VINTAGES_UNVERIFIED
D0,2025Q4,H2,pos_turnover,72,0.5935315068050544,AVAILABILITY_AWARE_PSEUDO_REAL_TIME; HISTORICAL_PREDICTOR_VALUE_VINTAGES_UNVERIFIED
D2,2025Q4,H2,industrial_production,79,-0.027657623399027487,AVAILABILITY_AWARE_PSEUDO_REAL_TIME; HISTORICAL_PREDICTOR_VALUE_VINTAGES_UNVERIFIED
D2,2025Q4,H2,ppi,79,0.024172754849060729,AVAILABILITY_AWARE_PSEUDO_REAL_TIME; HISTORICAL_PREDICTOR_VALUE_VINTAGES_UNVERIFIED
D2,2025Q4,H2,usd_uzs,79,-0.24495181807780919,AVAILABILITY_AWARE_PSEUDO_REAL_TIME; HISTORICAL_PREDICTOR_VALUE_VINTAGES_UNVERIFIED
D2,2025Q4,H2,rub_uzs,79,-0.058751231436201215,AVAILABILITY_AWARE_PSEUDO_REAL_TIME; HISTORICAL_PREDICTOR_VALUE_VINTAGES_UNVERIFIED
D2,2025Q4,H2,gold_price,79,0.082070133966022654,AVAILABILITY_AWARE_PSEUDO_REAL_TIME; HISTORICAL_PREDICTOR_VALUE_VINTAGES_UNVERIFIED
D2,2025Q4,H2,fx_reserves_ex_gold,79,0.087557067266282443,AVAILABILITY_AWARE_PSEUDO_REAL_TIME; HISTORICAL_PREDICTOR_VALUE_VINTAGES_UNVERIFIED
D2,2025Q4,H2,pos_turnover,70,0.59149160549912916,AVAILABILITY_AWARE_PSEUDO_REAL_TIME; HISTORICAL_PREDICTOR_VALUE_VINTAGES_UNVERIFIED
D0,2025Q4,H3,industrial_production,81,0.047107753551189652,AVAILABILITY_AWARE_PSEUDO_REAL_TIME; HISTORICAL_PREDICTOR_VALUE_VINTAGES_UNVERIFIED
D0,2025Q4,H3,ppi,81,-0.052619623575370214,AVAILABILITY_AWARE_PSEUDO_REAL_TIME; HISTORICAL_PREDICTOR_VALUE_VINTAGES_UNVERIFIED
D0,2025Q4,H3,usd_uzs,81,-0.25694457703895163,AVAILABILITY_AWARE_PSEUDO_REAL_TIME; HISTORICAL_PREDICTOR_VALUE_VINTAGES_UNVERIFIED
D0,2025Q4,H3,rub_uzs,81,0.083274923880912427,AVAILABILITY_AWARE_PSEUDO_REAL_TIME; HISTORICAL_PREDICTOR_VALUE_VINTAGES_UNVERIFIED
D0,2025Q4,H3,gold_price,81,0.043238490493195308,AVAILABILITY_AWARE_PSEUDO_REAL_TIME; HISTORICAL_PREDICTOR_VALUE_VINTAGES_UNVERIFIED
D0,2025Q4,H3,fx_reserves_ex_gold,81,0.14985922056347603,AVAILABILITY_AWARE_PSEUDO_REAL_TIME; HISTORICAL_PREDICTOR_VALUE_VINTAGES_UNVERIFIED
D0,2025Q4,H3,pos_turnover,72,0.5935315068050544,AVAILABILITY_AWARE_PSEUDO_REAL_TIME; HISTORICAL_PREDICTOR_VALUE_VINTAGES_UNVERIFIED
D2,2025Q4,H3,industrial_production,79,-0.027657623399027487,AVAILABILITY_AWARE_PSEUDO_REAL_TIME; HISTORICAL_PREDICTOR_VALUE_VINTAGES_UNVERIFIED
D2,2025Q4,H3,ppi,79,0.024172754849060729,AVAILABILITY_AWARE_PSEUDO_REAL_TIME; HISTORICAL_PREDICTOR_VALUE_VINTAGES_UNVERIFIED
D2,2025Q4,H3,usd_uzs,79,-0.24495181807780919,AVAILABILITY_AWARE_PSEUDO_REAL_TIME; HISTORICAL_PREDICTOR_VALUE_VINTAGES_UNVERIFIED
D2,2025Q4,H3,rub_uzs,79,-0.058751231436201215,AVAILABILITY_AWARE_PSEUDO_REAL_TIME; HISTORICAL_PREDICTOR_VALUE_VINTAGES_UNVERIFIED
D2,2025Q4,H3,gold_price,79,0.082070133966022654,AVAILABILITY_AWARE_PSEUDO_REAL_TIME; HISTORICAL_PREDICTOR_VALUE_VINTAGES_UNVERIFIED
D2,2025Q4,H3,fx_reserves_ex_gold,79,0.087557067266282443,AVAILABILITY_AWARE_PSEUDO_REAL_TIME; HISTORICAL_PREDICTOR_VALUE_VINTAGES_UNVERIFIED
D2,2025Q4,H3,pos_turnover,70,0.59149160549912916,AVAILABILITY_AWARE_PSEUDO_REAL_TIME; HISTORICAL_PREDICTOR_VALUE_VINTAGES_UNVERIFIED
D0,2026Q1,H1,industrial_production,83,0.057854391689593186,AVAILABILITY_AWARE_PSEUDO_REAL_TIME; HISTORICAL_PREDICTOR_VALUE_VINTAGES_UNVERIFIED
D0,2026Q1,H1,ppi,84,-0.077692372581797009,AVAILABILITY_AWARE_PSEUDO_REAL_TIME; HISTORICAL_PREDICTOR_VALUE_VINTAGES_UNVERIFIED
D0,2026Q1,H1,usd_uzs,84,-0.28631354507967793,AVAILABILITY_AWARE_PSEUDO_REAL_TIME; HISTORICAL_PREDICTOR_VALUE_VINTAGES_UNVERIFIED
D0,2026Q1,H1,rub_uzs,84,0.087633082902510387,AVAILABILITY_AWARE_PSEUDO_REAL_TIME; HISTORICAL_PREDICTOR_VALUE_VINTAGES_UNVERIFIED
D0,2026Q1,H1,gold_price,84,0.090221684975733463,AVAILABILITY_AWARE_PSEUDO_REAL_TIME; HISTORICAL_PREDICTOR_VALUE_VINTAGES_UNVERIFIED
D0,2026Q1,H1,fx_reserves_ex_gold,84,0.20614995551243342,AVAILABILITY_AWARE_PSEUDO_REAL_TIME; HISTORICAL_PREDICTOR_VALUE_VINTAGES_UNVERIFIED
D0,2026Q1,H1,pos_turnover,72,0.5935315068050544,AVAILABILITY_AWARE_PSEUDO_REAL_TIME; HISTORICAL_PREDICTOR_VALUE_VINTAGES_UNVERIFIED
D2,2026Q1,H1,industrial_production,81,-0.017405800243077908,AVAILABILITY_AWARE_PSEUDO_REAL_TIME; HISTORICAL_PREDICTOR_VALUE_VINTAGES_UNVERIFIED
D2,2026Q1,H1,ppi,82,0.0037517066811670473,AVAILABILITY_AWARE_PSEUDO_REAL_TIME; HISTORICAL_PREDICTOR_VALUE_VINTAGES_UNVERIFIED
D2,2026Q1,H1,usd_uzs,82,-0.27324945738299039,AVAILABILITY_AWARE_PSEUDO_REAL_TIME; HISTORICAL_PREDICTOR_VALUE_VINTAGES_UNVERIFIED
D2,2026Q1,H1,rub_uzs,82,-0.053095617531514663,AVAILABILITY_AWARE_PSEUDO_REAL_TIME; HISTORICAL_PREDICTOR_VALUE_VINTAGES_UNVERIFIED
D2,2026Q1,H1,gold_price,82,0.11929885218458067,AVAILABILITY_AWARE_PSEUDO_REAL_TIME; HISTORICAL_PREDICTOR_VALUE_VINTAGES_UNVERIFIED
D2,2026Q1,H1,fx_reserves_ex_gold,82,0.13210912431559751,AVAILABILITY_AWARE_PSEUDO_REAL_TIME; HISTORICAL_PREDICTOR_VALUE_VINTAGES_UNVERIFIED
D2,2026Q1,H1,pos_turnover,70,0.59149160549912916,AVAILABILITY_AWARE_PSEUDO_REAL_TIME; HISTORICAL_PREDICTOR_VALUE_VINTAGES_UNVERIFIED
D0,2026Q1,H2,industrial_production,84,0.064957264851239566,AVAILABILITY_AWARE_PSEUDO_REAL_TIME; HISTORICAL_PREDICTOR_VALUE_VINTAGES_UNVERIFIED
D0,2026Q1,H2,ppi,84,-0.077692372581797009,AVAILABILITY_AWARE_PSEUDO_REAL_TIME; HISTORICAL_PREDICTOR_VALUE_VINTAGES_UNVERIFIED
D0,2026Q1,H2,usd_uzs,84,-0.28631354507967793,AVAILABILITY_AWARE_PSEUDO_REAL_TIME; HISTORICAL_PREDICTOR_VALUE_VINTAGES_UNVERIFIED
D0,2026Q1,H2,rub_uzs,84,0.087633082902510387,AVAILABILITY_AWARE_PSEUDO_REAL_TIME; HISTORICAL_PREDICTOR_VALUE_VINTAGES_UNVERIFIED
D0,2026Q1,H2,gold_price,84,0.090221684975733463,AVAILABILITY_AWARE_PSEUDO_REAL_TIME; HISTORICAL_PREDICTOR_VALUE_VINTAGES_UNVERIFIED
D0,2026Q1,H2,fx_reserves_ex_gold,84,0.20614995551243342,AVAILABILITY_AWARE_PSEUDO_REAL_TIME; HISTORICAL_PREDICTOR_VALUE_VINTAGES_UNVERIFIED
D0,2026Q1,H2,pos_turnover,72,0.5935315068050544,AVAILABILITY_AWARE_PSEUDO_REAL_TIME; HISTORICAL_PREDICTOR_VALUE_VINTAGES_UNVERIFIED
D2,2026Q1,H2,industrial_production,82,-0.012367518094976397,AVAILABILITY_AWARE_PSEUDO_REAL_TIME; HISTORICAL_PREDICTOR_VALUE_VINTAGES_UNVERIFIED
D2,2026Q1,H2,ppi,82,0.0037517066811670473,AVAILABILITY_AWARE_PSEUDO_REAL_TIME; HISTORICAL_PREDICTOR_VALUE_VINTAGES_UNVERIFIED
D2,2026Q1,H2,usd_uzs,82,-0.27324945738299039,AVAILABILITY_AWARE_PSEUDO_REAL_TIME; HISTORICAL_PREDICTOR_VALUE_VINTAGES_UNVERIFIED
D2,2026Q1,H2,rub_uzs,82,-0.053095617531514663,AVAILABILITY_AWARE_PSEUDO_REAL_TIME; HISTORICAL_PREDICTOR_VALUE_VINTAGES_UNVERIFIED
D2,2026Q1,H2,gold_price,82,0.11929885218458067,AVAILABILITY_AWARE_PSEUDO_REAL_TIME; HISTORICAL_PREDICTOR_VALUE_VINTAGES_UNVERIFIED
D2,2026Q1,H2,fx_reserves_ex_gold,82,0.13210912431559751,AVAILABILITY_AWARE_PSEUDO_REAL_TIME; HISTORICAL_PREDICTOR_VALUE_VINTAGES_UNVERIFIED
D2,2026Q1,H2,pos_turnover,70,0.59149160549912916,AVAILABILITY_AWARE_PSEUDO_REAL_TIME; HISTORICAL_PREDICTOR_VALUE_VINTAGES_UNVERIFIED
D0,2026Q1,H3,industrial_production,84,0.064957264851239566,AVAILABILITY_AWARE_PSEUDO_REAL_TIME; HISTORICAL_PREDICTOR_VALUE_VINTAGES_UNVERIFIED
D0,2026Q1,H3,ppi,84,-0.077692372581797009,AVAILABILITY_AWARE_PSEUDO_REAL_TIME; HISTORICAL_PREDICTOR_VALUE_VINTAGES_UNVERIFIED
D0,2026Q1,H3,usd_uzs,84,-0.28631354507967793,AVAILABILITY_AWARE_PSEUDO_REAL_TIME; HISTORICAL_PREDICTOR_VALUE_VINTAGES_UNVERIFIED
D0,2026Q1,H3,rub_uzs,84,0.087633082902510387,AVAILABILITY_AWARE_PSEUDO_REAL_TIME; HISTORICAL_PREDICTOR_VALUE_VINTAGES_UNVERIFIED
D0,2026Q1,H3,gold_price,84,0.090221684975733463,AVAILABILITY_AWARE_PSEUDO_REAL_TIME; HISTORICAL_PREDICTOR_VALUE_VINTAGES_UNVERIFIED
D0,2026Q1,H3,fx_reserves_ex_gold,84,0.20614995551243342,AVAILABILITY_AWARE_PSEUDO_REAL_TIME; HISTORICAL_PREDICTOR_VALUE_VINTAGES_UNVERIFIED
D0,2026Q1,H3,pos_turnover,72,0.5935315068050544,AVAILABILITY_AWARE_PSEUDO_REAL_TIME; HISTORICAL_PREDICTOR_VALUE_VINTAGES_UNVERIFIED
D2,2026Q1,H3,industrial_production,82,-0.012367518094976397,AVAILABILITY_AWARE_PSEUDO_REAL_TIME; HISTORICAL_PREDICTOR_VALUE_VINTAGES_UNVERIFIED
D2,2026Q1,H3,ppi,82,0.0037517066811670473,AVAILABILITY_AWARE_PSEUDO_REAL_TIME; HISTORICAL_PREDICTOR_VALUE_VINTAGES_UNVERIFIED
D2,2026Q1,H3,usd_uzs,82,-0.27324945738299039,AVAILABILITY_AWARE_PSEUDO_REAL_TIME; HISTORICAL_PREDICTOR_VALUE_VINTAGES_UNVERIFIED
D2,2026Q1,H3,rub_uzs,82,-0.053095617531514663,AVAILABILITY_AWARE_PSEUDO_REAL_TIME; HISTORICAL_PREDICTOR_VALUE_VINTAGES_UNVERIFIED
D2,2026Q1,H3,gold_price,82,0.11929885218458067,AVAILABILITY_AWARE_PSEUDO_REAL_TIME; HISTORICAL_PREDICTOR_VALUE_VINTAGES_UNVERIFIED
D2,2026Q1,H3,fx_reserves_ex_gold,82,0.13210912431559751,AVAILABILITY_AWARE_PSEUDO_REAL_TIME; HISTORICAL_PREDICTOR_VALUE_VINTAGES_UNVERIFIED
D2,2026Q1,H3,pos_turnover,70,0.59149160549912916,AVAILABILITY_AWARE_PSEUDO_REAL_TIME; HISTORICAL_PREDICTOR_VALUE_VINTAGES_UNVERIFIED
D0,2026Q2,H1,industrial_production,86,0.088914321943235675,AVAILABILITY_AWARE_PSEUDO_REAL_TIME; HISTORICAL_PREDICTOR_VALUE_VINTAGES_UNVERIFIED
D0,2026Q2,H1,ppi,87,-0.059799597029089498,AVAILABILITY_AWARE_PSEUDO_REAL_TIME; HISTORICAL_PREDICTOR_VALUE_VINTAGES_UNVERIFIED
D0,2026Q2,H1,usd_uzs,87,-0.2708304929148474,AVAILABILITY_AWARE_PSEUDO_REAL_TIME; HISTORICAL_PREDICTOR_VALUE_VINTAGES_UNVERIFIED
D0,2026Q2,H1,rub_uzs,87,0.076250567069178057,AVAILABILITY_AWARE_PSEUDO_REAL_TIME; HISTORICAL_PREDICTOR_VALUE_VINTAGES_UNVERIFIED
D0,2026Q2,H1,gold_price,87,0.12581206204488848,AVAILABILITY_AWARE_PSEUDO_REAL_TIME; HISTORICAL_PREDICTOR_VALUE_VINTAGES_UNVERIFIED
D0,2026Q2,H1,fx_reserves_ex_gold,87,0.18808702912745079,AVAILABILITY_AWARE_PSEUDO_REAL_TIME; HISTORICAL_PREDICTOR_VALUE_VINTAGES_UNVERIFIED
D0,2026Q2,H1,pos_turnover,72,0.5935315068050544,AVAILABILITY_AWARE_PSEUDO_REAL_TIME; HISTORICAL_PREDICTOR_VALUE_VINTAGES_UNVERIFIED
D2,2026Q2,H1,industrial_production,84,0.0108274655551,AVAILABILITY_AWARE_PSEUDO_REAL_TIME; HISTORICAL_PREDICTOR_VALUE_VINTAGES_UNVERIFIED
D2,2026Q2,H1,ppi,85,0.017085493727284136,AVAILABILITY_AWARE_PSEUDO_REAL_TIME; HISTORICAL_PREDICTOR_VALUE_VINTAGES_UNVERIFIED
D2,2026Q2,H1,usd_uzs,85,-0.26218203477984298,AVAILABILITY_AWARE_PSEUDO_REAL_TIME; HISTORICAL_PREDICTOR_VALUE_VINTAGES_UNVERIFIED
D2,2026Q2,H1,rub_uzs,85,-0.058387016237162533,AVAILABILITY_AWARE_PSEUDO_REAL_TIME; HISTORICAL_PREDICTOR_VALUE_VINTAGES_UNVERIFIED
D2,2026Q2,H1,gold_price,85,0.13553379522074219,AVAILABILITY_AWARE_PSEUDO_REAL_TIME; HISTORICAL_PREDICTOR_VALUE_VINTAGES_UNVERIFIED
D2,2026Q2,H1,fx_reserves_ex_gold,85,0.10704583277296144,AVAILABILITY_AWARE_PSEUDO_REAL_TIME; HISTORICAL_PREDICTOR_VALUE_VINTAGES_UNVERIFIED
D2,2026Q2,H1,pos_turnover,70,0.59149160549912916,AVAILABILITY_AWARE_PSEUDO_REAL_TIME; HISTORICAL_PREDICTOR_VALUE_VINTAGES_UNVERIFIED
D0,2026Q2,H2,industrial_production,87,0.10107155663772982,AVAILABILITY_AWARE_PSEUDO_REAL_TIME; HISTORICAL_PREDICTOR_VALUE_VINTAGES_UNVERIFIED
D0,2026Q2,H2,ppi,87,-0.059799597029089498,AVAILABILITY_AWARE_PSEUDO_REAL_TIME; HISTORICAL_PREDICTOR_VALUE_VINTAGES_UNVERIFIED
D0,2026Q2,H2,usd_uzs,87,-0.2708304929148474,AVAILABILITY_AWARE_PSEUDO_REAL_TIME; HISTORICAL_PREDICTOR_VALUE_VINTAGES_UNVERIFIED
D0,2026Q2,H2,rub_uzs,87,0.076250567069178057,AVAILABILITY_AWARE_PSEUDO_REAL_TIME; HISTORICAL_PREDICTOR_VALUE_VINTAGES_UNVERIFIED
D0,2026Q2,H2,gold_price,87,0.12581206204488848,AVAILABILITY_AWARE_PSEUDO_REAL_TIME; HISTORICAL_PREDICTOR_VALUE_VINTAGES_UNVERIFIED
D0,2026Q2,H2,fx_reserves_ex_gold,87,0.18808702912745079,AVAILABILITY_AWARE_PSEUDO_REAL_TIME; HISTORICAL_PREDICTOR_VALUE_VINTAGES_UNVERIFIED
D0,2026Q2,H2,pos_turnover,72,0.5935315068050544,AVAILABILITY_AWARE_PSEUDO_REAL_TIME; HISTORICAL_PREDICTOR_VALUE_VINTAGES_UNVERIFIED
D2,2026Q2,H2,industrial_production,85,0.025998922773032937,AVAILABILITY_AWARE_PSEUDO_REAL_TIME; HISTORICAL_PREDICTOR_VALUE_VINTAGES_UNVERIFIED
D2,2026Q2,H2,ppi,85,0.017085493727284136,AVAILABILITY_AWARE_PSEUDO_REAL_TIME; HISTORICAL_PREDICTOR_VALUE_VINTAGES_UNVERIFIED
D2,2026Q2,H2,usd_uzs,85,-0.26218203477984298,AVAILABILITY_AWARE_PSEUDO_REAL_TIME; HISTORICAL_PREDICTOR_VALUE_VINTAGES_UNVERIFIED
D2,2026Q2,H2,rub_uzs,85,-0.058387016237162533,AVAILABILITY_AWARE_PSEUDO_REAL_TIME; HISTORICAL_PREDICTOR_VALUE_VINTAGES_UNVERIFIED
D2,2026Q2,H2,gold_price,85,0.13553379522074219,AVAILABILITY_AWARE_PSEUDO_REAL_TIME; HISTORICAL_PREDICTOR_VALUE_VINTAGES_UNVERIFIED
D2,2026Q2,H2,fx_reserves_ex_gold,85,0.10704583277296144,AVAILABILITY_AWARE_PSEUDO_REAL_TIME; HISTORICAL_PREDICTOR_VALUE_VINTAGES_UNVERIFIED
D2,2026Q2,H2,pos_turnover,70,0.59149160549912916,AVAILABILITY_AWARE_PSEUDO_REAL_TIME; HISTORICAL_PREDICTOR_VALUE_VINTAGES_UNVERIFIED
D0,2026Q2,H3,industrial_production,87,0.10107155663772982,AVAILABILITY_AWARE_PSEUDO_REAL_TIME; HISTORICAL_PREDICTOR_VALUE_VINTAGES_UNVERIFIED
D0,2026Q2,H3,ppi,87,-0.059799597029089498,AVAILABILITY_AWARE_PSEUDO_REAL_TIME; HISTORICAL_PREDICTOR_VALUE_VINTAGES_UNVERIFIED
D0,2026Q2,H3,usd_uzs,87,-0.2708304929148474,AVAILABILITY_AWARE_PSEUDO_REAL_TIME; HISTORICAL_PREDICTOR_VALUE_VINTAGES_UNVERIFIED
D0,2026Q2,H3,rub_uzs,87,0.076250567069178057,AVAILABILITY_AWARE_PSEUDO_REAL_TIME; HISTORICAL_PREDICTOR_VALUE_VINTAGES_UNVERIFIED
D0,2026Q2,H3,gold_price,87,0.12581206204488848,AVAILABILITY_AWARE_PSEUDO_REAL_TIME; HISTORICAL_PREDICTOR_VALUE_VINTAGES_UNVERIFIED
D0,2026Q2,H3,fx_reserves_ex_gold,87,0.18808702912745079,AVAILABILITY_AWARE_PSEUDO_REAL_TIME; HISTORICAL_PREDICTOR_VALUE_VINTAGES_UNVERIFIED
D0,2026Q2,H3,pos_turnover,72,0.5935315068050544,AVAILABILITY_AWARE_PSEUDO_REAL_TIME; HISTORICAL_PREDICTOR_VALUE_VINTAGES_UNVERIFIED
D2,2026Q2,H3,industrial_production,85,0.025998922773032937,AVAILABILITY_AWARE_PSEUDO_REAL_TIME; HISTORICAL_PREDICTOR_VALUE_VINTAGES_UNVERIFIED
D2,2026Q2,H3,ppi,85,0.017085493727284136,AVAILABILITY_AWARE_PSEUDO_REAL_TIME; HISTORICAL_PREDICTOR_VALUE_VINTAGES_UNVERIFIED
D2,2026Q2,H3,usd_uzs,85,-0.26218203477984298,AVAILABILITY_AWARE_PSEUDO_REAL_TIME; HISTORICAL_PREDICTOR_VALUE_VINTAGES_UNVERIFIED
D2,2026Q2,H3,rub_uzs,85,-0.058387016237162533,AVAILABILITY_AWARE_PSEUDO_REAL_TIME; HISTORICAL_PREDICTOR_VALUE_VINTAGES_UNVERIFIED
D2,2026Q2,H3,gold_price,85,0.13553379522074219,AVAILABILITY_AWARE_PSEUDO_REAL_TIME; HISTORICAL_PREDICTOR_VALUE_VINTAGES_UNVERIFIED
D2,2026Q2,H3,fx_reserves_ex_gold,85,0.10704583277296144,AVAILABILITY_AWARE_PSEUDO_REAL_TIME; HISTORICAL_PREDICTOR_VALUE_VINTAGES_UNVERIFIED
D2,2026Q2,H3,pos_turnover,70,0.59149160549912916,AVAILABILITY_AWARE_PSEUDO_REAL_TIME; HISTORICAL_PREDICTOR_VALUE_VINTAGES_UNVERIFIED
