cbu_block,cbu_indicator,candidate_variable_key,clean_model_field,mapping_status,economic_match_explanation,provider,native_source,native_frequency,raw_unit,transformation,verified_start,verified_end,actual_panel_start,actual_panel_end,nonmissing_observations,missing_share,typical_release_lag_days,revision_characteristics,structural_breaks,realtime_suitability,source_automation_status,recommended_role,notes,h1_suitability,h2_suitability,h3_suitability
Supply,Industrial production,industrial_production,ind_prod_yoy_log,CLOSE_MATCH,"National industrial output in current prices, not verified as the CBU physical-volume concept.",SIAT,https://api.siat.stat.uz/sdmx/590/table/download/?download_format=json,Monthly,"billion UZS, current prices",De-cumulate within calendar year; then 100*ln(monthly_flow_t/monthly_flow_t-12). Flag non-positive flows.,2019-M01,2026-M07,2020-01-31,2026-08-31,80,0.23809523809523808,33.0,Moderate: preliminary recent observations and later annual reconciliation/classification revisions.,Current-price activity; not a physical-volume measure. Sensitivity: deflate with PPI or substitute physical-volume index.,current release/update timestamp only; not historical first-release vintages,READY_API,CORE_CBU_REPLICATION,Counts/missing_share use 2018-01 through 2026-09 (105 calendar months); sample suitability differs from economic match. CBU original unit/selector not independently verified.,2026Q3 standard ref cutoff 2026-05-31; conservative 2026-05-31; latest populated before standard cutoff 2026-05-31; registry lag approximation,2026Q3 standard ref cutoff 2026-06-30; conservative 2026-06-30; latest populated before standard cutoff 2026-06-30; registry lag approximation,2026Q3 standard ref cutoff 2026-07-31; conservative 2026-07-31; latest populated before standard cutoff 2026-07-31; registry lag approximation
Supply,Construction,construction,construction_yoy_log,AVAILABLE_BUT_SHORT,National construction works is a direct concept match; usable YoY begins 2022.,SIAT,https://api.siat.stat.uz/sdmx/2403/table/download/?download_format=json,Monthly,billion UZS,De-cumulate within calendar year; then 100*ln(monthly_flow_t/monthly_flow_t-12).,2021-M01,2026-M08,2022-01-31,2026-08-31,56,0.4666666666666667,27.0,Moderate: recent months may be preliminary; later reporting/reconciliation revisions.,Shorter history than target; current-price turnover-style measure.,current release/update timestamp only; not historical first-release vintages,READY_API,CORE_CBU_REPLICATION,Counts/missing_share use 2018-01 through 2026-09 (105 calendar months); sample suitability differs from economic match. CBU original unit/selector not independently verified.,2026Q3 standard ref cutoff 2026-06-30; conservative 2026-05-31; latest populated before standard cutoff 2026-06-30; registry lag approximation,2026Q3 standard ref cutoff 2026-07-31; conservative 2026-06-30; latest populated before standard cutoff 2026-07-31; registry lag approximation,2026Q3 standard ref cutoff 2026-08-31; conservative 2026-07-31; latest populated before standard cutoff 2026-08-31; registry lag approximation
Supply,Services output,,,MISSING,No output/turnover services series in the registry or master; CPI services is a price index.,,,,,,,,,,0,1.0,,,,NOT_AVAILABLE,,EXCLUDE_FROM_6A2,Counts/missing_share use 2018-01 through 2026-09 (105 calendar months); sample suitability differs from economic match. CBU original unit/selector not independently verified.,NOT_AVAILABLE,NOT_AVAILABLE,NOT_AVAILABLE
Consumption,Retail trade,retail_trade,retail_yoy_log,AVAILABLE_BUT_SHORT,National nominal retail turnover matches the concept; usable YoY begins 2021.,SIAT,https://api.siat.stat.uz/sdmx/2699/table/download/?download_format=json,Monthly,billion UZS (source: million sums; standardization scale 0.001),De-cumulate within calendar year; then 100*ln(monthly_flow_t/monthly_flow_t-12).,2020-M01,2026-M08,2021-01-31,2026-08-31,68,0.3523809523809524,24.0,Moderate: business reporting and coverage updates can revise recent data.,Nominal turnover; CPI can be used in sensitivity deflation.,current release/update timestamp only; not historical first-release vintages,READY_API,CORE_CBU_REPLICATION,Counts/missing_share use 2018-01 through 2026-09 (105 calendar months); sample suitability differs from economic match. CBU original unit/selector not independently verified.,2026Q3 standard ref cutoff 2026-06-30; conservative 2026-05-31; latest populated before standard cutoff 2026-06-30; registry lag approximation,2026Q3 standard ref cutoff 2026-07-31; conservative 2026-06-30; latest populated before standard cutoff 2026-07-31; registry lag approximation,2026Q3 standard ref cutoff 2026-08-31; conservative 2026-07-31; latest populated before standard cutoff 2026-08-31; registry lag approximation
Payments,Receipts from trade and paid services,pos_turnover,pos_turnover_yoy_log,ALTERNATIVE_PROXY,Closest modern alternative: merchant card receipts for goods/services; excludes cash and non-card receipts.,CBU,https://cbu.uz/upload/open_data/0047/4-009-0047_eng.json,Monthly archive / current JSON snapshot,million UZS,Use Total row. De-cumulate YTD within calendar year; then 100*ln(monthly_flow_t/monthly_flow_t-12).,2018-M01 (archive verified; 2017 annual also exists),2026-M08 release family,2020-01-31,2026-06-30,20,0.8095238095238095,18.0,Low-to-moderate operational revisions; bank/device coverage and payment-channel migration create structural changes.,Open-data JSON is a current snapshot; historical build must spider monthly archive pages/XLSX files. Strong trend from cashless adoption.,archive-date proxy available; not historical first-release vintages,ARCHIVE_SPIDER,CBU_PROXY_EXTENSION,Counts/missing_share use 2018-01 through 2026-09 (105 calendar months); sample suitability differs from economic match. CBU original unit/selector not independently verified.,2026Q3 standard ref cutoff 2026-06-30; conservative 2026-05-31; latest populated before standard cutoff 2026-06-30; registry lag approximation,2026Q3 standard ref cutoff 2026-07-31; conservative 2026-06-30; latest populated before standard cutoff 2026-06-30; registry lag approximation,2026Q3 standard ref cutoff 2026-08-31; conservative 2026-07-31; latest populated before standard cutoff 2026-06-30; registry lag approximation
Payments,Receipts from trade and paid services,instant_payments,instant_payments_yoy_log,ALTERNATIVE_PROXY,Fast payment-system business transfers; end-use not identified as trade/service receipts.,CBU,https://cbu.uz/upload/open_data/0050/4-009-0050_eng.json,Monthly,UZS (transaction amount),Aggregate Total amount; convert UZS to billion UZS; 100*ln(flow_t/flow_t-12) after 12 months. Keep transaction count as optional auxiliary.,2021-M01,2026-M08 release family,2022-01-31,2026-06-30,15,0.8571428571428571,18.0,Low operational revisions; rapid system adoption/participant changes create structural trend.,Series begins after system rollout; not available for early V1 sample. Use as ragged-edge auxiliary or later-sample factor.,archive-date proxy available; not historical first-release vintages,ARCHIVE_SPIDER,OPTIONAL_EXTENSION,Counts/missing_share use 2018-01 through 2026-09 (105 calendar months); sample suitability differs from economic match. CBU original unit/selector not independently verified.,2026Q3 standard ref cutoff 2026-06-30; conservative 2026-05-31; latest populated before standard cutoff 2026-06-30; registry lag approximation,2026Q3 standard ref cutoff 2026-07-31; conservative 2026-06-30; latest populated before standard cutoff 2026-06-30; registry lag approximation,2026Q3 standard ref cutoff 2026-08-31; conservative 2026-07-31; latest populated before standard cutoff 2026-06-30; registry lag approximation
Payments,Receipts from trade and paid services,interbank_payments,interbank_payments_yoy_log,ALTERNATIVE_PROXY,Broad settlements include financial/non-consumption transactions; weakest end-use correspondence.,CBU,https://cbu.uz/upload/open_data/0048/4-009-0048_eng.json,Monthly,billion UZS (source: thousand UZS; standardization scale 1e-6),Extract total transaction amount; convert to billion UZS; model transform = 100*ln(flow_t/flow_t-12).,2018-M01,2026-M08 release family,2019-12-31,2025-09-30,7,0.9333333333333333,18.0,Low-to-moderate operational revisions; document-type/system changes can alter composition.,Open-data JSON is latest snapshot; historical downloader should spider payment-system archive/XLSX.,archive-date proxy available; not historical first-release vintages,ARCHIVE_SPIDER,EXCLUDE_FROM_6A2,Counts/missing_share use 2018-01 through 2026-09 (105 calendar months); sample suitability differs from economic match. CBU original unit/selector not independently verified.,2026Q3 standard ref cutoff 2026-06-30; conservative 2026-05-31; latest populated before standard cutoff 2025-09-30; registry lag approximation,2026Q3 standard ref cutoff 2026-07-31; conservative 2026-06-30; latest populated before standard cutoff 2025-09-30; registry lag approximation,2026Q3 standard ref cutoff 2026-08-31; conservative 2026-07-31; latest populated before standard cutoff 2025-09-30; registry lag approximation
External,Exports excluding gold,exports_non_gold,exports_non_gold_yoy_log,ALTERNATIVE_PROXY,"Total exports minus gold-dominated Other goods, not pure gold; may also subtract non-gold goods.",Derived from SIAT,Derived after downloading source series 1103 and 3082,Monthly,million USD,De-cumulate both YTD series first; non_gold_monthly = total_exports_monthly - gold_proxy_monthly; then YoY log growth where positive.,2021-M01,2026-M08,2022-01-31,2026-08-31,56,0.4666666666666667,26.0,Inherits both source revisions; can change when gold classification/customs data are revised.,Not an official published 'non-gold exports' indicator; definition depends on gold proxy.,current release/update timestamp only; not historical first-release vintages,DERIVED,CBU_PROXY_EXTENSION,Counts/missing_share use 2018-01 through 2026-09 (105 calendar months); sample suitability differs from economic match. CBU original unit/selector not independently verified.,2026Q3 standard ref cutoff 2026-06-30; conservative 2026-05-31; latest populated before standard cutoff 2026-06-30; registry lag approximation,2026Q3 standard ref cutoff 2026-07-31; conservative 2026-06-30; latest populated before standard cutoff 2026-07-31; registry lag approximation,2026Q3 standard ref cutoff 2026-08-31; conservative 2026-07-31; latest populated before standard cutoff 2026-08-31; registry lag approximation
External,Imports,imports_total,imports_total_yoy_log,AVAILABLE_BUT_SHORT,National nominal USD imports directly match concept; usable YoY begins 2022.,SIAT,https://api.siat.stat.uz/sdmx/1162/table/download/?download_format=json,Monthly,million USD,De-cumulate within calendar year to monthly USD flow; then 100*ln(flow_t/flow_t-12).,2021-M01,2026-M08,2022-01-31,2026-08-31,56,0.4666666666666667,26.0,Moderate: customs declarations and subsequent corrections can revise recent history.,Nominal USD flow; exchange-rate and commodity-price effects remain in V1.,current release/update timestamp only; not historical first-release vintages,READY_API,CORE_CBU_REPLICATION,Counts/missing_share use 2018-01 through 2026-09 (105 calendar months); sample suitability differs from economic match. CBU original unit/selector not independently verified.,2026Q3 standard ref cutoff 2026-06-30; conservative 2026-05-31; latest populated before standard cutoff 2026-06-30; registry lag approximation,2026Q3 standard ref cutoff 2026-07-31; conservative 2026-06-30; latest populated before standard cutoff 2026-07-31; registry lag approximation,2026Q3 standard ref cutoff 2026-08-31; conservative 2026-07-31; latest populated before standard cutoff 2026-08-31; registry lag approximation
Labour,Job-search activity / queries,,,MISSING,"No stored search queries, labour-search index, registry contract or frozen historical retrieval.",,,,,,,,,,0,1.0,,,,NOT_AVAILABLE,,EXCLUDE_FROM_6A2,Counts/missing_share use 2018-01 through 2026-09 (105 calendar months); sample suitability differs from economic match. CBU original unit/selector not independently verified.,NOT_AVAILABLE,NOT_AVAILABLE,NOT_AVAILABLE
