model,lag_mode,evaluation_group,horizon,sample,comparison,n,quarters,first_quarter,last_quarter,rmse,mae,bias,bias_convention
DFM_DOMESTIC_3_IMPORTS__BRIDGE_A,conservative,POOLED_COMMON_ORIGINS_RESEARCH_ONLY,H1,MATCHED_SAMPLE_COMMON_ALL_PRIMARY_MODELS,,10,10,2024Q1,2026Q2,0.987205015632,0.740145969586,0.675169177138,actual_minus_forecast
DFM_DOMESTIC_3_IMPORTS__BRIDGE_A,conservative,POOLED_COMMON_ORIGINS_RESEARCH_ONLY,H2,MATCHED_SAMPLE_COMMON_ALL_PRIMARY_MODELS,,10,10,2024Q1,2026Q2,0.937846115112,0.6954624771,0.673832954526,actual_minus_forecast
DFM_DOMESTIC_3_IMPORTS__BRIDGE_A,conservative,POOLED_COMMON_ORIGINS_RESEARCH_ONLY,H3,MATCHED_SAMPLE_COMMON_ALL_PRIMARY_MODELS,,10,10,2024Q1,2026Q2,1.01834071581,0.833089618364,0.500178138985,actual_minus_forecast
DFM_DOMESTIC_3_IMPORTS__BRIDGE_A,conservative,POOLED_COMMON_ORIGINS_RESEARCH_ONLY,ALL,MATCHED_SAMPLE_COMMON_ALL_PRIMARY_MODELS,,30,10,2024Q1,2026Q2,0.981690190777,0.75623268835,0.61639342355,actual_minus_forecast
DFM_DOMESTIC_3_IMPORTS__BRIDGE_A,standard,POOLED_COMMON_ORIGINS_RESEARCH_ONLY,H1,MATCHED_SAMPLE_COMMON_ALL_PRIMARY_MODELS,,10,10,2024Q1,2026Q2,0.859940337953,0.623318493566,0.587503088723,actual_minus_forecast
DFM_DOMESTIC_3_IMPORTS__BRIDGE_A,standard,POOLED_COMMON_ORIGINS_RESEARCH_ONLY,H2,MATCHED_SAMPLE_COMMON_ALL_PRIMARY_MODELS,,10,10,2024Q1,2026Q2,0.823541606476,0.609837943997,0.463173128637,actual_minus_forecast
DFM_DOMESTIC_3_IMPORTS__BRIDGE_A,standard,POOLED_COMMON_ORIGINS_RESEARCH_ONLY,H3,MATCHED_SAMPLE_COMMON_ALL_PRIMARY_MODELS,,10,10,2024Q1,2026Q2,0.869932682337,0.689114256918,0.395588490564,actual_minus_forecast
DFM_DOMESTIC_3_IMPORTS__BRIDGE_A,standard,POOLED_COMMON_ORIGINS_RESEARCH_ONLY,ALL,MATCHED_SAMPLE_COMMON_ALL_PRIMARY_MODELS,,30,10,2024Q1,2026Q2,0.851371645099,0.64075689816,0.482088235975,actual_minus_forecast
DFM_DOMESTIC_3_IMPORTS__BRIDGE_B,conservative,POOLED_COMMON_ORIGINS_RESEARCH_ONLY,H1,MATCHED_SAMPLE_COMMON_ALL_PRIMARY_MODELS,,10,10,2024Q1,2026Q2,0.648551665638,0.471378966406,0.408328258829,actual_minus_forecast
DFM_DOMESTIC_3_IMPORTS__BRIDGE_B,conservative,POOLED_COMMON_ORIGINS_RESEARCH_ONLY,H2,MATCHED_SAMPLE_COMMON_ALL_PRIMARY_MODELS,,10,10,2024Q1,2026Q2,0.636412006436,0.454323570691,0.412341136509,actual_minus_forecast
DFM_DOMESTIC_3_IMPORTS__BRIDGE_B,conservative,POOLED_COMMON_ORIGINS_RESEARCH_ONLY,H3,MATCHED_SAMPLE_COMMON_ALL_PRIMARY_MODELS,,10,10,2024Q1,2026Q2,0.691534779933,0.539426413966,0.325018935963,actual_minus_forecast
DFM_DOMESTIC_3_IMPORTS__BRIDGE_B,conservative,POOLED_COMMON_ORIGINS_RESEARCH_ONLY,ALL,MATCHED_SAMPLE_COMMON_ALL_PRIMARY_MODELS,,30,10,2024Q1,2026Q2,0.659257121512,0.488376317021,0.381896110433,actual_minus_forecast
DFM_DOMESTIC_3_IMPORTS__BRIDGE_B,standard,POOLED_COMMON_ORIGINS_RESEARCH_ONLY,H1,MATCHED_SAMPLE_COMMON_ALL_PRIMARY_MODELS,,10,10,2024Q1,2026Q2,0.61517774128,0.433844454903,0.378534423129,actual_minus_forecast
DFM_DOMESTIC_3_IMPORTS__BRIDGE_B,standard,POOLED_COMMON_ORIGINS_RESEARCH_ONLY,H2,MATCHED_SAMPLE_COMMON_ALL_PRIMARY_MODELS,,10,10,2024Q1,2026Q2,0.614733927705,0.438061934374,0.323239034419,actual_minus_forecast
DFM_DOMESTIC_3_IMPORTS__BRIDGE_B,standard,POOLED_COMMON_ORIGINS_RESEARCH_ONLY,H3,MATCHED_SAMPLE_COMMON_ALL_PRIMARY_MODELS,,10,10,2024Q1,2026Q2,0.644120163266,0.488830283946,0.290547421112,actual_minus_forecast
DFM_DOMESTIC_3_IMPORTS__BRIDGE_B,standard,POOLED_COMMON_ORIGINS_RESEARCH_ONLY,ALL,MATCHED_SAMPLE_COMMON_ALL_PRIMARY_MODELS,,30,10,2024Q1,2026Q2,0.624828573814,0.453578891074,0.33077362622,actual_minus_forecast
DFM_DOMESTIC_3_SERVICES_RAW_BREAK__BRIDGE_A,conservative,POOLED_COMMON_ORIGINS_RESEARCH_ONLY,H1,MATCHED_SAMPLE_COMMON_ALL_PRIMARY_MODELS,,10,10,2024Q1,2026Q2,0.982787990937,0.737032012756,0.672048603131,actual_minus_forecast
DFM_DOMESTIC_3_SERVICES_RAW_BREAK__BRIDGE_A,conservative,POOLED_COMMON_ORIGINS_RESEARCH_ONLY,H2,MATCHED_SAMPLE_COMMON_ALL_PRIMARY_MODELS,,10,10,2024Q1,2026Q2,0.945984223031,0.699843650679,0.678213983136,actual_minus_forecast
DFM_DOMESTIC_3_SERVICES_RAW_BREAK__BRIDGE_A,conservative,POOLED_COMMON_ORIGINS_RESEARCH_ONLY,H3,MATCHED_SAMPLE_COMMON_ALL_PRIMARY_MODELS,,10,10,2024Q1,2026Q2,1.0247171666,0.837140018493,0.504227321036,actual_minus_forecast
DFM_DOMESTIC_3_SERVICES_RAW_BREAK__BRIDGE_A,conservative,POOLED_COMMON_ORIGINS_RESEARCH_ONLY,ALL,MATCHED_SAMPLE_COMMON_ALL_PRIMARY_MODELS,,30,10,2024Q1,2026Q2,0.985021769111,0.75800522731,0.618163302434,actual_minus_forecast
DFM_DOMESTIC_3_SERVICES_RAW_BREAK__BRIDGE_A,standard,POOLED_COMMON_ORIGINS_RESEARCH_ONLY,H1,MATCHED_SAMPLE_COMMON_ALL_PRIMARY_MODELS,,10,10,2024Q1,2026Q2,0.868556517105,0.631237450695,0.603990750535,actual_minus_forecast
DFM_DOMESTIC_3_SERVICES_RAW_BREAK__BRIDGE_A,standard,POOLED_COMMON_ORIGINS_RESEARCH_ONLY,H2,MATCHED_SAMPLE_COMMON_ALL_PRIMARY_MODELS,,10,10,2024Q1,2026Q2,0.82407311474,0.61721377555,0.474669001358,actual_minus_forecast
DFM_DOMESTIC_3_SERVICES_RAW_BREAK__BRIDGE_A,standard,POOLED_COMMON_ORIGINS_RESEARCH_ONLY,H3,MATCHED_SAMPLE_COMMON_ALL_PRIMARY_MODELS,,10,10,2024Q1,2026Q2,0.871169969685,0.692856457845,0.413676074891,actual_minus_forecast
DFM_DOMESTIC_3_SERVICES_RAW_BREAK__BRIDGE_A,standard,POOLED_COMMON_ORIGINS_RESEARCH_ONLY,ALL,MATCHED_SAMPLE_COMMON_ALL_PRIMARY_MODELS,,30,10,2024Q1,2026Q2,0.85487309739,0.647102561363,0.497445275595,actual_minus_forecast
DFM_DOMESTIC_3_SERVICES_RAW_BREAK__BRIDGE_B,conservative,POOLED_COMMON_ORIGINS_RESEARCH_ONLY,H1,MATCHED_SAMPLE_COMMON_ALL_PRIMARY_MODELS,,10,10,2024Q1,2026Q2,0.647767484062,0.470490620745,0.407436776133,actual_minus_forecast
DFM_DOMESTIC_3_SERVICES_RAW_BREAK__BRIDGE_B,conservative,POOLED_COMMON_ORIGINS_RESEARCH_ONLY,H2,MATCHED_SAMPLE_COMMON_ALL_PRIMARY_MODELS,,10,10,2024Q1,2026Q2,0.638063685452,0.455233618459,0.413251127379,actual_minus_forecast
DFM_DOMESTIC_3_SERVICES_RAW_BREAK__BRIDGE_B,conservative,POOLED_COMMON_ORIGINS_RESEARCH_ONLY,H3,MATCHED_SAMPLE_COMMON_ALL_PRIMARY_MODELS,,10,10,2024Q1,2026Q2,0.691786885041,0.539506957972,0.325098772245,actual_minus_forecast
DFM_DOMESTIC_3_SERVICES_RAW_BREAK__BRIDGE_B,conservative,POOLED_COMMON_ORIGINS_RESEARCH_ONLY,ALL,MATCHED_SAMPLE_COMMON_ALL_PRIMARY_MODELS,,30,10,2024Q1,2026Q2,0.659620364153,0.488410399058,0.381928891919,actual_minus_forecast
DFM_DOMESTIC_3_SERVICES_RAW_BREAK__BRIDGE_B,standard,POOLED_COMMON_ORIGINS_RESEARCH_ONLY,H1,MATCHED_SAMPLE_COMMON_ALL_PRIMARY_MODELS,,10,10,2024Q1,2026Q2,0.617652486687,0.434684941277,0.385443594906,actual_minus_forecast
DFM_DOMESTIC_3_SERVICES_RAW_BREAK__BRIDGE_B,standard,POOLED_COMMON_ORIGINS_RESEARCH_ONLY,H2,MATCHED_SAMPLE_COMMON_ALL_PRIMARY_MODELS,,10,10,2024Q1,2026Q2,0.615015609308,0.44090513903,0.327769989656,actual_minus_forecast
DFM_DOMESTIC_3_SERVICES_RAW_BREAK__BRIDGE_B,standard,POOLED_COMMON_ORIGINS_RESEARCH_ONLY,H3,MATCHED_SAMPLE_COMMON_ALL_PRIMARY_MODELS,,10,10,2024Q1,2026Q2,0.642985748725,0.488947585039,0.297734786135,actual_minus_forecast
DFM_DOMESTIC_3_SERVICES_RAW_BREAK__BRIDGE_B,standard,POOLED_COMMON_ORIGINS_RESEARCH_ONLY,ALL,MATCHED_SAMPLE_COMMON_ALL_PRIMARY_MODELS,,30,10,2024Q1,2026Q2,0.625345095945,0.454845888449,0.336982790232,actual_minus_forecast
DFM_DOMESTIC_3_SERVICES__BRIDGE_A,conservative,POOLED_COMMON_ORIGINS_RESEARCH_ONLY,H1,MATCHED_SAMPLE_COMMON_ALL_PRIMARY_MODELS,,10,10,2024Q1,2026Q2,0.973931114003,0.73092792577,0.665944516145,actual_minus_forecast
DFM_DOMESTIC_3_SERVICES__BRIDGE_A,conservative,POOLED_COMMON_ORIGINS_RESEARCH_ONLY,H2,MATCHED_SAMPLE_COMMON_ALL_PRIMARY_MODELS,,10,10,2024Q1,2026Q2,0.928698783893,0.687967994632,0.666338327089,actual_minus_forecast
DFM_DOMESTIC_3_SERVICES__BRIDGE_A,conservative,POOLED_COMMON_ORIGINS_RESEARCH_ONLY,H3,MATCHED_SAMPLE_COMMON_ALL_PRIMARY_MODELS,,10,10,2024Q1,2026Q2,1.00119194953,0.818758081759,0.485845384302,actual_minus_forecast
DFM_DOMESTIC_3_SERVICES__BRIDGE_A,conservative,POOLED_COMMON_ORIGINS_RESEARCH_ONLY,ALL,MATCHED_SAMPLE_COMMON_ALL_PRIMARY_MODELS,,30,10,2024Q1,2026Q2,0.968402217715,0.745884667387,0.606042742512,actual_minus_forecast
DFM_DOMESTIC_3_SERVICES__BRIDGE_A,standard,POOLED_COMMON_ORIGINS_RESEARCH_ONLY,H1,MATCHED_SAMPLE_COMMON_ALL_PRIMARY_MODELS,,10,10,2024Q1,2026Q2,0.859728889653,0.622840567672,0.595593867512,actual_minus_forecast
DFM_DOMESTIC_3_SERVICES__BRIDGE_A,standard,POOLED_COMMON_ORIGINS_RESEARCH_ONLY,H2,MATCHED_SAMPLE_COMMON_ALL_PRIMARY_MODELS,,10,10,2024Q1,2026Q2,0.811443798495,0.605943094276,0.463398207648,actual_minus_forecast
DFM_DOMESTIC_3_SERVICES__BRIDGE_A,standard,POOLED_COMMON_ORIGINS_RESEARCH_ONLY,H3,MATCHED_SAMPLE_COMMON_ALL_PRIMARY_MODELS,,10,10,2024Q1,2026Q2,0.850821205631,0.674660489708,0.395480106753,actual_minus_forecast
DFM_DOMESTIC_3_SERVICES__BRIDGE_A,standard,POOLED_COMMON_ORIGINS_RESEARCH_ONLY,ALL,MATCHED_SAMPLE_COMMON_ALL_PRIMARY_MODELS,,30,10,2024Q1,2026Q2,0.840926379214,0.634481383885,0.484824060637,actual_minus_forecast
DFM_DOMESTIC_3_SERVICES__BRIDGE_B,conservative,POOLED_COMMON_ORIGINS_RESEARCH_ONLY,H1,MATCHED_SAMPLE_COMMON_ALL_PRIMARY_MODELS,,10,10,2024Q1,2026Q2,0.641136961992,0.465402044749,0.402348200137,actual_minus_forecast
DFM_DOMESTIC_3_SERVICES__BRIDGE_B,conservative,POOLED_COMMON_ORIGINS_RESEARCH_ONLY,H2,MATCHED_SAMPLE_COMMON_ALL_PRIMARY_MODELS,,10,10,2024Q1,2026Q2,0.631084373559,0.449553502085,0.407571011005,actual_minus_forecast
DFM_DOMESTIC_3_SERVICES__BRIDGE_B,conservative,POOLED_COMMON_ORIGINS_RESEARCH_ONLY,H3,MATCHED_SAMPLE_COMMON_ALL_PRIMARY_MODELS,,10,10,2024Q1,2026Q2,0.685807212624,0.533278253879,0.318870068153,actual_minus_forecast
DFM_DOMESTIC_3_SERVICES__BRIDGE_B,conservative,POOLED_COMMON_ORIGINS_RESEARCH_ONLY,ALL,MATCHED_SAMPLE_COMMON_ALL_PRIMARY_MODELS,,30,10,2024Q1,2026Q2,0.653109389375,0.482744600238,0.376263093099,actual_minus_forecast
DFM_DOMESTIC_3_SERVICES__BRIDGE_B,standard,POOLED_COMMON_ORIGINS_RESEARCH_ONLY,H1,MATCHED_SAMPLE_COMMON_ALL_PRIMARY_MODELS,,10,10,2024Q1,2026Q2,0.614304454982,0.431049013003,0.381807666633,actual_minus_forecast
DFM_DOMESTIC_3_SERVICES__BRIDGE_B,standard,POOLED_COMMON_ORIGINS_RESEARCH_ONLY,H2,MATCHED_SAMPLE_COMMON_ALL_PRIMARY_MODELS,,10,10,2024Q1,2026Q2,0.61548874571,0.439307667192,0.32617246627,actual_minus_forecast
DFM_DOMESTIC_3_SERVICES__BRIDGE_B,standard,POOLED_COMMON_ORIGINS_RESEARCH_ONLY,H3,MATCHED_SAMPLE_COMMON_ALL_PRIMARY_MODELS,,10,10,2024Q1,2026Q2,0.643850774946,0.486559136323,0.295346337419,actual_minus_forecast
DFM_DOMESTIC_3_SERVICES__BRIDGE_B,standard,POOLED_COMMON_ORIGINS_RESEARCH_ONLY,ALL,MATCHED_SAMPLE_COMMON_ALL_PRIMARY_MODELS,,30,10,2024Q1,2026Q2,0.62469730801,0.452305272173,0.334442156774,actual_minus_forecast
DFM_DOMESTIC_3__BRIDGE_A,conservative,POOLED_COMMON_ORIGINS_RESEARCH_ONLY,H1,MATCHED_SAMPLE_COMMON_ALL_PRIMARY_MODELS,,10,10,2024Q1,2026Q2,0.987221815404,0.740154121919,0.675175467903,actual_minus_forecast
DFM_DOMESTIC_3__BRIDGE_A,conservative,POOLED_COMMON_ORIGINS_RESEARCH_ONLY,H2,MATCHED_SAMPLE_COMMON_ALL_PRIMARY_MODELS,,10,10,2024Q1,2026Q2,0.937946559464,0.695555735263,0.67392607657,actual_minus_forecast
DFM_DOMESTIC_3__BRIDGE_A,conservative,POOLED_COMMON_ORIGINS_RESEARCH_ONLY,H3,MATCHED_SAMPLE_COMMON_ALL_PRIMARY_MODELS,,10,10,2024Q1,2026Q2,1.01843715101,0.83320106577,0.500288411953,actual_minus_forecast
DFM_DOMESTIC_3__BRIDGE_A,conservative,POOLED_COMMON_ORIGINS_RESEARCH_ONLY,ALL,MATCHED_SAMPLE_COMMON_ALL_PRIMARY_MODELS,,30,10,2024Q1,2026Q2,0.981761154214,0.756303640984,0.616463318809,actual_minus_forecast
DFM_DOMESTIC_3__BRIDGE_A,standard,POOLED_COMMON_ORIGINS_RESEARCH_ONLY,H1,MATCHED_SAMPLE_COMMON_ALL_PRIMARY_MODELS,,10,10,2024Q1,2026Q2,0.860369610345,0.623137181389,0.589060632683,actual_minus_forecast
DFM_DOMESTIC_3__BRIDGE_A,standard,POOLED_COMMON_ORIGINS_RESEARCH_ONLY,H2,MATCHED_SAMPLE_COMMON_ALL_PRIMARY_MODELS,,10,10,2024Q1,2026Q2,0.824161567529,0.610724417707,0.462089616173,actual_minus_forecast
DFM_DOMESTIC_3__BRIDGE_A,standard,POOLED_COMMON_ORIGINS_RESEARCH_ONLY,H3,MATCHED_SAMPLE_COMMON_ALL_PRIMARY_MODELS,,10,10,2024Q1,2026Q2,0.870491177014,0.689785622567,0.395372448723,actual_minus_forecast
DFM_DOMESTIC_3__BRIDGE_A,standard,POOLED_COMMON_ORIGINS_RESEARCH_ONLY,ALL,MATCHED_SAMPLE_COMMON_ALL_PRIMARY_MODELS,,30,10,2024Q1,2026Q2,0.851906302566,0.641215740554,0.482174232526,actual_minus_forecast
DFM_DOMESTIC_3__BRIDGE_B,conservative,POOLED_COMMON_ORIGINS_RESEARCH_ONLY,H1,MATCHED_SAMPLE_COMMON_ALL_PRIMARY_MODELS,,10,10,2024Q1,2026Q2,0.648663908386,0.471427429518,0.408375990967,actual_minus_forecast
DFM_DOMESTIC_3__BRIDGE_B,conservative,POOLED_COMMON_ORIGINS_RESEARCH_ONLY,H2,MATCHED_SAMPLE_COMMON_ALL_PRIMARY_MODELS,,10,10,2024Q1,2026Q2,0.63648260953,0.454393138189,0.412410735917,actual_minus_forecast
DFM_DOMESTIC_3__BRIDGE_B,conservative,POOLED_COMMON_ORIGINS_RESEARCH_ONLY,H3,MATCHED_SAMPLE_COMMON_ALL_PRIMARY_MODELS,,10,10,2024Q1,2026Q2,0.691601464145,0.539504144608,0.325096020021,actual_minus_forecast
DFM_DOMESTIC_3__BRIDGE_B,conservative,POOLED_COMMON_ORIGINS_RESEARCH_ONLY,ALL,MATCHED_SAMPLE_COMMON_ALL_PRIMARY_MODELS,,30,10,2024Q1,2026Q2,0.659339963773,0.488441570772,0.381960915635,actual_minus_forecast
DFM_DOMESTIC_3__BRIDGE_B,standard,POOLED_COMMON_ORIGINS_RESEARCH_ONLY,H1,MATCHED_SAMPLE_COMMON_ALL_PRIMARY_MODELS,,10,10,2024Q1,2026Q2,0.61523516188,0.43371390465,0.379281383232,actual_minus_forecast
DFM_DOMESTIC_3__BRIDGE_B,standard,POOLED_COMMON_ORIGINS_RESEARCH_ONLY,H2,MATCHED_SAMPLE_COMMON_ALL_PRIMARY_MODELS,,10,10,2024Q1,2026Q2,0.615086538371,0.438582655138,0.322637824371,actual_minus_forecast
DFM_DOMESTIC_3__BRIDGE_B,standard,POOLED_COMMON_ORIGINS_RESEARCH_ONLY,H3,MATCHED_SAMPLE_COMMON_ALL_PRIMARY_MODELS,,10,10,2024Q1,2026Q2,0.644391450116,0.489202014201,0.2904118631,actual_minus_forecast
DFM_DOMESTIC_3__BRIDGE_B,standard,POOLED_COMMON_ORIGINS_RESEARCH_ONLY,ALL,MATCHED_SAMPLE_COMMON_ALL_PRIMARY_MODELS,,30,10,2024Q1,2026Q2,0.625056289487,0.453832857997,0.330777023568,actual_minus_forecast
ar1,conservative,POOLED_COMMON_ORIGINS_RESEARCH_ONLY,H1,MATCHED_SAMPLE_COMMON_ALL_PRIMARY_MODELS,,10,10,2024Q1,2026Q2,0.60624713325,0.50947956317,0.50947956317,actual_minus_forecast
ar1,conservative,POOLED_COMMON_ORIGINS_RESEARCH_ONLY,H2,MATCHED_SAMPLE_COMMON_ALL_PRIMARY_MODELS,,10,10,2024Q1,2026Q2,0.60624713325,0.50947956317,0.50947956317,actual_minus_forecast
ar1,conservative,POOLED_COMMON_ORIGINS_RESEARCH_ONLY,H3,MATCHED_SAMPLE_COMMON_ALL_PRIMARY_MODELS,,10,10,2024Q1,2026Q2,0.60624713325,0.50947956317,0.50947956317,actual_minus_forecast
ar1,conservative,POOLED_COMMON_ORIGINS_RESEARCH_ONLY,ALL,MATCHED_SAMPLE_COMMON_ALL_PRIMARY_MODELS,,30,10,2024Q1,2026Q2,0.60624713325,0.50947956317,0.50947956317,actual_minus_forecast
ar1,standard,POOLED_COMMON_ORIGINS_RESEARCH_ONLY,H1,MATCHED_SAMPLE_COMMON_ALL_PRIMARY_MODELS,,10,10,2024Q1,2026Q2,0.60624713325,0.50947956317,0.50947956317,actual_minus_forecast
ar1,standard,POOLED_COMMON_ORIGINS_RESEARCH_ONLY,H2,MATCHED_SAMPLE_COMMON_ALL_PRIMARY_MODELS,,10,10,2024Q1,2026Q2,0.60624713325,0.50947956317,0.50947956317,actual_minus_forecast
ar1,standard,POOLED_COMMON_ORIGINS_RESEARCH_ONLY,H3,MATCHED_SAMPLE_COMMON_ALL_PRIMARY_MODELS,,10,10,2024Q1,2026Q2,0.60624713325,0.50947956317,0.50947956317,actual_minus_forecast
ar1,standard,POOLED_COMMON_ORIGINS_RESEARCH_ONLY,ALL,MATCHED_SAMPLE_COMMON_ALL_PRIMARY_MODELS,,30,10,2024Q1,2026Q2,0.60624713325,0.50947956317,0.50947956317,actual_minus_forecast
ar2,conservative,POOLED_COMMON_ORIGINS_RESEARCH_ONLY,H1,MATCHED_SAMPLE_COMMON_ALL_PRIMARY_MODELS,,10,10,2024Q1,2026Q2,0.761898509747,0.649138106853,0.649138106853,actual_minus_forecast
ar2,conservative,POOLED_COMMON_ORIGINS_RESEARCH_ONLY,H2,MATCHED_SAMPLE_COMMON_ALL_PRIMARY_MODELS,,10,10,2024Q1,2026Q2,0.761898509747,0.649138106853,0.649138106853,actual_minus_forecast
ar2,conservative,POOLED_COMMON_ORIGINS_RESEARCH_ONLY,H3,MATCHED_SAMPLE_COMMON_ALL_PRIMARY_MODELS,,10,10,2024Q1,2026Q2,0.761898509747,0.649138106853,0.649138106853,actual_minus_forecast
ar2,conservative,POOLED_COMMON_ORIGINS_RESEARCH_ONLY,ALL,MATCHED_SAMPLE_COMMON_ALL_PRIMARY_MODELS,,30,10,2024Q1,2026Q2,0.761898509747,0.649138106853,0.649138106853,actual_minus_forecast
ar2,standard,POOLED_COMMON_ORIGINS_RESEARCH_ONLY,H1,MATCHED_SAMPLE_COMMON_ALL_PRIMARY_MODELS,,10,10,2024Q1,2026Q2,0.761898509747,0.649138106853,0.649138106853,actual_minus_forecast
ar2,standard,POOLED_COMMON_ORIGINS_RESEARCH_ONLY,H2,MATCHED_SAMPLE_COMMON_ALL_PRIMARY_MODELS,,10,10,2024Q1,2026Q2,0.761898509747,0.649138106853,0.649138106853,actual_minus_forecast
ar2,standard,POOLED_COMMON_ORIGINS_RESEARCH_ONLY,H3,MATCHED_SAMPLE_COMMON_ALL_PRIMARY_MODELS,,10,10,2024Q1,2026Q2,0.761898509747,0.649138106853,0.649138106853,actual_minus_forecast
ar2,standard,POOLED_COMMON_ORIGINS_RESEARCH_ONLY,ALL,MATCHED_SAMPLE_COMMON_ALL_PRIMARY_MODELS,,30,10,2024Q1,2026Q2,0.761898509747,0.649138106853,0.649138106853,actual_minus_forecast
ensemble_ar2_umidas_usd,conservative,POOLED_COMMON_ORIGINS_RESEARCH_ONLY,H1,MATCHED_SAMPLE_COMMON_ALL_PRIMARY_MODELS,,10,10,2024Q1,2026Q2,0.624939335983,0.521570085217,0.521570085217,actual_minus_forecast
ensemble_ar2_umidas_usd,conservative,POOLED_COMMON_ORIGINS_RESEARCH_ONLY,H2,MATCHED_SAMPLE_COMMON_ALL_PRIMARY_MODELS,,10,10,2024Q1,2026Q2,0.641322833841,0.533233417818,0.46995788761,actual_minus_forecast
ensemble_ar2_umidas_usd,conservative,POOLED_COMMON_ORIGINS_RESEARCH_ONLY,H3,MATCHED_SAMPLE_COMMON_ALL_PRIMARY_MODELS,,10,10,2024Q1,2026Q2,0.668876132481,0.540125180623,0.497518714029,actual_minus_forecast
ensemble_ar2_umidas_usd,conservative,POOLED_COMMON_ORIGINS_RESEARCH_ONLY,ALL,MATCHED_SAMPLE_COMMON_ALL_PRIMARY_MODELS,,30,10,2024Q1,2026Q2,0.645300816536,0.531642894553,0.496348895619,actual_minus_forecast
ensemble_ar2_umidas_usd,standard,POOLED_COMMON_ORIGINS_RESEARCH_ONLY,H1,MATCHED_SAMPLE_COMMON_ALL_PRIMARY_MODELS,,10,10,2024Q1,2026Q2,0.641322833841,0.533233417818,0.46995788761,actual_minus_forecast
ensemble_ar2_umidas_usd,standard,POOLED_COMMON_ORIGINS_RESEARCH_ONLY,H2,MATCHED_SAMPLE_COMMON_ALL_PRIMARY_MODELS,,10,10,2024Q1,2026Q2,0.668876132481,0.540125180623,0.497518714029,actual_minus_forecast
ensemble_ar2_umidas_usd,standard,POOLED_COMMON_ORIGINS_RESEARCH_ONLY,H3,MATCHED_SAMPLE_COMMON_ALL_PRIMARY_MODELS,,10,10,2024Q1,2026Q2,0.413004116294,0.314770606504,0.243998876663,actual_minus_forecast
ensemble_ar2_umidas_usd,standard,POOLED_COMMON_ORIGINS_RESEARCH_ONLY,ALL,MATCHED_SAMPLE_COMMON_ALL_PRIMARY_MODELS,,30,10,2024Q1,2026Q2,0.585736760523,0.462709734982,0.403825159434,actual_minus_forecast
umidas_usd_uzs_mom_dlog,conservative,POOLED_COMMON_ORIGINS_RESEARCH_ONLY,H1,MATCHED_SAMPLE_COMMON_ALL_PRIMARY_MODELS,,10,10,2024Q1,2026Q2,0.497512885019,0.394002063581,0.394002063581,actual_minus_forecast
umidas_usd_uzs_mom_dlog,conservative,POOLED_COMMON_ORIGINS_RESEARCH_ONLY,H2,MATCHED_SAMPLE_COMMON_ALL_PRIMARY_MODELS,,10,10,2024Q1,2026Q2,0.677349258593,0.559976475912,0.290777668367,actual_minus_forecast
umidas_usd_uzs_mom_dlog,conservative,POOLED_COMMON_ORIGINS_RESEARCH_ONLY,H3,MATCHED_SAMPLE_COMMON_ALL_PRIMARY_MODELS,,10,10,2024Q1,2026Q2,0.689770725517,0.575255441747,0.345899321205,actual_minus_forecast
umidas_usd_uzs_mom_dlog,conservative,POOLED_COMMON_ORIGINS_RESEARCH_ONLY,ALL,MATCHED_SAMPLE_COMMON_ALL_PRIMARY_MODELS,,30,10,2024Q1,2026Q2,0.627722003931,0.509744660413,0.343559684384,actual_minus_forecast
umidas_usd_uzs_mom_dlog,standard,POOLED_COMMON_ORIGINS_RESEARCH_ONLY,H1,MATCHED_SAMPLE_COMMON_ALL_PRIMARY_MODELS,,10,10,2024Q1,2026Q2,0.677349258593,0.559976475912,0.290777668367,actual_minus_forecast
umidas_usd_uzs_mom_dlog,standard,POOLED_COMMON_ORIGINS_RESEARCH_ONLY,H2,MATCHED_SAMPLE_COMMON_ALL_PRIMARY_MODELS,,10,10,2024Q1,2026Q2,0.689770725517,0.575255441747,0.345899321205,actual_minus_forecast
umidas_usd_uzs_mom_dlog,standard,POOLED_COMMON_ORIGINS_RESEARCH_ONLY,H3,MATCHED_SAMPLE_COMMON_ALL_PRIMARY_MODELS,,10,10,2024Q1,2026Q2,0.531091997599,0.39951612277,-0.161140353527,actual_minus_forecast
umidas_usd_uzs_mom_dlog,standard,POOLED_COMMON_ORIGINS_RESEARCH_ONLY,ALL,MATCHED_SAMPLE_COMMON_ALL_PRIMARY_MODELS,,30,10,2024Q1,2026Q2,0.636826606911,0.511582680143,0.158512212015,actual_minus_forecast
