sample,model,target_quarter,horizon,current,complete_panel_start,n_DFM_training_observations,n_m2_training_observations,first_raw,first_yoy,first_qoq
NATURAL,M0,2022Q3,H2,False,2019-01-31 00:00:00,42,42,2013-01-31 00:00:00,2014-01-31 00:00:00,2013-04-30 00:00:00
NATURAL,M1,2022Q3,H2,False,2019-02-28 00:00:00,41,41,2013-01-31 00:00:00,2014-01-31 00:00:00,2013-04-30 00:00:00
NATURAL,M2,2022Q3,H2,False,2019-03-31 00:00:00,40,40,2013-01-31 00:00:00,2014-01-31 00:00:00,2013-04-30 00:00:00
NATURAL,Q0,2022Q3,H2,False,2019-01-31 00:00:00,42,42,2013-01-31 00:00:00,2014-01-31 00:00:00,2013-04-30 00:00:00
NATURAL,Q1,2022Q3,H2,False,2019-02-28 00:00:00,41,41,2013-01-31 00:00:00,2014-01-31 00:00:00,2013-04-30 00:00:00
NATURAL,Q2,2022Q3,H2,False,2019-03-31 00:00:00,40,40,2013-01-31 00:00:00,2014-01-31 00:00:00,2013-04-30 00:00:00
COMMON,M0,2022Q3,H2,False,2019-03-31 00:00:00,40,40,2013-01-31 00:00:00,2014-01-31 00:00:00,2013-04-30 00:00:00
COMMON,M1,2022Q3,H2,False,2019-03-31 00:00:00,40,40,2013-01-31 00:00:00,2014-01-31 00:00:00,2013-04-30 00:00:00
COMMON,M2,2022Q3,H2,False,2019-03-31 00:00:00,40,40,2013-01-31 00:00:00,2014-01-31 00:00:00,2013-04-30 00:00:00
COMMON,Q0,2022Q3,H2,False,2019-03-31 00:00:00,40,40,2013-01-31 00:00:00,2014-01-31 00:00:00,2013-04-30 00:00:00
COMMON,Q1,2022Q3,H2,False,2019-03-31 00:00:00,40,40,2013-01-31 00:00:00,2014-01-31 00:00:00,2013-04-30 00:00:00
COMMON,Q2,2022Q3,H2,False,2019-03-31 00:00:00,40,40,2013-01-31 00:00:00,2014-01-31 00:00:00,2013-04-30 00:00:00
NATURAL,M0,2022Q3,H3,False,2019-01-31 00:00:00,42,42,2013-01-31 00:00:00,2014-01-31 00:00:00,2013-04-30 00:00:00
NATURAL,M1,2022Q3,H3,False,2019-02-28 00:00:00,41,41,2013-01-31 00:00:00,2014-01-31 00:00:00,2013-04-30 00:00:00
NATURAL,M2,2022Q3,H3,False,2019-03-31 00:00:00,40,40,2013-01-31 00:00:00,2014-01-31 00:00:00,2013-04-30 00:00:00
NATURAL,Q0,2022Q3,H3,False,2019-01-31 00:00:00,42,42,2013-01-31 00:00:00,2014-01-31 00:00:00,2013-04-30 00:00:00
NATURAL,Q1,2022Q3,H3,False,2019-02-28 00:00:00,41,41,2013-01-31 00:00:00,2014-01-31 00:00:00,2013-04-30 00:00:00
NATURAL,Q2,2022Q3,H3,False,2019-03-31 00:00:00,40,40,2013-01-31 00:00:00,2014-01-31 00:00:00,2013-04-30 00:00:00
COMMON,M0,2022Q3,H3,False,2019-03-31 00:00:00,40,40,2013-01-31 00:00:00,2014-01-31 00:00:00,2013-04-30 00:00:00
COMMON,M1,2022Q3,H3,False,2019-03-31 00:00:00,40,40,2013-01-31 00:00:00,2014-01-31 00:00:00,2013-04-30 00:00:00
COMMON,M2,2022Q3,H3,False,2019-03-31 00:00:00,40,40,2013-01-31 00:00:00,2014-01-31 00:00:00,2013-04-30 00:00:00
COMMON,Q0,2022Q3,H3,False,2019-03-31 00:00:00,40,40,2013-01-31 00:00:00,2014-01-31 00:00:00,2013-04-30 00:00:00
COMMON,Q1,2022Q3,H3,False,2019-03-31 00:00:00,40,40,2013-01-31 00:00:00,2014-01-31 00:00:00,2013-04-30 00:00:00
COMMON,Q2,2022Q3,H3,False,2019-03-31 00:00:00,40,40,2013-01-31 00:00:00,2014-01-31 00:00:00,2013-04-30 00:00:00
NATURAL,M0,2023Q1,H1,False,2019-01-31 00:00:00,48,48,2013-01-31 00:00:00,2014-01-31 00:00:00,2013-04-30 00:00:00
NATURAL,M1,2023Q1,H1,False,2019-02-28 00:00:00,47,47,2013-01-31 00:00:00,2014-01-31 00:00:00,2013-04-30 00:00:00
NATURAL,M2,2023Q1,H1,False,2019-03-31 00:00:00,46,46,2013-01-31 00:00:00,2014-01-31 00:00:00,2013-04-30 00:00:00
NATURAL,Q0,2023Q1,H1,False,2019-01-31 00:00:00,48,48,2013-01-31 00:00:00,2014-01-31 00:00:00,2013-04-30 00:00:00
NATURAL,Q1,2023Q1,H1,False,2019-02-28 00:00:00,47,47,2013-01-31 00:00:00,2014-01-31 00:00:00,2013-04-30 00:00:00
NATURAL,Q2,2023Q1,H1,False,2019-03-31 00:00:00,46,46,2013-01-31 00:00:00,2014-01-31 00:00:00,2013-04-30 00:00:00
COMMON,M0,2023Q1,H1,False,2019-03-31 00:00:00,46,46,2013-01-31 00:00:00,2014-01-31 00:00:00,2013-04-30 00:00:00
COMMON,M1,2023Q1,H1,False,2019-03-31 00:00:00,46,46,2013-01-31 00:00:00,2014-01-31 00:00:00,2013-04-30 00:00:00
COMMON,M2,2023Q1,H1,False,2019-03-31 00:00:00,46,46,2013-01-31 00:00:00,2014-01-31 00:00:00,2013-04-30 00:00:00
COMMON,Q0,2023Q1,H1,False,2019-03-31 00:00:00,46,46,2013-01-31 00:00:00,2014-01-31 00:00:00,2013-04-30 00:00:00
COMMON,Q1,2023Q1,H1,False,2019-03-31 00:00:00,46,46,2013-01-31 00:00:00,2014-01-31 00:00:00,2013-04-30 00:00:00
COMMON,Q2,2023Q1,H1,False,2019-03-31 00:00:00,46,46,2013-01-31 00:00:00,2014-01-31 00:00:00,2013-04-30 00:00:00
NATURAL,M0,2023Q1,H2,False,2019-01-31 00:00:00,48,48,2013-01-31 00:00:00,2014-01-31 00:00:00,2013-04-30 00:00:00
NATURAL,M1,2023Q1,H2,False,2019-02-28 00:00:00,47,47,2013-01-31 00:00:00,2014-01-31 00:00:00,2013-04-30 00:00:00
NATURAL,M2,2023Q1,H2,False,2019-03-31 00:00:00,46,46,2013-01-31 00:00:00,2014-01-31 00:00:00,2013-04-30 00:00:00
NATURAL,Q0,2023Q1,H2,False,2019-01-31 00:00:00,48,48,2013-01-31 00:00:00,2014-01-31 00:00:00,2013-04-30 00:00:00
NATURAL,Q1,2023Q1,H2,False,2019-02-28 00:00:00,47,47,2013-01-31 00:00:00,2014-01-31 00:00:00,2013-04-30 00:00:00
NATURAL,Q2,2023Q1,H2,False,2019-03-31 00:00:00,46,46,2013-01-31 00:00:00,2014-01-31 00:00:00,2013-04-30 00:00:00
COMMON,M0,2023Q1,H2,False,2019-03-31 00:00:00,46,46,2013-01-31 00:00:00,2014-01-31 00:00:00,2013-04-30 00:00:00
COMMON,M1,2023Q1,H2,False,2019-03-31 00:00:00,46,46,2013-01-31 00:00:00,2014-01-31 00:00:00,2013-04-30 00:00:00
COMMON,M2,2023Q1,H2,False,2019-03-31 00:00:00,46,46,2013-01-31 00:00:00,2014-01-31 00:00:00,2013-04-30 00:00:00
COMMON,Q0,2023Q1,H2,False,2019-03-31 00:00:00,46,46,2013-01-31 00:00:00,2014-01-31 00:00:00,2013-04-30 00:00:00
COMMON,Q1,2023Q1,H2,False,2019-03-31 00:00:00,46,46,2013-01-31 00:00:00,2014-01-31 00:00:00,2013-04-30 00:00:00
COMMON,Q2,2023Q1,H2,False,2019-03-31 00:00:00,46,46,2013-01-31 00:00:00,2014-01-31 00:00:00,2013-04-30 00:00:00
NATURAL,M0,2023Q1,H3,False,2019-01-31 00:00:00,48,48,2013-01-31 00:00:00,2014-01-31 00:00:00,2013-04-30 00:00:00
NATURAL,M1,2023Q1,H3,False,2019-02-28 00:00:00,47,47,2013-01-31 00:00:00,2014-01-31 00:00:00,2013-04-30 00:00:00
NATURAL,M2,2023Q1,H3,False,2019-03-31 00:00:00,46,46,2013-01-31 00:00:00,2014-01-31 00:00:00,2013-04-30 00:00:00
NATURAL,Q0,2023Q1,H3,False,2019-01-31 00:00:00,48,48,2013-01-31 00:00:00,2014-01-31 00:00:00,2013-04-30 00:00:00
NATURAL,Q1,2023Q1,H3,False,2019-02-28 00:00:00,47,47,2013-01-31 00:00:00,2014-01-31 00:00:00,2013-04-30 00:00:00
NATURAL,Q2,2023Q1,H3,False,2019-03-31 00:00:00,46,46,2013-01-31 00:00:00,2014-01-31 00:00:00,2013-04-30 00:00:00
COMMON,M0,2023Q1,H3,False,2019-03-31 00:00:00,46,46,2013-01-31 00:00:00,2014-01-31 00:00:00,2013-04-30 00:00:00
COMMON,M1,2023Q1,H3,False,2019-03-31 00:00:00,46,46,2013-01-31 00:00:00,2014-01-31 00:00:00,2013-04-30 00:00:00
COMMON,M2,2023Q1,H3,False,2019-03-31 00:00:00,46,46,2013-01-31 00:00:00,2014-01-31 00:00:00,2013-04-30 00:00:00
COMMON,Q0,2023Q1,H3,False,2019-03-31 00:00:00,46,46,2013-01-31 00:00:00,2014-01-31 00:00:00,2013-04-30 00:00:00
COMMON,Q1,2023Q1,H3,False,2019-03-31 00:00:00,46,46,2013-01-31 00:00:00,2014-01-31 00:00:00,2013-04-30 00:00:00
COMMON,Q2,2023Q1,H3,False,2019-03-31 00:00:00,46,46,2013-01-31 00:00:00,2014-01-31 00:00:00,2013-04-30 00:00:00
NATURAL,M0,2023Q2,H1,False,2019-01-31 00:00:00,51,51,2013-01-31 00:00:00,2014-01-31 00:00:00,2013-04-30 00:00:00
NATURAL,M1,2023Q2,H1,False,2019-02-28 00:00:00,50,50,2013-01-31 00:00:00,2014-01-31 00:00:00,2013-04-30 00:00:00
NATURAL,M2,2023Q2,H1,False,2019-03-31 00:00:00,49,49,2013-01-31 00:00:00,2014-01-31 00:00:00,2013-04-30 00:00:00
NATURAL,Q0,2023Q2,H1,False,2019-01-31 00:00:00,51,51,2013-01-31 00:00:00,2014-01-31 00:00:00,2013-04-30 00:00:00
NATURAL,Q1,2023Q2,H1,False,2019-02-28 00:00:00,50,50,2013-01-31 00:00:00,2014-01-31 00:00:00,2013-04-30 00:00:00
NATURAL,Q2,2023Q2,H1,False,2019-03-31 00:00:00,49,49,2013-01-31 00:00:00,2014-01-31 00:00:00,2013-04-30 00:00:00
COMMON,M0,2023Q2,H1,False,2019-03-31 00:00:00,49,49,2013-01-31 00:00:00,2014-01-31 00:00:00,2013-04-30 00:00:00
COMMON,M1,2023Q2,H1,False,2019-03-31 00:00:00,49,49,2013-01-31 00:00:00,2014-01-31 00:00:00,2013-04-30 00:00:00
COMMON,M2,2023Q2,H1,False,2019-03-31 00:00:00,49,49,2013-01-31 00:00:00,2014-01-31 00:00:00,2013-04-30 00:00:00
COMMON,Q0,2023Q2,H1,False,2019-03-31 00:00:00,49,49,2013-01-31 00:00:00,2014-01-31 00:00:00,2013-04-30 00:00:00
COMMON,Q1,2023Q2,H1,False,2019-03-31 00:00:00,49,49,2013-01-31 00:00:00,2014-01-31 00:00:00,2013-04-30 00:00:00
COMMON,Q2,2023Q2,H1,False,2019-03-31 00:00:00,49,49,2013-01-31 00:00:00,2014-01-31 00:00:00,2013-04-30 00:00:00
NATURAL,M0,2023Q2,H2,False,2019-01-31 00:00:00,51,51,2013-01-31 00:00:00,2014-01-31 00:00:00,2013-04-30 00:00:00
NATURAL,M1,2023Q2,H2,False,2019-02-28 00:00:00,50,50,2013-01-31 00:00:00,2014-01-31 00:00:00,2013-04-30 00:00:00
NATURAL,M2,2023Q2,H2,False,2019-03-31 00:00:00,49,49,2013-01-31 00:00:00,2014-01-31 00:00:00,2013-04-30 00:00:00
NATURAL,Q0,2023Q2,H2,False,2019-01-31 00:00:00,51,51,2013-01-31 00:00:00,2014-01-31 00:00:00,2013-04-30 00:00:00
NATURAL,Q1,2023Q2,H2,False,2019-02-28 00:00:00,50,50,2013-01-31 00:00:00,2014-01-31 00:00:00,2013-04-30 00:00:00
NATURAL,Q2,2023Q2,H2,False,2019-03-31 00:00:00,49,49,2013-01-31 00:00:00,2014-01-31 00:00:00,2013-04-30 00:00:00
COMMON,M0,2023Q2,H2,False,2019-03-31 00:00:00,49,49,2013-01-31 00:00:00,2014-01-31 00:00:00,2013-04-30 00:00:00
COMMON,M1,2023Q2,H2,False,2019-03-31 00:00:00,49,49,2013-01-31 00:00:00,2014-01-31 00:00:00,2013-04-30 00:00:00
COMMON,M2,2023Q2,H2,False,2019-03-31 00:00:00,49,49,2013-01-31 00:00:00,2014-01-31 00:00:00,2013-04-30 00:00:00
COMMON,Q0,2023Q2,H2,False,2019-03-31 00:00:00,49,49,2013-01-31 00:00:00,2014-01-31 00:00:00,2013-04-30 00:00:00
COMMON,Q1,2023Q2,H2,False,2019-03-31 00:00:00,49,49,2013-01-31 00:00:00,2014-01-31 00:00:00,2013-04-30 00:00:00
COMMON,Q2,2023Q2,H2,False,2019-03-31 00:00:00,49,49,2013-01-31 00:00:00,2014-01-31 00:00:00,2013-04-30 00:00:00
NATURAL,M0,2023Q2,H3,False,2019-01-31 00:00:00,51,51,2013-01-31 00:00:00,2014-01-31 00:00:00,2013-04-30 00:00:00
NATURAL,M1,2023Q2,H3,False,2019-02-28 00:00:00,50,50,2013-01-31 00:00:00,2014-01-31 00:00:00,2013-04-30 00:00:00
NATURAL,M2,2023Q2,H3,False,2019-03-31 00:00:00,49,49,2013-01-31 00:00:00,2014-01-31 00:00:00,2013-04-30 00:00:00
NATURAL,Q0,2023Q2,H3,False,2019-01-31 00:00:00,51,51,2013-01-31 00:00:00,2014-01-31 00:00:00,2013-04-30 00:00:00
NATURAL,Q1,2023Q2,H3,False,2019-02-28 00:00:00,50,50,2013-01-31 00:00:00,2014-01-31 00:00:00,2013-04-30 00:00:00
NATURAL,Q2,2023Q2,H3,False,2019-03-31 00:00:00,49,49,2013-01-31 00:00:00,2014-01-31 00:00:00,2013-04-30 00:00:00
COMMON,M0,2023Q2,H3,False,2019-03-31 00:00:00,49,49,2013-01-31 00:00:00,2014-01-31 00:00:00,2013-04-30 00:00:00
COMMON,M1,2023Q2,H3,False,2019-03-31 00:00:00,49,49,2013-01-31 00:00:00,2014-01-31 00:00:00,2013-04-30 00:00:00
COMMON,M2,2023Q2,H3,False,2019-03-31 00:00:00,49,49,2013-01-31 00:00:00,2014-01-31 00:00:00,2013-04-30 00:00:00
COMMON,Q0,2023Q2,H3,False,2019-03-31 00:00:00,49,49,2013-01-31 00:00:00,2014-01-31 00:00:00,2013-04-30 00:00:00
COMMON,Q1,2023Q2,H3,False,2019-03-31 00:00:00,49,49,2013-01-31 00:00:00,2014-01-31 00:00:00,2013-04-30 00:00:00
COMMON,Q2,2023Q2,H3,False,2019-03-31 00:00:00,49,49,2013-01-31 00:00:00,2014-01-31 00:00:00,2013-04-30 00:00:00
NATURAL,M0,2023Q3,H1,False,2019-01-31 00:00:00,54,54,2013-01-31 00:00:00,2014-01-31 00:00:00,2013-04-30 00:00:00
NATURAL,M1,2023Q3,H1,False,2019-02-28 00:00:00,53,53,2013-01-31 00:00:00,2014-01-31 00:00:00,2013-04-30 00:00:00
NATURAL,M2,2023Q3,H1,False,2019-03-31 00:00:00,52,52,2013-01-31 00:00:00,2014-01-31 00:00:00,2013-04-30 00:00:00
NATURAL,Q0,2023Q3,H1,False,2019-01-31 00:00:00,54,54,2013-01-31 00:00:00,2014-01-31 00:00:00,2013-04-30 00:00:00
NATURAL,Q1,2023Q3,H1,False,2019-02-28 00:00:00,53,53,2013-01-31 00:00:00,2014-01-31 00:00:00,2013-04-30 00:00:00
NATURAL,Q2,2023Q3,H1,False,2019-03-31 00:00:00,52,52,2013-01-31 00:00:00,2014-01-31 00:00:00,2013-04-30 00:00:00
COMMON,M0,2023Q3,H1,False,2019-03-31 00:00:00,52,52,2013-01-31 00:00:00,2014-01-31 00:00:00,2013-04-30 00:00:00
COMMON,M1,2023Q3,H1,False,2019-03-31 00:00:00,52,52,2013-01-31 00:00:00,2014-01-31 00:00:00,2013-04-30 00:00:00
COMMON,M2,2023Q3,H1,False,2019-03-31 00:00:00,52,52,2013-01-31 00:00:00,2014-01-31 00:00:00,2013-04-30 00:00:00
COMMON,Q0,2023Q3,H1,False,2019-03-31 00:00:00,52,52,2013-01-31 00:00:00,2014-01-31 00:00:00,2013-04-30 00:00:00
COMMON,Q1,2023Q3,H1,False,2019-03-31 00:00:00,52,52,2013-01-31 00:00:00,2014-01-31 00:00:00,2013-04-30 00:00:00
COMMON,Q2,2023Q3,H1,False,2019-03-31 00:00:00,52,52,2013-01-31 00:00:00,2014-01-31 00:00:00,2013-04-30 00:00:00
NATURAL,M0,2023Q3,H2,False,2019-01-31 00:00:00,54,54,2013-01-31 00:00:00,2014-01-31 00:00:00,2013-04-30 00:00:00
NATURAL,M1,2023Q3,H2,False,2019-02-28 00:00:00,53,53,2013-01-31 00:00:00,2014-01-31 00:00:00,2013-04-30 00:00:00
NATURAL,M2,2023Q3,H2,False,2019-03-31 00:00:00,52,52,2013-01-31 00:00:00,2014-01-31 00:00:00,2013-04-30 00:00:00
NATURAL,Q0,2023Q3,H2,False,2019-01-31 00:00:00,54,54,2013-01-31 00:00:00,2014-01-31 00:00:00,2013-04-30 00:00:00
NATURAL,Q1,2023Q3,H2,False,2019-02-28 00:00:00,53,53,2013-01-31 00:00:00,2014-01-31 00:00:00,2013-04-30 00:00:00
NATURAL,Q2,2023Q3,H2,False,2019-03-31 00:00:00,52,52,2013-01-31 00:00:00,2014-01-31 00:00:00,2013-04-30 00:00:00
COMMON,M0,2023Q3,H2,False,2019-03-31 00:00:00,52,52,2013-01-31 00:00:00,2014-01-31 00:00:00,2013-04-30 00:00:00
COMMON,M1,2023Q3,H2,False,2019-03-31 00:00:00,52,52,2013-01-31 00:00:00,2014-01-31 00:00:00,2013-04-30 00:00:00
COMMON,M2,2023Q3,H2,False,2019-03-31 00:00:00,52,52,2013-01-31 00:00:00,2014-01-31 00:00:00,2013-04-30 00:00:00
COMMON,Q0,2023Q3,H2,False,2019-03-31 00:00:00,52,52,2013-01-31 00:00:00,2014-01-31 00:00:00,2013-04-30 00:00:00
COMMON,Q1,2023Q3,H2,False,2019-03-31 00:00:00,52,52,2013-01-31 00:00:00,2014-01-31 00:00:00,2013-04-30 00:00:00
COMMON,Q2,2023Q3,H2,False,2019-03-31 00:00:00,52,52,2013-01-31 00:00:00,2014-01-31 00:00:00,2013-04-30 00:00:00
NATURAL,M0,2023Q3,H3,False,2019-01-31 00:00:00,54,54,2013-01-31 00:00:00,2014-01-31 00:00:00,2013-04-30 00:00:00
NATURAL,M1,2023Q3,H3,False,2019-02-28 00:00:00,53,53,2013-01-31 00:00:00,2014-01-31 00:00:00,2013-04-30 00:00:00
NATURAL,M2,2023Q3,H3,False,2019-03-31 00:00:00,52,52,2013-01-31 00:00:00,2014-01-31 00:00:00,2013-04-30 00:00:00
NATURAL,Q0,2023Q3,H3,False,2019-01-31 00:00:00,54,54,2013-01-31 00:00:00,2014-01-31 00:00:00,2013-04-30 00:00:00
NATURAL,Q1,2023Q3,H3,False,2019-02-28 00:00:00,53,53,2013-01-31 00:00:00,2014-01-31 00:00:00,2013-04-30 00:00:00
NATURAL,Q2,2023Q3,H3,False,2019-03-31 00:00:00,52,52,2013-01-31 00:00:00,2014-01-31 00:00:00,2013-04-30 00:00:00
COMMON,M0,2023Q3,H3,False,2019-03-31 00:00:00,52,52,2013-01-31 00:00:00,2014-01-31 00:00:00,2013-04-30 00:00:00
COMMON,M1,2023Q3,H3,False,2019-03-31 00:00:00,52,52,2013-01-31 00:00:00,2014-01-31 00:00:00,2013-04-30 00:00:00
COMMON,M2,2023Q3,H3,False,2019-03-31 00:00:00,52,52,2013-01-31 00:00:00,2014-01-31 00:00:00,2013-04-30 00:00:00
COMMON,Q0,2023Q3,H3,False,2019-03-31 00:00:00,52,52,2013-01-31 00:00:00,2014-01-31 00:00:00,2013-04-30 00:00:00
COMMON,Q1,2023Q3,H3,False,2019-03-31 00:00:00,52,52,2013-01-31 00:00:00,2014-01-31 00:00:00,2013-04-30 00:00:00
COMMON,Q2,2023Q3,H3,False,2019-03-31 00:00:00,52,52,2013-01-31 00:00:00,2014-01-31 00:00:00,2013-04-30 00:00:00
NATURAL,M0,2023Q4,H1,False,2019-01-31 00:00:00,57,57,2013-01-31 00:00:00,2014-01-31 00:00:00,2013-04-30 00:00:00
NATURAL,M1,2023Q4,H1,False,2019-02-28 00:00:00,56,56,2013-01-31 00:00:00,2014-01-31 00:00:00,2013-04-30 00:00:00
NATURAL,M2,2023Q4,H1,False,2019-03-31 00:00:00,55,55,2013-01-31 00:00:00,2014-01-31 00:00:00,2013-04-30 00:00:00
NATURAL,Q0,2023Q4,H1,False,2019-01-31 00:00:00,57,57,2013-01-31 00:00:00,2014-01-31 00:00:00,2013-04-30 00:00:00
NATURAL,Q1,2023Q4,H1,False,2019-02-28 00:00:00,56,56,2013-01-31 00:00:00,2014-01-31 00:00:00,2013-04-30 00:00:00
NATURAL,Q2,2023Q4,H1,False,2019-03-31 00:00:00,55,55,2013-01-31 00:00:00,2014-01-31 00:00:00,2013-04-30 00:00:00
COMMON,M0,2023Q4,H1,False,2019-03-31 00:00:00,55,55,2013-01-31 00:00:00,2014-01-31 00:00:00,2013-04-30 00:00:00
COMMON,M1,2023Q4,H1,False,2019-03-31 00:00:00,55,55,2013-01-31 00:00:00,2014-01-31 00:00:00,2013-04-30 00:00:00
COMMON,M2,2023Q4,H1,False,2019-03-31 00:00:00,55,55,2013-01-31 00:00:00,2014-01-31 00:00:00,2013-04-30 00:00:00
COMMON,Q0,2023Q4,H1,False,2019-03-31 00:00:00,55,55,2013-01-31 00:00:00,2014-01-31 00:00:00,2013-04-30 00:00:00
COMMON,Q1,2023Q4,H1,False,2019-03-31 00:00:00,55,55,2013-01-31 00:00:00,2014-01-31 00:00:00,2013-04-30 00:00:00
COMMON,Q2,2023Q4,H1,False,2019-03-31 00:00:00,55,55,2013-01-31 00:00:00,2014-01-31 00:00:00,2013-04-30 00:00:00
NATURAL,M0,2023Q4,H2,False,2019-01-31 00:00:00,57,57,2013-01-31 00:00:00,2014-01-31 00:00:00,2013-04-30 00:00:00
NATURAL,M1,2023Q4,H2,False,2019-02-28 00:00:00,56,56,2013-01-31 00:00:00,2014-01-31 00:00:00,2013-04-30 00:00:00
NATURAL,M2,2023Q4,H2,False,2019-03-31 00:00:00,55,55,2013-01-31 00:00:00,2014-01-31 00:00:00,2013-04-30 00:00:00
NATURAL,Q0,2023Q4,H2,False,2019-01-31 00:00:00,57,57,2013-01-31 00:00:00,2014-01-31 00:00:00,2013-04-30 00:00:00
NATURAL,Q1,2023Q4,H2,False,2019-02-28 00:00:00,56,56,2013-01-31 00:00:00,2014-01-31 00:00:00,2013-04-30 00:00:00
NATURAL,Q2,2023Q4,H2,False,2019-03-31 00:00:00,55,55,2013-01-31 00:00:00,2014-01-31 00:00:00,2013-04-30 00:00:00
COMMON,M0,2023Q4,H2,False,2019-03-31 00:00:00,55,55,2013-01-31 00:00:00,2014-01-31 00:00:00,2013-04-30 00:00:00
COMMON,M1,2023Q4,H2,False,2019-03-31 00:00:00,55,55,2013-01-31 00:00:00,2014-01-31 00:00:00,2013-04-30 00:00:00
COMMON,M2,2023Q4,H2,False,2019-03-31 00:00:00,55,55,2013-01-31 00:00:00,2014-01-31 00:00:00,2013-04-30 00:00:00
COMMON,Q0,2023Q4,H2,False,2019-03-31 00:00:00,55,55,2013-01-31 00:00:00,2014-01-31 00:00:00,2013-04-30 00:00:00
COMMON,Q1,2023Q4,H2,False,2019-03-31 00:00:00,55,55,2013-01-31 00:00:00,2014-01-31 00:00:00,2013-04-30 00:00:00
COMMON,Q2,2023Q4,H2,False,2019-03-31 00:00:00,55,55,2013-01-31 00:00:00,2014-01-31 00:00:00,2013-04-30 00:00:00
NATURAL,M0,2023Q4,H3,False,2019-01-31 00:00:00,57,57,2013-01-31 00:00:00,2014-01-31 00:00:00,2013-04-30 00:00:00
NATURAL,M1,2023Q4,H3,False,2019-02-28 00:00:00,56,56,2013-01-31 00:00:00,2014-01-31 00:00:00,2013-04-30 00:00:00
NATURAL,M2,2023Q4,H3,False,2019-03-31 00:00:00,55,55,2013-01-31 00:00:00,2014-01-31 00:00:00,2013-04-30 00:00:00
NATURAL,Q0,2023Q4,H3,False,2019-01-31 00:00:00,57,57,2013-01-31 00:00:00,2014-01-31 00:00:00,2013-04-30 00:00:00
NATURAL,Q1,2023Q4,H3,False,2019-02-28 00:00:00,56,56,2013-01-31 00:00:00,2014-01-31 00:00:00,2013-04-30 00:00:00
NATURAL,Q2,2023Q4,H3,False,2019-03-31 00:00:00,55,55,2013-01-31 00:00:00,2014-01-31 00:00:00,2013-04-30 00:00:00
COMMON,M0,2023Q4,H3,False,2019-03-31 00:00:00,55,55,2013-01-31 00:00:00,2014-01-31 00:00:00,2013-04-30 00:00:00
COMMON,M1,2023Q4,H3,False,2019-03-31 00:00:00,55,55,2013-01-31 00:00:00,2014-01-31 00:00:00,2013-04-30 00:00:00
COMMON,M2,2023Q4,H3,False,2019-03-31 00:00:00,55,55,2013-01-31 00:00:00,2014-01-31 00:00:00,2013-04-30 00:00:00
COMMON,Q0,2023Q4,H3,False,2019-03-31 00:00:00,55,55,2013-01-31 00:00:00,2014-01-31 00:00:00,2013-04-30 00:00:00
COMMON,Q1,2023Q4,H3,False,2019-03-31 00:00:00,55,55,2013-01-31 00:00:00,2014-01-31 00:00:00,2013-04-30 00:00:00
COMMON,Q2,2023Q4,H3,False,2019-03-31 00:00:00,55,55,2013-01-31 00:00:00,2014-01-31 00:00:00,2013-04-30 00:00:00
NATURAL,M0,2024Q1,H1,False,2019-01-31 00:00:00,60,60,2013-01-31 00:00:00,2014-01-31 00:00:00,2013-04-30 00:00:00
NATURAL,M1,2024Q1,H1,False,2019-02-28 00:00:00,59,59,2013-01-31 00:00:00,2014-01-31 00:00:00,2013-04-30 00:00:00
NATURAL,M2,2024Q1,H1,False,2019-03-31 00:00:00,58,58,2013-01-31 00:00:00,2014-01-31 00:00:00,2013-04-30 00:00:00
NATURAL,Q0,2024Q1,H1,False,2019-01-31 00:00:00,60,60,2013-01-31 00:00:00,2014-01-31 00:00:00,2013-04-30 00:00:00
NATURAL,Q1,2024Q1,H1,False,2019-02-28 00:00:00,59,59,2013-01-31 00:00:00,2014-01-31 00:00:00,2013-04-30 00:00:00
NATURAL,Q2,2024Q1,H1,False,2019-03-31 00:00:00,58,58,2013-01-31 00:00:00,2014-01-31 00:00:00,2013-04-30 00:00:00
COMMON,M0,2024Q1,H1,False,2019-03-31 00:00:00,58,58,2013-01-31 00:00:00,2014-01-31 00:00:00,2013-04-30 00:00:00
COMMON,M1,2024Q1,H1,False,2019-03-31 00:00:00,58,58,2013-01-31 00:00:00,2014-01-31 00:00:00,2013-04-30 00:00:00
COMMON,M2,2024Q1,H1,False,2019-03-31 00:00:00,58,58,2013-01-31 00:00:00,2014-01-31 00:00:00,2013-04-30 00:00:00
COMMON,Q0,2024Q1,H1,False,2019-03-31 00:00:00,58,58,2013-01-31 00:00:00,2014-01-31 00:00:00,2013-04-30 00:00:00
COMMON,Q1,2024Q1,H1,False,2019-03-31 00:00:00,58,58,2013-01-31 00:00:00,2014-01-31 00:00:00,2013-04-30 00:00:00
COMMON,Q2,2024Q1,H1,False,2019-03-31 00:00:00,58,58,2013-01-31 00:00:00,2014-01-31 00:00:00,2013-04-30 00:00:00
NATURAL,M0,2024Q1,H2,False,2019-01-31 00:00:00,60,60,2013-01-31 00:00:00,2014-01-31 00:00:00,2013-04-30 00:00:00
NATURAL,M1,2024Q1,H2,False,2019-02-28 00:00:00,59,59,2013-01-31 00:00:00,2014-01-31 00:00:00,2013-04-30 00:00:00
NATURAL,M2,2024Q1,H2,False,2019-03-31 00:00:00,58,58,2013-01-31 00:00:00,2014-01-31 00:00:00,2013-04-30 00:00:00
NATURAL,Q0,2024Q1,H2,False,2019-01-31 00:00:00,60,60,2013-01-31 00:00:00,2014-01-31 00:00:00,2013-04-30 00:00:00
NATURAL,Q1,2024Q1,H2,False,2019-02-28 00:00:00,59,59,2013-01-31 00:00:00,2014-01-31 00:00:00,2013-04-30 00:00:00
NATURAL,Q2,2024Q1,H2,False,2019-03-31 00:00:00,58,58,2013-01-31 00:00:00,2014-01-31 00:00:00,2013-04-30 00:00:00
COMMON,M0,2024Q1,H2,False,2019-03-31 00:00:00,58,58,2013-01-31 00:00:00,2014-01-31 00:00:00,2013-04-30 00:00:00
COMMON,M1,2024Q1,H2,False,2019-03-31 00:00:00,58,58,2013-01-31 00:00:00,2014-01-31 00:00:00,2013-04-30 00:00:00
COMMON,M2,2024Q1,H2,False,2019-03-31 00:00:00,58,58,2013-01-31 00:00:00,2014-01-31 00:00:00,2013-04-30 00:00:00
COMMON,Q0,2024Q1,H2,False,2019-03-31 00:00:00,58,58,2013-01-31 00:00:00,2014-01-31 00:00:00,2013-04-30 00:00:00
COMMON,Q1,2024Q1,H2,False,2019-03-31 00:00:00,58,58,2013-01-31 00:00:00,2014-01-31 00:00:00,2013-04-30 00:00:00
COMMON,Q2,2024Q1,H2,False,2019-03-31 00:00:00,58,58,2013-01-31 00:00:00,2014-01-31 00:00:00,2013-04-30 00:00:00
NATURAL,M0,2024Q1,H3,False,2019-01-31 00:00:00,60,60,2013-01-31 00:00:00,2014-01-31 00:00:00,2013-04-30 00:00:00
NATURAL,M1,2024Q1,H3,False,2019-02-28 00:00:00,59,59,2013-01-31 00:00:00,2014-01-31 00:00:00,2013-04-30 00:00:00
NATURAL,M2,2024Q1,H3,False,2019-03-31 00:00:00,58,58,2013-01-31 00:00:00,2014-01-31 00:00:00,2013-04-30 00:00:00
NATURAL,Q0,2024Q1,H3,False,2019-01-31 00:00:00,60,60,2013-01-31 00:00:00,2014-01-31 00:00:00,2013-04-30 00:00:00
NATURAL,Q1,2024Q1,H3,False,2019-02-28 00:00:00,59,59,2013-01-31 00:00:00,2014-01-31 00:00:00,2013-04-30 00:00:00
NATURAL,Q2,2024Q1,H3,False,2019-03-31 00:00:00,58,58,2013-01-31 00:00:00,2014-01-31 00:00:00,2013-04-30 00:00:00
COMMON,M0,2024Q1,H3,False,2019-03-31 00:00:00,58,58,2013-01-31 00:00:00,2014-01-31 00:00:00,2013-04-30 00:00:00
COMMON,M1,2024Q1,H3,False,2019-03-31 00:00:00,58,58,2013-01-31 00:00:00,2014-01-31 00:00:00,2013-04-30 00:00:00
COMMON,M2,2024Q1,H3,False,2019-03-31 00:00:00,58,58,2013-01-31 00:00:00,2014-01-31 00:00:00,2013-04-30 00:00:00
COMMON,Q0,2024Q1,H3,False,2019-03-31 00:00:00,58,58,2013-01-31 00:00:00,2014-01-31 00:00:00,2013-04-30 00:00:00
COMMON,Q1,2024Q1,H3,False,2019-03-31 00:00:00,58,58,2013-01-31 00:00:00,2014-01-31 00:00:00,2013-04-30 00:00:00
COMMON,Q2,2024Q1,H3,False,2019-03-31 00:00:00,58,58,2013-01-31 00:00:00,2014-01-31 00:00:00,2013-04-30 00:00:00
NATURAL,M0,2024Q2,H1,False,2019-01-31 00:00:00,63,63,2013-01-31 00:00:00,2014-01-31 00:00:00,2013-04-30 00:00:00
NATURAL,M1,2024Q2,H1,False,2019-02-28 00:00:00,62,62,2013-01-31 00:00:00,2014-01-31 00:00:00,2013-04-30 00:00:00
NATURAL,M2,2024Q2,H1,False,2019-03-31 00:00:00,61,61,2013-01-31 00:00:00,2014-01-31 00:00:00,2013-04-30 00:00:00
NATURAL,Q0,2024Q2,H1,False,2019-01-31 00:00:00,63,63,2013-01-31 00:00:00,2014-01-31 00:00:00,2013-04-30 00:00:00
NATURAL,Q1,2024Q2,H1,False,2019-02-28 00:00:00,62,62,2013-01-31 00:00:00,2014-01-31 00:00:00,2013-04-30 00:00:00
NATURAL,Q2,2024Q2,H1,False,2019-03-31 00:00:00,61,61,2013-01-31 00:00:00,2014-01-31 00:00:00,2013-04-30 00:00:00
COMMON,M0,2024Q2,H1,False,2019-03-31 00:00:00,61,61,2013-01-31 00:00:00,2014-01-31 00:00:00,2013-04-30 00:00:00
COMMON,M1,2024Q2,H1,False,2019-03-31 00:00:00,61,61,2013-01-31 00:00:00,2014-01-31 00:00:00,2013-04-30 00:00:00
COMMON,M2,2024Q2,H1,False,2019-03-31 00:00:00,61,61,2013-01-31 00:00:00,2014-01-31 00:00:00,2013-04-30 00:00:00
COMMON,Q0,2024Q2,H1,False,2019-03-31 00:00:00,61,61,2013-01-31 00:00:00,2014-01-31 00:00:00,2013-04-30 00:00:00
COMMON,Q1,2024Q2,H1,False,2019-03-31 00:00:00,61,61,2013-01-31 00:00:00,2014-01-31 00:00:00,2013-04-30 00:00:00
COMMON,Q2,2024Q2,H1,False,2019-03-31 00:00:00,61,61,2013-01-31 00:00:00,2014-01-31 00:00:00,2013-04-30 00:00:00
NATURAL,M0,2024Q2,H2,False,2019-01-31 00:00:00,63,63,2013-01-31 00:00:00,2014-01-31 00:00:00,2013-04-30 00:00:00
NATURAL,M1,2024Q2,H2,False,2019-02-28 00:00:00,62,62,2013-01-31 00:00:00,2014-01-31 00:00:00,2013-04-30 00:00:00
NATURAL,M2,2024Q2,H2,False,2019-03-31 00:00:00,61,61,2013-01-31 00:00:00,2014-01-31 00:00:00,2013-04-30 00:00:00
NATURAL,Q0,2024Q2,H2,False,2019-01-31 00:00:00,63,63,2013-01-31 00:00:00,2014-01-31 00:00:00,2013-04-30 00:00:00
NATURAL,Q1,2024Q2,H2,False,2019-02-28 00:00:00,62,62,2013-01-31 00:00:00,2014-01-31 00:00:00,2013-04-30 00:00:00
NATURAL,Q2,2024Q2,H2,False,2019-03-31 00:00:00,61,61,2013-01-31 00:00:00,2014-01-31 00:00:00,2013-04-30 00:00:00
COMMON,M0,2024Q2,H2,False,2019-03-31 00:00:00,61,61,2013-01-31 00:00:00,2014-01-31 00:00:00,2013-04-30 00:00:00
COMMON,M1,2024Q2,H2,False,2019-03-31 00:00:00,61,61,2013-01-31 00:00:00,2014-01-31 00:00:00,2013-04-30 00:00:00
COMMON,M2,2024Q2,H2,False,2019-03-31 00:00:00,61,61,2013-01-31 00:00:00,2014-01-31 00:00:00,2013-04-30 00:00:00
COMMON,Q0,2024Q2,H2,False,2019-03-31 00:00:00,61,61,2013-01-31 00:00:00,2014-01-31 00:00:00,2013-04-30 00:00:00
COMMON,Q1,2024Q2,H2,False,2019-03-31 00:00:00,61,61,2013-01-31 00:00:00,2014-01-31 00:00:00,2013-04-30 00:00:00
COMMON,Q2,2024Q2,H2,False,2019-03-31 00:00:00,61,61,2013-01-31 00:00:00,2014-01-31 00:00:00,2013-04-30 00:00:00
NATURAL,M0,2024Q2,H3,False,2019-01-31 00:00:00,63,63,2013-01-31 00:00:00,2014-01-31 00:00:00,2013-04-30 00:00:00
NATURAL,M1,2024Q2,H3,False,2019-02-28 00:00:00,62,62,2013-01-31 00:00:00,2014-01-31 00:00:00,2013-04-30 00:00:00
NATURAL,M2,2024Q2,H3,False,2019-03-31 00:00:00,61,61,2013-01-31 00:00:00,2014-01-31 00:00:00,2013-04-30 00:00:00
NATURAL,Q0,2024Q2,H3,False,2019-01-31 00:00:00,63,63,2013-01-31 00:00:00,2014-01-31 00:00:00,2013-04-30 00:00:00
NATURAL,Q1,2024Q2,H3,False,2019-02-28 00:00:00,62,62,2013-01-31 00:00:00,2014-01-31 00:00:00,2013-04-30 00:00:00
NATURAL,Q2,2024Q2,H3,False,2019-03-31 00:00:00,61,61,2013-01-31 00:00:00,2014-01-31 00:00:00,2013-04-30 00:00:00
COMMON,M0,2024Q2,H3,False,2019-03-31 00:00:00,61,61,2013-01-31 00:00:00,2014-01-31 00:00:00,2013-04-30 00:00:00
COMMON,M1,2024Q2,H3,False,2019-03-31 00:00:00,61,61,2013-01-31 00:00:00,2014-01-31 00:00:00,2013-04-30 00:00:00
COMMON,M2,2024Q2,H3,False,2019-03-31 00:00:00,61,61,2013-01-31 00:00:00,2014-01-31 00:00:00,2013-04-30 00:00:00
COMMON,Q0,2024Q2,H3,False,2019-03-31 00:00:00,61,61,2013-01-31 00:00:00,2014-01-31 00:00:00,2013-04-30 00:00:00
COMMON,Q1,2024Q2,H3,False,2019-03-31 00:00:00,61,61,2013-01-31 00:00:00,2014-01-31 00:00:00,2013-04-30 00:00:00
COMMON,Q2,2024Q2,H3,False,2019-03-31 00:00:00,61,61,2013-01-31 00:00:00,2014-01-31 00:00:00,2013-04-30 00:00:00
NATURAL,M0,2024Q3,H1,False,2019-01-31 00:00:00,66,66,2013-01-31 00:00:00,2014-01-31 00:00:00,2013-04-30 00:00:00
NATURAL,M1,2024Q3,H1,False,2019-02-28 00:00:00,65,65,2013-01-31 00:00:00,2014-01-31 00:00:00,2013-04-30 00:00:00
NATURAL,M2,2024Q3,H1,False,2019-03-31 00:00:00,64,64,2013-01-31 00:00:00,2014-01-31 00:00:00,2013-04-30 00:00:00
NATURAL,Q0,2024Q3,H1,False,2019-01-31 00:00:00,66,66,2013-01-31 00:00:00,2014-01-31 00:00:00,2013-04-30 00:00:00
NATURAL,Q1,2024Q3,H1,False,2019-02-28 00:00:00,65,65,2013-01-31 00:00:00,2014-01-31 00:00:00,2013-04-30 00:00:00
NATURAL,Q2,2024Q3,H1,False,2019-03-31 00:00:00,64,64,2013-01-31 00:00:00,2014-01-31 00:00:00,2013-04-30 00:00:00
COMMON,M0,2024Q3,H1,False,2019-03-31 00:00:00,64,64,2013-01-31 00:00:00,2014-01-31 00:00:00,2013-04-30 00:00:00
COMMON,M1,2024Q3,H1,False,2019-03-31 00:00:00,64,64,2013-01-31 00:00:00,2014-01-31 00:00:00,2013-04-30 00:00:00
COMMON,M2,2024Q3,H1,False,2019-03-31 00:00:00,64,64,2013-01-31 00:00:00,2014-01-31 00:00:00,2013-04-30 00:00:00
COMMON,Q0,2024Q3,H1,False,2019-03-31 00:00:00,64,64,2013-01-31 00:00:00,2014-01-31 00:00:00,2013-04-30 00:00:00
COMMON,Q1,2024Q3,H1,False,2019-03-31 00:00:00,64,64,2013-01-31 00:00:00,2014-01-31 00:00:00,2013-04-30 00:00:00
COMMON,Q2,2024Q3,H1,False,2019-03-31 00:00:00,64,64,2013-01-31 00:00:00,2014-01-31 00:00:00,2013-04-30 00:00:00
NATURAL,M0,2024Q3,H2,False,2019-01-31 00:00:00,66,66,2013-01-31 00:00:00,2014-01-31 00:00:00,2013-04-30 00:00:00
NATURAL,M1,2024Q3,H2,False,2019-02-28 00:00:00,65,65,2013-01-31 00:00:00,2014-01-31 00:00:00,2013-04-30 00:00:00
NATURAL,M2,2024Q3,H2,False,2019-03-31 00:00:00,64,64,2013-01-31 00:00:00,2014-01-31 00:00:00,2013-04-30 00:00:00
NATURAL,Q0,2024Q3,H2,False,2019-01-31 00:00:00,66,66,2013-01-31 00:00:00,2014-01-31 00:00:00,2013-04-30 00:00:00
NATURAL,Q1,2024Q3,H2,False,2019-02-28 00:00:00,65,65,2013-01-31 00:00:00,2014-01-31 00:00:00,2013-04-30 00:00:00
NATURAL,Q2,2024Q3,H2,False,2019-03-31 00:00:00,64,64,2013-01-31 00:00:00,2014-01-31 00:00:00,2013-04-30 00:00:00
COMMON,M0,2024Q3,H2,False,2019-03-31 00:00:00,64,64,2013-01-31 00:00:00,2014-01-31 00:00:00,2013-04-30 00:00:00
COMMON,M1,2024Q3,H2,False,2019-03-31 00:00:00,64,64,2013-01-31 00:00:00,2014-01-31 00:00:00,2013-04-30 00:00:00
COMMON,M2,2024Q3,H2,False,2019-03-31 00:00:00,64,64,2013-01-31 00:00:00,2014-01-31 00:00:00,2013-04-30 00:00:00
COMMON,Q0,2024Q3,H2,False,2019-03-31 00:00:00,64,64,2013-01-31 00:00:00,2014-01-31 00:00:00,2013-04-30 00:00:00
COMMON,Q1,2024Q3,H2,False,2019-03-31 00:00:00,64,64,2013-01-31 00:00:00,2014-01-31 00:00:00,2013-04-30 00:00:00
COMMON,Q2,2024Q3,H2,False,2019-03-31 00:00:00,64,64,2013-01-31 00:00:00,2014-01-31 00:00:00,2013-04-30 00:00:00
NATURAL,M0,2024Q3,H3,False,2019-01-31 00:00:00,66,66,2013-01-31 00:00:00,2014-01-31 00:00:00,2013-04-30 00:00:00
NATURAL,M1,2024Q3,H3,False,2019-02-28 00:00:00,65,65,2013-01-31 00:00:00,2014-01-31 00:00:00,2013-04-30 00:00:00
NATURAL,M2,2024Q3,H3,False,2019-03-31 00:00:00,64,64,2013-01-31 00:00:00,2014-01-31 00:00:00,2013-04-30 00:00:00
NATURAL,Q0,2024Q3,H3,False,2019-01-31 00:00:00,66,66,2013-01-31 00:00:00,2014-01-31 00:00:00,2013-04-30 00:00:00
NATURAL,Q1,2024Q3,H3,False,2019-02-28 00:00:00,65,65,2013-01-31 00:00:00,2014-01-31 00:00:00,2013-04-30 00:00:00
NATURAL,Q2,2024Q3,H3,False,2019-03-31 00:00:00,64,64,2013-01-31 00:00:00,2014-01-31 00:00:00,2013-04-30 00:00:00
COMMON,M0,2024Q3,H3,False,2019-03-31 00:00:00,64,64,2013-01-31 00:00:00,2014-01-31 00:00:00,2013-04-30 00:00:00
COMMON,M1,2024Q3,H3,False,2019-03-31 00:00:00,64,64,2013-01-31 00:00:00,2014-01-31 00:00:00,2013-04-30 00:00:00
COMMON,M2,2024Q3,H3,False,2019-03-31 00:00:00,64,64,2013-01-31 00:00:00,2014-01-31 00:00:00,2013-04-30 00:00:00
COMMON,Q0,2024Q3,H3,False,2019-03-31 00:00:00,64,64,2013-01-31 00:00:00,2014-01-31 00:00:00,2013-04-30 00:00:00
COMMON,Q1,2024Q3,H3,False,2019-03-31 00:00:00,64,64,2013-01-31 00:00:00,2014-01-31 00:00:00,2013-04-30 00:00:00
COMMON,Q2,2024Q3,H3,False,2019-03-31 00:00:00,64,64,2013-01-31 00:00:00,2014-01-31 00:00:00,2013-04-30 00:00:00
NATURAL,M0,2024Q4,H1,False,2019-01-31 00:00:00,69,69,2013-01-31 00:00:00,2014-01-31 00:00:00,2013-04-30 00:00:00
NATURAL,M1,2024Q4,H1,False,2019-02-28 00:00:00,68,68,2013-01-31 00:00:00,2014-01-31 00:00:00,2013-04-30 00:00:00
NATURAL,M2,2024Q4,H1,False,2019-03-31 00:00:00,67,67,2013-01-31 00:00:00,2014-01-31 00:00:00,2013-04-30 00:00:00
NATURAL,Q0,2024Q4,H1,False,2019-01-31 00:00:00,69,69,2013-01-31 00:00:00,2014-01-31 00:00:00,2013-04-30 00:00:00
NATURAL,Q1,2024Q4,H1,False,2019-02-28 00:00:00,68,68,2013-01-31 00:00:00,2014-01-31 00:00:00,2013-04-30 00:00:00
NATURAL,Q2,2024Q4,H1,False,2019-03-31 00:00:00,67,67,2013-01-31 00:00:00,2014-01-31 00:00:00,2013-04-30 00:00:00
COMMON,M0,2024Q4,H1,False,2019-03-31 00:00:00,67,67,2013-01-31 00:00:00,2014-01-31 00:00:00,2013-04-30 00:00:00
COMMON,M1,2024Q4,H1,False,2019-03-31 00:00:00,67,67,2013-01-31 00:00:00,2014-01-31 00:00:00,2013-04-30 00:00:00
COMMON,M2,2024Q4,H1,False,2019-03-31 00:00:00,67,67,2013-01-31 00:00:00,2014-01-31 00:00:00,2013-04-30 00:00:00
COMMON,Q0,2024Q4,H1,False,2019-03-31 00:00:00,67,67,2013-01-31 00:00:00,2014-01-31 00:00:00,2013-04-30 00:00:00
COMMON,Q1,2024Q4,H1,False,2019-03-31 00:00:00,67,67,2013-01-31 00:00:00,2014-01-31 00:00:00,2013-04-30 00:00:00
COMMON,Q2,2024Q4,H1,False,2019-03-31 00:00:00,67,67,2013-01-31 00:00:00,2014-01-31 00:00:00,2013-04-30 00:00:00
NATURAL,M0,2024Q4,H2,False,2019-01-31 00:00:00,69,69,2013-01-31 00:00:00,2014-01-31 00:00:00,2013-04-30 00:00:00
NATURAL,M1,2024Q4,H2,False,2019-02-28 00:00:00,68,68,2013-01-31 00:00:00,2014-01-31 00:00:00,2013-04-30 00:00:00
NATURAL,M2,2024Q4,H2,False,2019-03-31 00:00:00,67,67,2013-01-31 00:00:00,2014-01-31 00:00:00,2013-04-30 00:00:00
NATURAL,Q0,2024Q4,H2,False,2019-01-31 00:00:00,69,69,2013-01-31 00:00:00,2014-01-31 00:00:00,2013-04-30 00:00:00
NATURAL,Q1,2024Q4,H2,False,2019-02-28 00:00:00,68,68,2013-01-31 00:00:00,2014-01-31 00:00:00,2013-04-30 00:00:00
NATURAL,Q2,2024Q4,H2,False,2019-03-31 00:00:00,67,67,2013-01-31 00:00:00,2014-01-31 00:00:00,2013-04-30 00:00:00
COMMON,M0,2024Q4,H2,False,2019-03-31 00:00:00,67,67,2013-01-31 00:00:00,2014-01-31 00:00:00,2013-04-30 00:00:00
COMMON,M1,2024Q4,H2,False,2019-03-31 00:00:00,67,67,2013-01-31 00:00:00,2014-01-31 00:00:00,2013-04-30 00:00:00
COMMON,M2,2024Q4,H2,False,2019-03-31 00:00:00,67,67,2013-01-31 00:00:00,2014-01-31 00:00:00,2013-04-30 00:00:00
COMMON,Q0,2024Q4,H2,False,2019-03-31 00:00:00,67,67,2013-01-31 00:00:00,2014-01-31 00:00:00,2013-04-30 00:00:00
COMMON,Q1,2024Q4,H2,False,2019-03-31 00:00:00,67,67,2013-01-31 00:00:00,2014-01-31 00:00:00,2013-04-30 00:00:00
COMMON,Q2,2024Q4,H2,False,2019-03-31 00:00:00,67,67,2013-01-31 00:00:00,2014-01-31 00:00:00,2013-04-30 00:00:00
NATURAL,M0,2024Q4,H3,False,2019-01-31 00:00:00,69,69,2013-01-31 00:00:00,2014-01-31 00:00:00,2013-04-30 00:00:00
NATURAL,M1,2024Q4,H3,False,2019-02-28 00:00:00,68,68,2013-01-31 00:00:00,2014-01-31 00:00:00,2013-04-30 00:00:00
NATURAL,M2,2024Q4,H3,False,2019-03-31 00:00:00,67,67,2013-01-31 00:00:00,2014-01-31 00:00:00,2013-04-30 00:00:00
NATURAL,Q0,2024Q4,H3,False,2019-01-31 00:00:00,69,69,2013-01-31 00:00:00,2014-01-31 00:00:00,2013-04-30 00:00:00
NATURAL,Q1,2024Q4,H3,False,2019-02-28 00:00:00,68,68,2013-01-31 00:00:00,2014-01-31 00:00:00,2013-04-30 00:00:00
NATURAL,Q2,2024Q4,H3,False,2019-03-31 00:00:00,67,67,2013-01-31 00:00:00,2014-01-31 00:00:00,2013-04-30 00:00:00
COMMON,M0,2024Q4,H3,False,2019-03-31 00:00:00,67,67,2013-01-31 00:00:00,2014-01-31 00:00:00,2013-04-30 00:00:00
COMMON,M1,2024Q4,H3,False,2019-03-31 00:00:00,67,67,2013-01-31 00:00:00,2014-01-31 00:00:00,2013-04-30 00:00:00
COMMON,M2,2024Q4,H3,False,2019-03-31 00:00:00,67,67,2013-01-31 00:00:00,2014-01-31 00:00:00,2013-04-30 00:00:00
COMMON,Q0,2024Q4,H3,False,2019-03-31 00:00:00,67,67,2013-01-31 00:00:00,2014-01-31 00:00:00,2013-04-30 00:00:00
COMMON,Q1,2024Q4,H3,False,2019-03-31 00:00:00,67,67,2013-01-31 00:00:00,2014-01-31 00:00:00,2013-04-30 00:00:00
COMMON,Q2,2024Q4,H3,False,2019-03-31 00:00:00,67,67,2013-01-31 00:00:00,2014-01-31 00:00:00,2013-04-30 00:00:00
NATURAL,M0,2025Q1,H1,False,2019-01-31 00:00:00,72,72,2013-01-31 00:00:00,2014-01-31 00:00:00,2013-04-30 00:00:00
NATURAL,M1,2025Q1,H1,False,2019-02-28 00:00:00,71,71,2013-01-31 00:00:00,2014-01-31 00:00:00,2013-04-30 00:00:00
NATURAL,M2,2025Q1,H1,False,2019-03-31 00:00:00,70,70,2013-01-31 00:00:00,2014-01-31 00:00:00,2013-04-30 00:00:00
NATURAL,Q0,2025Q1,H1,False,2019-01-31 00:00:00,72,72,2013-01-31 00:00:00,2014-01-31 00:00:00,2013-04-30 00:00:00
NATURAL,Q1,2025Q1,H1,False,2019-02-28 00:00:00,71,71,2013-01-31 00:00:00,2014-01-31 00:00:00,2013-04-30 00:00:00
NATURAL,Q2,2025Q1,H1,False,2019-03-31 00:00:00,70,70,2013-01-31 00:00:00,2014-01-31 00:00:00,2013-04-30 00:00:00
COMMON,M0,2025Q1,H1,False,2019-03-31 00:00:00,70,70,2013-01-31 00:00:00,2014-01-31 00:00:00,2013-04-30 00:00:00
COMMON,M1,2025Q1,H1,False,2019-03-31 00:00:00,70,70,2013-01-31 00:00:00,2014-01-31 00:00:00,2013-04-30 00:00:00
COMMON,M2,2025Q1,H1,False,2019-03-31 00:00:00,70,70,2013-01-31 00:00:00,2014-01-31 00:00:00,2013-04-30 00:00:00
COMMON,Q0,2025Q1,H1,False,2019-03-31 00:00:00,70,70,2013-01-31 00:00:00,2014-01-31 00:00:00,2013-04-30 00:00:00
COMMON,Q1,2025Q1,H1,False,2019-03-31 00:00:00,70,70,2013-01-31 00:00:00,2014-01-31 00:00:00,2013-04-30 00:00:00
COMMON,Q2,2025Q1,H1,False,2019-03-31 00:00:00,70,70,2013-01-31 00:00:00,2014-01-31 00:00:00,2013-04-30 00:00:00
NATURAL,M0,2025Q1,H2,False,2019-01-31 00:00:00,72,72,2013-01-31 00:00:00,2014-01-31 00:00:00,2013-04-30 00:00:00
NATURAL,M1,2025Q1,H2,False,2019-02-28 00:00:00,71,71,2013-01-31 00:00:00,2014-01-31 00:00:00,2013-04-30 00:00:00
NATURAL,M2,2025Q1,H2,False,2019-03-31 00:00:00,70,70,2013-01-31 00:00:00,2014-01-31 00:00:00,2013-04-30 00:00:00
NATURAL,Q0,2025Q1,H2,False,2019-01-31 00:00:00,72,72,2013-01-31 00:00:00,2014-01-31 00:00:00,2013-04-30 00:00:00
NATURAL,Q1,2025Q1,H2,False,2019-02-28 00:00:00,71,71,2013-01-31 00:00:00,2014-01-31 00:00:00,2013-04-30 00:00:00
NATURAL,Q2,2025Q1,H2,False,2019-03-31 00:00:00,70,70,2013-01-31 00:00:00,2014-01-31 00:00:00,2013-04-30 00:00:00
COMMON,M0,2025Q1,H2,False,2019-03-31 00:00:00,70,70,2013-01-31 00:00:00,2014-01-31 00:00:00,2013-04-30 00:00:00
COMMON,M1,2025Q1,H2,False,2019-03-31 00:00:00,70,70,2013-01-31 00:00:00,2014-01-31 00:00:00,2013-04-30 00:00:00
COMMON,M2,2025Q1,H2,False,2019-03-31 00:00:00,70,70,2013-01-31 00:00:00,2014-01-31 00:00:00,2013-04-30 00:00:00
COMMON,Q0,2025Q1,H2,False,2019-03-31 00:00:00,70,70,2013-01-31 00:00:00,2014-01-31 00:00:00,2013-04-30 00:00:00
COMMON,Q1,2025Q1,H2,False,2019-03-31 00:00:00,70,70,2013-01-31 00:00:00,2014-01-31 00:00:00,2013-04-30 00:00:00
COMMON,Q2,2025Q1,H2,False,2019-03-31 00:00:00,70,70,2013-01-31 00:00:00,2014-01-31 00:00:00,2013-04-30 00:00:00
NATURAL,M0,2025Q1,H3,False,2019-01-31 00:00:00,72,72,2013-01-31 00:00:00,2014-01-31 00:00:00,2013-04-30 00:00:00
NATURAL,M1,2025Q1,H3,False,2019-02-28 00:00:00,71,71,2013-01-31 00:00:00,2014-01-31 00:00:00,2013-04-30 00:00:00
NATURAL,M2,2025Q1,H3,False,2019-03-31 00:00:00,70,70,2013-01-31 00:00:00,2014-01-31 00:00:00,2013-04-30 00:00:00
NATURAL,Q0,2025Q1,H3,False,2019-01-31 00:00:00,72,72,2013-01-31 00:00:00,2014-01-31 00:00:00,2013-04-30 00:00:00
NATURAL,Q1,2025Q1,H3,False,2019-02-28 00:00:00,71,71,2013-01-31 00:00:00,2014-01-31 00:00:00,2013-04-30 00:00:00
NATURAL,Q2,2025Q1,H3,False,2019-03-31 00:00:00,70,70,2013-01-31 00:00:00,2014-01-31 00:00:00,2013-04-30 00:00:00
COMMON,M0,2025Q1,H3,False,2019-03-31 00:00:00,70,70,2013-01-31 00:00:00,2014-01-31 00:00:00,2013-04-30 00:00:00
COMMON,M1,2025Q1,H3,False,2019-03-31 00:00:00,70,70,2013-01-31 00:00:00,2014-01-31 00:00:00,2013-04-30 00:00:00
COMMON,M2,2025Q1,H3,False,2019-03-31 00:00:00,70,70,2013-01-31 00:00:00,2014-01-31 00:00:00,2013-04-30 00:00:00
COMMON,Q0,2025Q1,H3,False,2019-03-31 00:00:00,70,70,2013-01-31 00:00:00,2014-01-31 00:00:00,2013-04-30 00:00:00
COMMON,Q1,2025Q1,H3,False,2019-03-31 00:00:00,70,70,2013-01-31 00:00:00,2014-01-31 00:00:00,2013-04-30 00:00:00
COMMON,Q2,2025Q1,H3,False,2019-03-31 00:00:00,70,70,2013-01-31 00:00:00,2014-01-31 00:00:00,2013-04-30 00:00:00
NATURAL,M0,2025Q2,H1,False,2019-01-31 00:00:00,75,75,2013-01-31 00:00:00,2014-01-31 00:00:00,2013-04-30 00:00:00
NATURAL,M1,2025Q2,H1,False,2019-02-28 00:00:00,74,74,2013-01-31 00:00:00,2014-01-31 00:00:00,2013-04-30 00:00:00
NATURAL,M2,2025Q2,H1,False,2019-03-31 00:00:00,73,73,2013-01-31 00:00:00,2014-01-31 00:00:00,2013-04-30 00:00:00
NATURAL,Q0,2025Q2,H1,False,2019-01-31 00:00:00,75,75,2013-01-31 00:00:00,2014-01-31 00:00:00,2013-04-30 00:00:00
NATURAL,Q1,2025Q2,H1,False,2019-02-28 00:00:00,74,74,2013-01-31 00:00:00,2014-01-31 00:00:00,2013-04-30 00:00:00
NATURAL,Q2,2025Q2,H1,False,2019-03-31 00:00:00,73,73,2013-01-31 00:00:00,2014-01-31 00:00:00,2013-04-30 00:00:00
COMMON,M0,2025Q2,H1,False,2019-03-31 00:00:00,73,73,2013-01-31 00:00:00,2014-01-31 00:00:00,2013-04-30 00:00:00
COMMON,M1,2025Q2,H1,False,2019-03-31 00:00:00,73,73,2013-01-31 00:00:00,2014-01-31 00:00:00,2013-04-30 00:00:00
COMMON,M2,2025Q2,H1,False,2019-03-31 00:00:00,73,73,2013-01-31 00:00:00,2014-01-31 00:00:00,2013-04-30 00:00:00
COMMON,Q0,2025Q2,H1,False,2019-03-31 00:00:00,73,73,2013-01-31 00:00:00,2014-01-31 00:00:00,2013-04-30 00:00:00
COMMON,Q1,2025Q2,H1,False,2019-03-31 00:00:00,73,73,2013-01-31 00:00:00,2014-01-31 00:00:00,2013-04-30 00:00:00
COMMON,Q2,2025Q2,H1,False,2019-03-31 00:00:00,73,73,2013-01-31 00:00:00,2014-01-31 00:00:00,2013-04-30 00:00:00
NATURAL,M0,2025Q2,H2,False,2019-01-31 00:00:00,75,75,2013-01-31 00:00:00,2014-01-31 00:00:00,2013-04-30 00:00:00
NATURAL,M1,2025Q2,H2,False,2019-02-28 00:00:00,74,74,2013-01-31 00:00:00,2014-01-31 00:00:00,2013-04-30 00:00:00
NATURAL,M2,2025Q2,H2,False,2019-03-31 00:00:00,73,73,2013-01-31 00:00:00,2014-01-31 00:00:00,2013-04-30 00:00:00
NATURAL,Q0,2025Q2,H2,False,2019-01-31 00:00:00,75,75,2013-01-31 00:00:00,2014-01-31 00:00:00,2013-04-30 00:00:00
NATURAL,Q1,2025Q2,H2,False,2019-02-28 00:00:00,74,74,2013-01-31 00:00:00,2014-01-31 00:00:00,2013-04-30 00:00:00
NATURAL,Q2,2025Q2,H2,False,2019-03-31 00:00:00,73,73,2013-01-31 00:00:00,2014-01-31 00:00:00,2013-04-30 00:00:00
COMMON,M0,2025Q2,H2,False,2019-03-31 00:00:00,73,73,2013-01-31 00:00:00,2014-01-31 00:00:00,2013-04-30 00:00:00
COMMON,M1,2025Q2,H2,False,2019-03-31 00:00:00,73,73,2013-01-31 00:00:00,2014-01-31 00:00:00,2013-04-30 00:00:00
COMMON,M2,2025Q2,H2,False,2019-03-31 00:00:00,73,73,2013-01-31 00:00:00,2014-01-31 00:00:00,2013-04-30 00:00:00
COMMON,Q0,2025Q2,H2,False,2019-03-31 00:00:00,73,73,2013-01-31 00:00:00,2014-01-31 00:00:00,2013-04-30 00:00:00
COMMON,Q1,2025Q2,H2,False,2019-03-31 00:00:00,73,73,2013-01-31 00:00:00,2014-01-31 00:00:00,2013-04-30 00:00:00
COMMON,Q2,2025Q2,H2,False,2019-03-31 00:00:00,73,73,2013-01-31 00:00:00,2014-01-31 00:00:00,2013-04-30 00:00:00
NATURAL,M0,2025Q2,H3,False,2019-01-31 00:00:00,75,75,2013-01-31 00:00:00,2014-01-31 00:00:00,2013-04-30 00:00:00
NATURAL,M1,2025Q2,H3,False,2019-02-28 00:00:00,74,74,2013-01-31 00:00:00,2014-01-31 00:00:00,2013-04-30 00:00:00
NATURAL,M2,2025Q2,H3,False,2019-03-31 00:00:00,73,73,2013-01-31 00:00:00,2014-01-31 00:00:00,2013-04-30 00:00:00
NATURAL,Q0,2025Q2,H3,False,2019-01-31 00:00:00,75,75,2013-01-31 00:00:00,2014-01-31 00:00:00,2013-04-30 00:00:00
NATURAL,Q1,2025Q2,H3,False,2019-02-28 00:00:00,74,74,2013-01-31 00:00:00,2014-01-31 00:00:00,2013-04-30 00:00:00
NATURAL,Q2,2025Q2,H3,False,2019-03-31 00:00:00,73,73,2013-01-31 00:00:00,2014-01-31 00:00:00,2013-04-30 00:00:00
COMMON,M0,2025Q2,H3,False,2019-03-31 00:00:00,73,73,2013-01-31 00:00:00,2014-01-31 00:00:00,2013-04-30 00:00:00
COMMON,M1,2025Q2,H3,False,2019-03-31 00:00:00,73,73,2013-01-31 00:00:00,2014-01-31 00:00:00,2013-04-30 00:00:00
COMMON,M2,2025Q2,H3,False,2019-03-31 00:00:00,73,73,2013-01-31 00:00:00,2014-01-31 00:00:00,2013-04-30 00:00:00
COMMON,Q0,2025Q2,H3,False,2019-03-31 00:00:00,73,73,2013-01-31 00:00:00,2014-01-31 00:00:00,2013-04-30 00:00:00
COMMON,Q1,2025Q2,H3,False,2019-03-31 00:00:00,73,73,2013-01-31 00:00:00,2014-01-31 00:00:00,2013-04-30 00:00:00
COMMON,Q2,2025Q2,H3,False,2019-03-31 00:00:00,73,73,2013-01-31 00:00:00,2014-01-31 00:00:00,2013-04-30 00:00:00
NATURAL,M0,2025Q3,H1,False,2019-01-31 00:00:00,78,78,2013-01-31 00:00:00,2014-01-31 00:00:00,2013-04-30 00:00:00
NATURAL,M1,2025Q3,H1,False,2019-02-28 00:00:00,77,77,2013-01-31 00:00:00,2014-01-31 00:00:00,2013-04-30 00:00:00
NATURAL,M2,2025Q3,H1,False,2019-03-31 00:00:00,76,76,2013-01-31 00:00:00,2014-01-31 00:00:00,2013-04-30 00:00:00
NATURAL,Q0,2025Q3,H1,False,2019-01-31 00:00:00,78,78,2013-01-31 00:00:00,2014-01-31 00:00:00,2013-04-30 00:00:00
NATURAL,Q1,2025Q3,H1,False,2019-02-28 00:00:00,77,77,2013-01-31 00:00:00,2014-01-31 00:00:00,2013-04-30 00:00:00
NATURAL,Q2,2025Q3,H1,False,2019-03-31 00:00:00,76,76,2013-01-31 00:00:00,2014-01-31 00:00:00,2013-04-30 00:00:00
COMMON,M0,2025Q3,H1,False,2019-03-31 00:00:00,76,76,2013-01-31 00:00:00,2014-01-31 00:00:00,2013-04-30 00:00:00
COMMON,M1,2025Q3,H1,False,2019-03-31 00:00:00,76,76,2013-01-31 00:00:00,2014-01-31 00:00:00,2013-04-30 00:00:00
COMMON,M2,2025Q3,H1,False,2019-03-31 00:00:00,76,76,2013-01-31 00:00:00,2014-01-31 00:00:00,2013-04-30 00:00:00
COMMON,Q0,2025Q3,H1,False,2019-03-31 00:00:00,76,76,2013-01-31 00:00:00,2014-01-31 00:00:00,2013-04-30 00:00:00
COMMON,Q1,2025Q3,H1,False,2019-03-31 00:00:00,76,76,2013-01-31 00:00:00,2014-01-31 00:00:00,2013-04-30 00:00:00
COMMON,Q2,2025Q3,H1,False,2019-03-31 00:00:00,76,76,2013-01-31 00:00:00,2014-01-31 00:00:00,2013-04-30 00:00:00
NATURAL,M0,2025Q3,H2,False,2019-01-31 00:00:00,78,78,2013-01-31 00:00:00,2014-01-31 00:00:00,2013-04-30 00:00:00
NATURAL,M1,2025Q3,H2,False,2019-02-28 00:00:00,77,77,2013-01-31 00:00:00,2014-01-31 00:00:00,2013-04-30 00:00:00
NATURAL,M2,2025Q3,H2,False,2019-03-31 00:00:00,76,76,2013-01-31 00:00:00,2014-01-31 00:00:00,2013-04-30 00:00:00
NATURAL,Q0,2025Q3,H2,False,2019-01-31 00:00:00,78,78,2013-01-31 00:00:00,2014-01-31 00:00:00,2013-04-30 00:00:00
NATURAL,Q1,2025Q3,H2,False,2019-02-28 00:00:00,77,77,2013-01-31 00:00:00,2014-01-31 00:00:00,2013-04-30 00:00:00
NATURAL,Q2,2025Q3,H2,False,2019-03-31 00:00:00,76,76,2013-01-31 00:00:00,2014-01-31 00:00:00,2013-04-30 00:00:00
COMMON,M0,2025Q3,H2,False,2019-03-31 00:00:00,76,76,2013-01-31 00:00:00,2014-01-31 00:00:00,2013-04-30 00:00:00
COMMON,M1,2025Q3,H2,False,2019-03-31 00:00:00,76,76,2013-01-31 00:00:00,2014-01-31 00:00:00,2013-04-30 00:00:00
COMMON,M2,2025Q3,H2,False,2019-03-31 00:00:00,76,76,2013-01-31 00:00:00,2014-01-31 00:00:00,2013-04-30 00:00:00
COMMON,Q0,2025Q3,H2,False,2019-03-31 00:00:00,76,76,2013-01-31 00:00:00,2014-01-31 00:00:00,2013-04-30 00:00:00
COMMON,Q1,2025Q3,H2,False,2019-03-31 00:00:00,76,76,2013-01-31 00:00:00,2014-01-31 00:00:00,2013-04-30 00:00:00
COMMON,Q2,2025Q3,H2,False,2019-03-31 00:00:00,76,76,2013-01-31 00:00:00,2014-01-31 00:00:00,2013-04-30 00:00:00
NATURAL,M0,2025Q3,H3,False,2019-01-31 00:00:00,78,78,2013-01-31 00:00:00,2014-01-31 00:00:00,2013-04-30 00:00:00
NATURAL,M1,2025Q3,H3,False,2019-02-28 00:00:00,77,77,2013-01-31 00:00:00,2014-01-31 00:00:00,2013-04-30 00:00:00
NATURAL,M2,2025Q3,H3,False,2019-03-31 00:00:00,76,76,2013-01-31 00:00:00,2014-01-31 00:00:00,2013-04-30 00:00:00
NATURAL,Q0,2025Q3,H3,False,2019-01-31 00:00:00,78,78,2013-01-31 00:00:00,2014-01-31 00:00:00,2013-04-30 00:00:00
NATURAL,Q1,2025Q3,H3,False,2019-02-28 00:00:00,77,77,2013-01-31 00:00:00,2014-01-31 00:00:00,2013-04-30 00:00:00
NATURAL,Q2,2025Q3,H3,False,2019-03-31 00:00:00,76,76,2013-01-31 00:00:00,2014-01-31 00:00:00,2013-04-30 00:00:00
COMMON,M0,2025Q3,H3,False,2019-03-31 00:00:00,76,76,2013-01-31 00:00:00,2014-01-31 00:00:00,2013-04-30 00:00:00
COMMON,M1,2025Q3,H3,False,2019-03-31 00:00:00,76,76,2013-01-31 00:00:00,2014-01-31 00:00:00,2013-04-30 00:00:00
COMMON,M2,2025Q3,H3,False,2019-03-31 00:00:00,76,76,2013-01-31 00:00:00,2014-01-31 00:00:00,2013-04-30 00:00:00
COMMON,Q0,2025Q3,H3,False,2019-03-31 00:00:00,76,76,2013-01-31 00:00:00,2014-01-31 00:00:00,2013-04-30 00:00:00
COMMON,Q1,2025Q3,H3,False,2019-03-31 00:00:00,76,76,2013-01-31 00:00:00,2014-01-31 00:00:00,2013-04-30 00:00:00
COMMON,Q2,2025Q3,H3,False,2019-03-31 00:00:00,76,76,2013-01-31 00:00:00,2014-01-31 00:00:00,2013-04-30 00:00:00
NATURAL,M0,2025Q4,H1,False,2019-01-31 00:00:00,81,81,2013-01-31 00:00:00,2014-01-31 00:00:00,2013-04-30 00:00:00
NATURAL,M1,2025Q4,H1,False,2019-02-28 00:00:00,80,80,2013-01-31 00:00:00,2014-01-31 00:00:00,2013-04-30 00:00:00
NATURAL,M2,2025Q4,H1,False,2019-03-31 00:00:00,79,79,2013-01-31 00:00:00,2014-01-31 00:00:00,2013-04-30 00:00:00
NATURAL,Q0,2025Q4,H1,False,2019-01-31 00:00:00,81,81,2013-01-31 00:00:00,2014-01-31 00:00:00,2013-04-30 00:00:00
NATURAL,Q1,2025Q4,H1,False,2019-02-28 00:00:00,80,80,2013-01-31 00:00:00,2014-01-31 00:00:00,2013-04-30 00:00:00
NATURAL,Q2,2025Q4,H1,False,2019-03-31 00:00:00,79,79,2013-01-31 00:00:00,2014-01-31 00:00:00,2013-04-30 00:00:00
COMMON,M0,2025Q4,H1,False,2019-03-31 00:00:00,79,79,2013-01-31 00:00:00,2014-01-31 00:00:00,2013-04-30 00:00:00
COMMON,M1,2025Q4,H1,False,2019-03-31 00:00:00,79,79,2013-01-31 00:00:00,2014-01-31 00:00:00,2013-04-30 00:00:00
COMMON,M2,2025Q4,H1,False,2019-03-31 00:00:00,79,79,2013-01-31 00:00:00,2014-01-31 00:00:00,2013-04-30 00:00:00
COMMON,Q0,2025Q4,H1,False,2019-03-31 00:00:00,79,79,2013-01-31 00:00:00,2014-01-31 00:00:00,2013-04-30 00:00:00
COMMON,Q1,2025Q4,H1,False,2019-03-31 00:00:00,79,79,2013-01-31 00:00:00,2014-01-31 00:00:00,2013-04-30 00:00:00
COMMON,Q2,2025Q4,H1,False,2019-03-31 00:00:00,79,79,2013-01-31 00:00:00,2014-01-31 00:00:00,2013-04-30 00:00:00
NATURAL,M0,2025Q4,H2,False,2019-01-31 00:00:00,81,81,2013-01-31 00:00:00,2014-01-31 00:00:00,2013-04-30 00:00:00
NATURAL,M1,2025Q4,H2,False,2019-02-28 00:00:00,80,80,2013-01-31 00:00:00,2014-01-31 00:00:00,2013-04-30 00:00:00
NATURAL,M2,2025Q4,H2,False,2019-03-31 00:00:00,79,79,2013-01-31 00:00:00,2014-01-31 00:00:00,2013-04-30 00:00:00
NATURAL,Q0,2025Q4,H2,False,2019-01-31 00:00:00,81,81,2013-01-31 00:00:00,2014-01-31 00:00:00,2013-04-30 00:00:00
NATURAL,Q1,2025Q4,H2,False,2019-02-28 00:00:00,80,80,2013-01-31 00:00:00,2014-01-31 00:00:00,2013-04-30 00:00:00
NATURAL,Q2,2025Q4,H2,False,2019-03-31 00:00:00,79,79,2013-01-31 00:00:00,2014-01-31 00:00:00,2013-04-30 00:00:00
COMMON,M0,2025Q4,H2,False,2019-03-31 00:00:00,79,79,2013-01-31 00:00:00,2014-01-31 00:00:00,2013-04-30 00:00:00
COMMON,M1,2025Q4,H2,False,2019-03-31 00:00:00,79,79,2013-01-31 00:00:00,2014-01-31 00:00:00,2013-04-30 00:00:00
COMMON,M2,2025Q4,H2,False,2019-03-31 00:00:00,79,79,2013-01-31 00:00:00,2014-01-31 00:00:00,2013-04-30 00:00:00
COMMON,Q0,2025Q4,H2,False,2019-03-31 00:00:00,79,79,2013-01-31 00:00:00,2014-01-31 00:00:00,2013-04-30 00:00:00
COMMON,Q1,2025Q4,H2,False,2019-03-31 00:00:00,79,79,2013-01-31 00:00:00,2014-01-31 00:00:00,2013-04-30 00:00:00
COMMON,Q2,2025Q4,H2,False,2019-03-31 00:00:00,79,79,2013-01-31 00:00:00,2014-01-31 00:00:00,2013-04-30 00:00:00
NATURAL,M0,2025Q4,H3,False,2019-01-31 00:00:00,81,81,2013-01-31 00:00:00,2014-01-31 00:00:00,2013-04-30 00:00:00
NATURAL,M1,2025Q4,H3,False,2019-02-28 00:00:00,80,80,2013-01-31 00:00:00,2014-01-31 00:00:00,2013-04-30 00:00:00
NATURAL,M2,2025Q4,H3,False,2019-03-31 00:00:00,79,79,2013-01-31 00:00:00,2014-01-31 00:00:00,2013-04-30 00:00:00
NATURAL,Q0,2025Q4,H3,False,2019-01-31 00:00:00,81,81,2013-01-31 00:00:00,2014-01-31 00:00:00,2013-04-30 00:00:00
NATURAL,Q1,2025Q4,H3,False,2019-02-28 00:00:00,80,80,2013-01-31 00:00:00,2014-01-31 00:00:00,2013-04-30 00:00:00
NATURAL,Q2,2025Q4,H3,False,2019-03-31 00:00:00,79,79,2013-01-31 00:00:00,2014-01-31 00:00:00,2013-04-30 00:00:00
COMMON,M0,2025Q4,H3,False,2019-03-31 00:00:00,79,79,2013-01-31 00:00:00,2014-01-31 00:00:00,2013-04-30 00:00:00
COMMON,M1,2025Q4,H3,False,2019-03-31 00:00:00,79,79,2013-01-31 00:00:00,2014-01-31 00:00:00,2013-04-30 00:00:00
COMMON,M2,2025Q4,H3,False,2019-03-31 00:00:00,79,79,2013-01-31 00:00:00,2014-01-31 00:00:00,2013-04-30 00:00:00
COMMON,Q0,2025Q4,H3,False,2019-03-31 00:00:00,79,79,2013-01-31 00:00:00,2014-01-31 00:00:00,2013-04-30 00:00:00
COMMON,Q1,2025Q4,H3,False,2019-03-31 00:00:00,79,79,2013-01-31 00:00:00,2014-01-31 00:00:00,2013-04-30 00:00:00
COMMON,Q2,2025Q4,H3,False,2019-03-31 00:00:00,79,79,2013-01-31 00:00:00,2014-01-31 00:00:00,2013-04-30 00:00:00
NATURAL,M0,2026Q1,H1,False,2019-01-31 00:00:00,84,84,2013-01-31 00:00:00,2014-01-31 00:00:00,2013-04-30 00:00:00
NATURAL,M1,2026Q1,H1,False,2019-02-28 00:00:00,83,83,2013-01-31 00:00:00,2014-01-31 00:00:00,2013-04-30 00:00:00
NATURAL,M2,2026Q1,H1,False,2019-03-31 00:00:00,82,82,2013-01-31 00:00:00,2014-01-31 00:00:00,2013-04-30 00:00:00
NATURAL,Q0,2026Q1,H1,False,2019-01-31 00:00:00,84,84,2013-01-31 00:00:00,2014-01-31 00:00:00,2013-04-30 00:00:00
NATURAL,Q1,2026Q1,H1,False,2019-02-28 00:00:00,83,83,2013-01-31 00:00:00,2014-01-31 00:00:00,2013-04-30 00:00:00
NATURAL,Q2,2026Q1,H1,False,2019-03-31 00:00:00,82,82,2013-01-31 00:00:00,2014-01-31 00:00:00,2013-04-30 00:00:00
COMMON,M0,2026Q1,H1,False,2019-03-31 00:00:00,82,82,2013-01-31 00:00:00,2014-01-31 00:00:00,2013-04-30 00:00:00
COMMON,M1,2026Q1,H1,False,2019-03-31 00:00:00,82,82,2013-01-31 00:00:00,2014-01-31 00:00:00,2013-04-30 00:00:00
COMMON,M2,2026Q1,H1,False,2019-03-31 00:00:00,82,82,2013-01-31 00:00:00,2014-01-31 00:00:00,2013-04-30 00:00:00
COMMON,Q0,2026Q1,H1,False,2019-03-31 00:00:00,82,82,2013-01-31 00:00:00,2014-01-31 00:00:00,2013-04-30 00:00:00
COMMON,Q1,2026Q1,H1,False,2019-03-31 00:00:00,82,82,2013-01-31 00:00:00,2014-01-31 00:00:00,2013-04-30 00:00:00
COMMON,Q2,2026Q1,H1,False,2019-03-31 00:00:00,82,82,2013-01-31 00:00:00,2014-01-31 00:00:00,2013-04-30 00:00:00
NATURAL,M0,2026Q1,H2,False,2019-01-31 00:00:00,84,84,2013-01-31 00:00:00,2014-01-31 00:00:00,2013-04-30 00:00:00
NATURAL,M1,2026Q1,H2,False,2019-02-28 00:00:00,83,83,2013-01-31 00:00:00,2014-01-31 00:00:00,2013-04-30 00:00:00
NATURAL,M2,2026Q1,H2,False,2019-03-31 00:00:00,82,82,2013-01-31 00:00:00,2014-01-31 00:00:00,2013-04-30 00:00:00
NATURAL,Q0,2026Q1,H2,False,2019-01-31 00:00:00,84,84,2013-01-31 00:00:00,2014-01-31 00:00:00,2013-04-30 00:00:00
NATURAL,Q1,2026Q1,H2,False,2019-02-28 00:00:00,83,83,2013-01-31 00:00:00,2014-01-31 00:00:00,2013-04-30 00:00:00
NATURAL,Q2,2026Q1,H2,False,2019-03-31 00:00:00,82,82,2013-01-31 00:00:00,2014-01-31 00:00:00,2013-04-30 00:00:00
COMMON,M0,2026Q1,H2,False,2019-03-31 00:00:00,82,82,2013-01-31 00:00:00,2014-01-31 00:00:00,2013-04-30 00:00:00
COMMON,M1,2026Q1,H2,False,2019-03-31 00:00:00,82,82,2013-01-31 00:00:00,2014-01-31 00:00:00,2013-04-30 00:00:00
COMMON,M2,2026Q1,H2,False,2019-03-31 00:00:00,82,82,2013-01-31 00:00:00,2014-01-31 00:00:00,2013-04-30 00:00:00
COMMON,Q0,2026Q1,H2,False,2019-03-31 00:00:00,82,82,2013-01-31 00:00:00,2014-01-31 00:00:00,2013-04-30 00:00:00
COMMON,Q1,2026Q1,H2,False,2019-03-31 00:00:00,82,82,2013-01-31 00:00:00,2014-01-31 00:00:00,2013-04-30 00:00:00
COMMON,Q2,2026Q1,H2,False,2019-03-31 00:00:00,82,82,2013-01-31 00:00:00,2014-01-31 00:00:00,2013-04-30 00:00:00
NATURAL,M0,2026Q1,H3,False,2019-01-31 00:00:00,84,84,2013-01-31 00:00:00,2014-01-31 00:00:00,2013-04-30 00:00:00
NATURAL,M1,2026Q1,H3,False,2019-02-28 00:00:00,83,83,2013-01-31 00:00:00,2014-01-31 00:00:00,2013-04-30 00:00:00
NATURAL,M2,2026Q1,H3,False,2019-03-31 00:00:00,82,82,2013-01-31 00:00:00,2014-01-31 00:00:00,2013-04-30 00:00:00
NATURAL,Q0,2026Q1,H3,False,2019-01-31 00:00:00,84,84,2013-01-31 00:00:00,2014-01-31 00:00:00,2013-04-30 00:00:00
NATURAL,Q1,2026Q1,H3,False,2019-02-28 00:00:00,83,83,2013-01-31 00:00:00,2014-01-31 00:00:00,2013-04-30 00:00:00
NATURAL,Q2,2026Q1,H3,False,2019-03-31 00:00:00,82,82,2013-01-31 00:00:00,2014-01-31 00:00:00,2013-04-30 00:00:00
COMMON,M0,2026Q1,H3,False,2019-03-31 00:00:00,82,82,2013-01-31 00:00:00,2014-01-31 00:00:00,2013-04-30 00:00:00
COMMON,M1,2026Q1,H3,False,2019-03-31 00:00:00,82,82,2013-01-31 00:00:00,2014-01-31 00:00:00,2013-04-30 00:00:00
COMMON,M2,2026Q1,H3,False,2019-03-31 00:00:00,82,82,2013-01-31 00:00:00,2014-01-31 00:00:00,2013-04-30 00:00:00
COMMON,Q0,2026Q1,H3,False,2019-03-31 00:00:00,82,82,2013-01-31 00:00:00,2014-01-31 00:00:00,2013-04-30 00:00:00
COMMON,Q1,2026Q1,H3,False,2019-03-31 00:00:00,82,82,2013-01-31 00:00:00,2014-01-31 00:00:00,2013-04-30 00:00:00
COMMON,Q2,2026Q1,H3,False,2019-03-31 00:00:00,82,82,2013-01-31 00:00:00,2014-01-31 00:00:00,2013-04-30 00:00:00
NATURAL,M0,2026Q2,H1,False,2019-01-31 00:00:00,87,87,2013-01-31 00:00:00,2014-01-31 00:00:00,2013-04-30 00:00:00
NATURAL,M1,2026Q2,H1,False,2019-02-28 00:00:00,86,86,2013-01-31 00:00:00,2014-01-31 00:00:00,2013-04-30 00:00:00
NATURAL,M2,2026Q2,H1,False,2019-03-31 00:00:00,85,85,2013-01-31 00:00:00,2014-01-31 00:00:00,2013-04-30 00:00:00
NATURAL,Q0,2026Q2,H1,False,2019-01-31 00:00:00,87,87,2013-01-31 00:00:00,2014-01-31 00:00:00,2013-04-30 00:00:00
NATURAL,Q1,2026Q2,H1,False,2019-02-28 00:00:00,86,86,2013-01-31 00:00:00,2014-01-31 00:00:00,2013-04-30 00:00:00
NATURAL,Q2,2026Q2,H1,False,2019-03-31 00:00:00,85,85,2013-01-31 00:00:00,2014-01-31 00:00:00,2013-04-30 00:00:00
COMMON,M0,2026Q2,H1,False,2019-03-31 00:00:00,85,85,2013-01-31 00:00:00,2014-01-31 00:00:00,2013-04-30 00:00:00
COMMON,M1,2026Q2,H1,False,2019-03-31 00:00:00,85,85,2013-01-31 00:00:00,2014-01-31 00:00:00,2013-04-30 00:00:00
COMMON,M2,2026Q2,H1,False,2019-03-31 00:00:00,85,85,2013-01-31 00:00:00,2014-01-31 00:00:00,2013-04-30 00:00:00
COMMON,Q0,2026Q2,H1,False,2019-03-31 00:00:00,85,85,2013-01-31 00:00:00,2014-01-31 00:00:00,2013-04-30 00:00:00
COMMON,Q1,2026Q2,H1,False,2019-03-31 00:00:00,85,85,2013-01-31 00:00:00,2014-01-31 00:00:00,2013-04-30 00:00:00
COMMON,Q2,2026Q2,H1,False,2019-03-31 00:00:00,85,85,2013-01-31 00:00:00,2014-01-31 00:00:00,2013-04-30 00:00:00
NATURAL,M0,2026Q2,H2,False,2019-01-31 00:00:00,87,87,2013-01-31 00:00:00,2014-01-31 00:00:00,2013-04-30 00:00:00
NATURAL,M1,2026Q2,H2,False,2019-02-28 00:00:00,86,86,2013-01-31 00:00:00,2014-01-31 00:00:00,2013-04-30 00:00:00
NATURAL,M2,2026Q2,H2,False,2019-03-31 00:00:00,85,85,2013-01-31 00:00:00,2014-01-31 00:00:00,2013-04-30 00:00:00
NATURAL,Q0,2026Q2,H2,False,2019-01-31 00:00:00,87,87,2013-01-31 00:00:00,2014-01-31 00:00:00,2013-04-30 00:00:00
NATURAL,Q1,2026Q2,H2,False,2019-02-28 00:00:00,86,86,2013-01-31 00:00:00,2014-01-31 00:00:00,2013-04-30 00:00:00
NATURAL,Q2,2026Q2,H2,False,2019-03-31 00:00:00,85,85,2013-01-31 00:00:00,2014-01-31 00:00:00,2013-04-30 00:00:00
COMMON,M0,2026Q2,H2,False,2019-03-31 00:00:00,85,85,2013-01-31 00:00:00,2014-01-31 00:00:00,2013-04-30 00:00:00
COMMON,M1,2026Q2,H2,False,2019-03-31 00:00:00,85,85,2013-01-31 00:00:00,2014-01-31 00:00:00,2013-04-30 00:00:00
COMMON,M2,2026Q2,H2,False,2019-03-31 00:00:00,85,85,2013-01-31 00:00:00,2014-01-31 00:00:00,2013-04-30 00:00:00
COMMON,Q0,2026Q2,H2,False,2019-03-31 00:00:00,85,85,2013-01-31 00:00:00,2014-01-31 00:00:00,2013-04-30 00:00:00
COMMON,Q1,2026Q2,H2,False,2019-03-31 00:00:00,85,85,2013-01-31 00:00:00,2014-01-31 00:00:00,2013-04-30 00:00:00
COMMON,Q2,2026Q2,H2,False,2019-03-31 00:00:00,85,85,2013-01-31 00:00:00,2014-01-31 00:00:00,2013-04-30 00:00:00
NATURAL,M0,2026Q2,H3,False,2019-01-31 00:00:00,87,87,2013-01-31 00:00:00,2014-01-31 00:00:00,2013-04-30 00:00:00
NATURAL,M1,2026Q2,H3,False,2019-02-28 00:00:00,86,86,2013-01-31 00:00:00,2014-01-31 00:00:00,2013-04-30 00:00:00
NATURAL,M2,2026Q2,H3,False,2019-03-31 00:00:00,85,85,2013-01-31 00:00:00,2014-01-31 00:00:00,2013-04-30 00:00:00
NATURAL,Q0,2026Q2,H3,False,2019-01-31 00:00:00,87,87,2013-01-31 00:00:00,2014-01-31 00:00:00,2013-04-30 00:00:00
NATURAL,Q1,2026Q2,H3,False,2019-02-28 00:00:00,86,86,2013-01-31 00:00:00,2014-01-31 00:00:00,2013-04-30 00:00:00
NATURAL,Q2,2026Q2,H3,False,2019-03-31 00:00:00,85,85,2013-01-31 00:00:00,2014-01-31 00:00:00,2013-04-30 00:00:00
COMMON,M0,2026Q2,H3,False,2019-03-31 00:00:00,85,85,2013-01-31 00:00:00,2014-01-31 00:00:00,2013-04-30 00:00:00
COMMON,M1,2026Q2,H3,False,2019-03-31 00:00:00,85,85,2013-01-31 00:00:00,2014-01-31 00:00:00,2013-04-30 00:00:00
COMMON,M2,2026Q2,H3,False,2019-03-31 00:00:00,85,85,2013-01-31 00:00:00,2014-01-31 00:00:00,2013-04-30 00:00:00
COMMON,Q0,2026Q2,H3,False,2019-03-31 00:00:00,85,85,2013-01-31 00:00:00,2014-01-31 00:00:00,2013-04-30 00:00:00
COMMON,Q1,2026Q2,H3,False,2019-03-31 00:00:00,85,85,2013-01-31 00:00:00,2014-01-31 00:00:00,2013-04-30 00:00:00
COMMON,Q2,2026Q2,H3,False,2019-03-31 00:00:00,85,85,2013-01-31 00:00:00,2014-01-31 00:00:00,2013-04-30 00:00:00
NATURAL,M0,2026Q3,H3,True,2019-01-31 00:00:00,90,90,2013-01-31 00:00:00,2014-01-31 00:00:00,2013-04-30 00:00:00
NATURAL,M1,2026Q3,H3,True,2019-02-28 00:00:00,89,89,2013-01-31 00:00:00,2014-01-31 00:00:00,2013-04-30 00:00:00
NATURAL,M2,2026Q3,H3,True,2019-03-31 00:00:00,88,88,2013-01-31 00:00:00,2014-01-31 00:00:00,2013-04-30 00:00:00
NATURAL,Q0,2026Q3,H3,True,2019-01-31 00:00:00,90,90,2013-01-31 00:00:00,2014-01-31 00:00:00,2013-04-30 00:00:00
NATURAL,Q1,2026Q3,H3,True,2019-02-28 00:00:00,89,89,2013-01-31 00:00:00,2014-01-31 00:00:00,2013-04-30 00:00:00
NATURAL,Q2,2026Q3,H3,True,2019-03-31 00:00:00,88,88,2013-01-31 00:00:00,2014-01-31 00:00:00,2013-04-30 00:00:00
COMMON,M0,2026Q3,H3,True,2019-03-31 00:00:00,88,88,2013-01-31 00:00:00,2014-01-31 00:00:00,2013-04-30 00:00:00
COMMON,M1,2026Q3,H3,True,2019-03-31 00:00:00,88,88,2013-01-31 00:00:00,2014-01-31 00:00:00,2013-04-30 00:00:00
COMMON,M2,2026Q3,H3,True,2019-03-31 00:00:00,88,88,2013-01-31 00:00:00,2014-01-31 00:00:00,2013-04-30 00:00:00
COMMON,Q0,2026Q3,H3,True,2019-03-31 00:00:00,88,88,2013-01-31 00:00:00,2014-01-31 00:00:00,2013-04-30 00:00:00
COMMON,Q1,2026Q3,H3,True,2019-03-31 00:00:00,88,88,2013-01-31 00:00:00,2014-01-31 00:00:00,2013-04-30 00:00:00
COMMON,Q2,2026Q3,H3,True,2019-03-31 00:00:00,88,88,2013-01-31 00:00:00,2014-01-31 00:00:00,2013-04-30 00:00:00
