model,target_quarter,horizon,current,error,passed
M0,2022Q3,H2,False,0,True
M1,2022Q3,H2,False,0,True
M2,2022Q3,H2,False,0,True
M0,2022Q3,H3,False,0,True
M1,2022Q3,H3,False,0,True
M2,2022Q3,H3,False,0,True
M0,2023Q1,H1,False,0,True
M1,2023Q1,H1,False,0,True
M2,2023Q1,H1,False,0,True
M0,2023Q1,H2,False,0,True
M1,2023Q1,H2,False,0,True
M2,2023Q1,H2,False,0,True
M0,2023Q1,H3,False,0,True
M1,2023Q1,H3,False,0,True
M2,2023Q1,H3,False,0,True
M0,2023Q2,H1,False,0,True
M1,2023Q2,H1,False,0,True
M2,2023Q2,H1,False,0,True
M0,2023Q2,H2,False,0,True
M1,2023Q2,H2,False,0,True
M2,2023Q2,H2,False,0,True
M0,2023Q2,H3,False,0,True
M1,2023Q2,H3,False,0,True
M2,2023Q2,H3,False,0,True
M0,2023Q3,H1,False,0,True
M1,2023Q3,H1,False,0,True
M2,2023Q3,H1,False,0,True
M0,2023Q3,H2,False,0,True
M1,2023Q3,H2,False,0,True
M2,2023Q3,H2,False,0,True
M0,2023Q3,H3,False,0,True
M1,2023Q3,H3,False,0,True
M2,2023Q3,H3,False,0,True
M0,2023Q4,H1,False,0,True
M1,2023Q4,H1,False,0,True
M2,2023Q4,H1,False,0,True
M0,2023Q4,H2,False,0,True
M1,2023Q4,H2,False,0,True
M2,2023Q4,H2,False,0,True
M0,2023Q4,H3,False,0,True
M1,2023Q4,H3,False,0,True
M2,2023Q4,H3,False,0,True
M0,2024Q1,H1,False,0,True
M1,2024Q1,H1,False,0,True
M2,2024Q1,H1,False,0,True
M0,2024Q1,H2,False,0,True
M1,2024Q1,H2,False,0,True
M2,2024Q1,H2,False,0,True
M0,2024Q1,H3,False,0,True
M1,2024Q1,H3,False,0,True
M2,2024Q1,H3,False,0,True
M0,2024Q2,H1,False,0,True
M1,2024Q2,H1,False,0,True
M2,2024Q2,H1,False,0,True
M0,2024Q2,H2,False,0,True
M1,2024Q2,H2,False,0,True
M2,2024Q2,H2,False,0,True
M0,2024Q2,H3,False,0,True
M1,2024Q2,H3,False,0,True
M2,2024Q2,H3,False,0,True
M0,2024Q3,H1,False,0,True
M1,2024Q3,H1,False,0,True
M2,2024Q3,H1,False,0,True
M0,2024Q3,H2,False,0,True
M1,2024Q3,H2,False,0,True
M2,2024Q3,H2,False,0,True
M0,2024Q3,H3,False,0,True
M1,2024Q3,H3,False,0,True
M2,2024Q3,H3,False,0,True
M0,2024Q4,H1,False,0,True
M1,2024Q4,H1,False,0,True
M2,2024Q4,H1,False,0,True
M0,2024Q4,H2,False,0,True
M1,2024Q4,H2,False,0,True
M2,2024Q4,H2,False,0,True
M0,2024Q4,H3,False,0,True
M1,2024Q4,H3,False,0,True
M2,2024Q4,H3,False,0,True
M0,2025Q1,H1,False,0,True
M1,2025Q1,H1,False,0,True
M2,2025Q1,H1,False,0,True
M0,2025Q1,H2,False,0,True
M1,2025Q1,H2,False,0,True
M2,2025Q1,H2,False,0,True
M0,2025Q1,H3,False,0,True
M1,2025Q1,H3,False,0,True
M2,2025Q1,H3,False,0,True
M0,2025Q2,H1,False,0,True
M1,2025Q2,H1,False,0,True
M2,2025Q2,H1,False,0,True
M0,2025Q2,H2,False,0,True
M1,2025Q2,H2,False,0,True
M2,2025Q2,H2,False,0,True
M0,2025Q2,H3,False,0,True
M1,2025Q2,H3,False,0,True
M2,2025Q2,H3,False,0,True
M0,2025Q3,H1,False,0,True
M1,2025Q3,H1,False,0,True
M2,2025Q3,H1,False,0,True
M0,2025Q3,H2,False,0,True
M1,2025Q3,H2,False,0,True
M2,2025Q3,H2,False,0,True
M0,2025Q3,H3,False,0,True
M1,2025Q3,H3,False,0,True
M2,2025Q3,H3,False,0,True
M0,2025Q4,H1,False,0,True
M1,2025Q4,H1,False,0,True
M2,2025Q4,H1,False,0,True
M0,2025Q4,H2,False,0,True
M1,2025Q4,H2,False,0,True
M2,2025Q4,H2,False,0,True
M0,2025Q4,H3,False,0,True
M1,2025Q4,H3,False,0,True
M2,2025Q4,H3,False,0,True
M0,2026Q1,H1,False,0,True
M1,2026Q1,H1,False,0,True
M2,2026Q1,H1,False,0,True
M0,2026Q1,H2,False,0,True
M1,2026Q1,H2,False,0,True
M2,2026Q1,H2,False,0,True
M0,2026Q1,H3,False,0,True
M1,2026Q1,H3,False,0,True
M2,2026Q1,H3,False,0,True
M0,2026Q2,H1,False,0,True
M1,2026Q2,H1,False,0,True
M2,2026Q2,H1,False,0,True
M0,2026Q2,H2,False,0,True
M1,2026Q2,H2,False,0,True
M2,2026Q2,H2,False,0,True
M0,2026Q2,H3,False,0,True
M1,2026Q2,H3,False,0,True
M2,2026Q2,H3,False,0,True
M0,2026Q3,H3,True,0,True
