path,size_bytes,category,action,destination,confidence,reason,referenced_by,hash,protected
.gitignore,539,UNKNOWN,REVIEW,,REVIEW,Not enough evidence to move an existing semantic path safely,,6263926158819b6f433cead987a94af0e6af620a151bc16f46c166c4d4b5541e,False
.tmp/inspect_cbu_archives.py,1723,TEMPORARY,REVIEW,,HIGH,Unknown temporary Python source; not proven redundant; keep in place,,2c3eabd6227039f9bb732630d0cf84d1e99e32fb538d6b6504a04f1be66ef920,False
.tmp/inspect_rosstat.py,612,TEMPORARY,REVIEW,,HIGH,Unknown temporary Python source; not proven redundant; keep in place,,488689bc8052ad39616cd80a5eba0c0367c626bf01fb4ee746475ba7e5aa9fab,False
AGENTS.md,19726,UNKNOWN,REVIEW,,REVIEW,Not enough evidence to move an existing semantic path safely,,211b040bce3ea8c02fbde6179a426ecb940e09bb108da69e67f5d4bf33e4eda6,False
CODEX_START_PROMPT.md,2713,UNKNOWN,REVIEW,,REVIEW,Not enough evidence to move an existing semantic path safely,,d108b45b2cc1350cdb2a6f337b8e6e20fa384675d8a9ef2e0db74209f69f2ba1,False
data/research/phase6a2/_vendor/typing_extensions.py,165012,TEMPORARY,REVIEW,,REVIEW,Third-party recovery dependency or unreadable existing file; no relocation without evidence,,UNREADABLE,False
logs/bootstrap_and_development.log,1628599,UNKNOWN,REVIEW,,REVIEW,Not enough evidence to move an existing semantic path safely,,933855ecfafac83b728e21b460d71ecbc582a2d9f497f849732824c036dce5a1,False
logs/pipeline.log,35339946,UNKNOWN,REVIEW,,REVIEW,Not enough evidence to move an existing semantic path safely,,bf38cd856bb28d732aaa0c515ce60b1a5e3ea493e3b3bcab8d6853f767095ffb,False
PROJECT_SPEC.md,10902,UNKNOWN,REVIEW,,REVIEW,Not enough evidence to move an existing semantic path safely,,ca8cd11280f0419dd9ab41f8316d33b395f2ece4ad9ca87be9a6d441b38ebd31,False
PROJECT_STATE.md,2668,UNKNOWN,REVIEW,,REVIEW,Not enough evidence to move an existing semantic path safely,,a6f703f52f6d39d464e837cfc4d7f7fdceec1659d12943d20cb4f48d8eed818b,False
pyproject.toml,442,UNKNOWN,REVIEW,,REVIEW,Not enough evidence to move an existing semantic path safely,,eaceef1d67e8d93170147703fcb16dc9b9a61385bd80ee98cc080efdbe8e762a,False
README.md,12411,UNKNOWN,REVIEW,,REVIEW,Not enough evidence to move an existing semantic path safely,,0045a5e4aad37b4cf60909ef3205db6ae549cb153df86dab71d868df8207a44f,False
requirements.txt,348,UNKNOWN,REVIEW,,REVIEW,Not enough evidence to move an existing semantic path safely,,1109bb013d6442c674a767725ac0cdbd1441c2d484309a15e3fdbc64d9d3d0d3,False
results/phase6c/test_workspace_8bf0cf203e164ebc9310756b93d90db7/test_collect_vintage_always_re9237f4b3/metadata/vintage_collection_latest.json,1021,HISTORICAL_ARCHIVE,REVIEW,,REVIEW,Not enough evidence to move an existing semantic path safely,,770ff413aab9ffd9dda7baa119c495293292ad269f452a21aa6c1c0c57d11007,False
results/phase6c/test_workspace_8bf0cf203e164ebc9310756b93d90db7/test_collect_vintage_always_re9237f4b3/metadata/vintage_runs/9dabf621e7cf423981f1effb5e594292.json,1021,HISTORICAL_ARCHIVE,REVIEW,,REVIEW,Not enough evidence to move an existing semantic path safely,,770ff413aab9ffd9dda7baa119c495293292ad269f452a21aa6c1c0c57d11007,False
results/phase6c/test_workspace_8bf0cf203e164ebc9310756b93d90db7/test_collect_vintage_produces_cff54fa6/metadata/download_log.parquet,2972,HISTORICAL_ARCHIVE,REVIEW,,REVIEW,Not enough evidence to move an existing semantic path safely,,571fe9830765cc57d18ec3d3730a6218e8def98342091ae10d45573537a2ca49,False
results/phase6c/test_workspace_8bf0cf203e164ebc9310756b93d90db7/test_collect_vintage_produces_cff54fa6/metadata/observations_long.parquet,1844,HISTORICAL_ARCHIVE,REVIEW,,REVIEW,Not enough evidence to move an existing semantic path safely,,3df5e12e58617d9c31c9b40b9baad6b30cd4dc120b1299ab9fa0b18f95d515a3,False
results/phase6c/test_workspace_8bf0cf203e164ebc9310756b93d90db7/test_collect_vintage_produces_cff54fa6/metadata/vintage_collection_latest.json,1596,HISTORICAL_ARCHIVE,REVIEW,,REVIEW,Not enough evidence to move an existing semantic path safely,,3fa0fd49196b95a4b2daec93b67568cfcce4cdbd7b865547a2ad86e6c2021d75,False
results/phase6c/test_workspace_8bf0cf203e164ebc9310756b93d90db7/test_collect_vintage_produces_cff54fa6/metadata/vintage_runs/bc3233573ed942c78ec1f476086ccb4e.json,1596,HISTORICAL_ARCHIVE,REVIEW,,REVIEW,Not enough evidence to move an existing semantic path safely,,3fa0fd49196b95a4b2daec93b67568cfcce4cdbd7b865547a2ad86e6c2021d75,False
results/phase6c/test_workspace_8bf0cf203e164ebc9310756b93d90db7/test_collect_vintage_produces_cff54fa6/metadata/vintages.parquet,1723,HISTORICAL_ARCHIVE,REVIEW,,REVIEW,Not enough evidence to move an existing semantic path safely,,5f4d6057f4aa2479926e66fb563d553f55b46c4a72373aa1c4713f2deccd849d,False
results/phase6c/test_workspace_8bf0cf203e164ebc9310756b93d90db7/test_dashboard_does_not_modifyc01c428f/dashboard/phase5a_uzbekistan_nowcast.html,19553,HISTORICAL_ARCHIVE,REVIEW,,REVIEW,Not enough evidence to move an existing semantic path safely,,e2eeba0dbbf7e6b8c90ce807055b92f68d4d66776914f7cfe37fa125f09599bd,False
results/phase6c/test_workspace_8bf0cf203e164ebc9310756b93d90db7/test_dashboard_does_not_modifyc01c428f/docs/modeling/phase4c_frozen_holdout_evaluation.md,6,HISTORICAL_ARCHIVE,REVIEW,,REVIEW,Not enough evidence to move an existing semantic path safely,,ffb304816a1090313e833215c08dae3d209cfad1ffd1f674f0909a2ae99e1394,False
results/phase6c/test_workspace_8bf0cf203e164ebc9310756b93d90db7/test_dashboard_does_not_modifyc01c428f/results/phase4c_holdout_metrics.parquet,3278,HISTORICAL_ARCHIVE,REVIEW,,REVIEW,Not enough evidence to move an existing semantic path safely,,af666d4ddf1ed23ab1c21d07b3250c60f559ac7044c69ac0f82a377f3b91608f,False
results/phase6c/test_workspace_8bf0cf203e164ebc9310756b93d90db7/test_dashboard_does_not_modifyc01c428f/results/phase4c_holdout_predictions.parquet,4831,HISTORICAL_ARCHIVE,REVIEW,,REVIEW,Not enough evidence to move an existing semantic path safely,,861ecc65b021a25c14d297884e0d6d8fc3d8a957f25c5d8ebf188f029c015b48,False
results/phase6c/test_workspace_8bf0cf203e164ebc9310756b93d90db7/test_dashboard_does_not_modifyc01c428f/results/phase4c_horizon_updates.parquet,5647,HISTORICAL_ARCHIVE,REVIEW,,REVIEW,Not enough evidence to move an existing semantic path safely,,4cde96db2cd65d124b03ea2aa6da08866545fcd9b5a6586f2b6497ed05e2481b,False
results/phase6c/test_workspace_8bf0cf203e164ebc9310756b93d90db7/test_dashboard_generation_is_sb5983259/dashboard/phase5a_uzbekistan_nowcast.html,19553,HISTORICAL_ARCHIVE,REVIEW,,REVIEW,Not enough evidence to move an existing semantic path safely,,e2eeba0dbbf7e6b8c90ce807055b92f68d4d66776914f7cfe37fa125f09599bd,False
results/phase6c/test_workspace_8bf0cf203e164ebc9310756b93d90db7/test_dashboard_generation_is_sb5983259/results/phase4c_holdout_metrics.parquet,3278,HISTORICAL_ARCHIVE,REVIEW,,REVIEW,Not enough evidence to move an existing semantic path safely,,af666d4ddf1ed23ab1c21d07b3250c60f559ac7044c69ac0f82a377f3b91608f,False
results/phase6c/test_workspace_8bf0cf203e164ebc9310756b93d90db7/test_dashboard_generation_is_sb5983259/results/phase4c_holdout_predictions.parquet,4831,HISTORICAL_ARCHIVE,REVIEW,,REVIEW,Not enough evidence to move an existing semantic path safely,,861ecc65b021a25c14d297884e0d6d8fc3d8a957f25c5d8ebf188f029c015b48,False
results/phase6c/test_workspace_8bf0cf203e164ebc9310756b93d90db7/test_dashboard_generation_is_sb5983259/results/phase4c_horizon_updates.parquet,5647,HISTORICAL_ARCHIVE,REVIEW,,REVIEW,Not enough evidence to move an existing semantic path safely,,4cde96db2cd65d124b03ea2aa6da08866545fcd9b5a6586f2b6497ed05e2481b,False
results/phase6c/test_workspace_8bf0cf203e164ebc9310756b93d90db7/test_failure_does_not_publish_092fb198/config/cbu_contracts.json,331,HISTORICAL_ARCHIVE,REVIEW,,REVIEW,Not enough evidence to move an existing semantic path safely,,f6bd5074c92c3fd34607cde1c4b31d2b5d8d5c0bef596511b3d3098a7afd9e0d,False
results/phase6c/test_workspace_8bf0cf203e164ebc9310756b93d90db7/test_failure_does_not_publish_092fb198/config/registry_contracts.json,4224,HISTORICAL_ARCHIVE,REVIEW,,REVIEW,Not enough evidence to move an existing semantic path safely,,6c408573859e403b09a96a77279fd6f3e00ee27291e9cd3bb19228c08fdb2aaf,False
results/phase6c/test_workspace_8bf0cf203e164ebc9310756b93d90db7/test_failure_does_not_publish_092fb198/config/settings.yaml,314,HISTORICAL_ARCHIVE,REVIEW,,REVIEW,Not enough evidence to move an existing semantic path safely,,d69f9964023940800037c92042057bf6d2986af6db7323d44afd83ec8b90b43d,False
results/phase6c/test_workspace_8bf0cf203e164ebc9310756b93d90db7/test_failure_does_not_publish_092fb198/config/siat_contracts.json,5235,HISTORICAL_ARCHIVE,REVIEW,,REVIEW,Not enough evidence to move an existing semantic path safely,,2a86348e4d59a372ca6b8bab581d75559ac631717d67c3e1d5171dcf0d094332,False
results/phase6c/test_workspace_8bf0cf203e164ebc9310756b93d90db7/test_failure_does_not_publish_092fb198/data/raw/siat/gdp_real_yoy/20261005T045017324747Z_e390a12e99d94acc870706cc0ce3c165.json,908,HISTORICAL_ARCHIVE,REVIEW,,REVIEW,Not enough evidence to move an existing semantic path safely,,71436761cc2a4d014593d6ea85f3b65dc71b91133a3175ea2ae2fd5226e65a41,False
results/phase6c/test_workspace_8bf0cf203e164ebc9310756b93d90db7/test_failure_does_not_publish_092fb198/data/raw/siat/gdp_real_yoy/20261005T045017324747Z_e390a12e99d94acc870706cc0ce3c165.payload,125,HISTORICAL_ARCHIVE,REVIEW,,REVIEW,Not enough evidence to move an existing semantic path safely,,b25f53d33b633a269890d61e7bd06c4eb81107693f6f3783b016d69ae79b0cb8,False
results/phase6c/test_workspace_8bf0cf203e164ebc9310756b93d90db7/test_failure_does_not_publish_092fb198/data/raw/siat/gdp_real_yoy/20261005T045017334717Z_2baeaed877264e3dabceef788062a966.json,807,HISTORICAL_ARCHIVE,REVIEW,,REVIEW,Not enough evidence to move an existing semantic path safely,,eab8c471f25c955af50b958541184ed4170f03c00d29f601fe3232d3187ac1a4,False
results/phase6c/test_workspace_8bf0cf203e164ebc9310756b93d90db7/test_failure_does_not_publish_092fb198/data/raw/siat/gdp_real_yoy/20261005T045017334717Z_2baeaed877264e3dabceef788062a966.payload,1621,HISTORICAL_ARCHIVE,REVIEW,,REVIEW,Not enough evidence to move an existing semantic path safely,,58f1693c100b13ff3b46adab1952db2332404a1333a2355e6c22c65b76f5fcd0,False
results/phase6c/test_workspace_8bf0cf203e164ebc9310756b93d90db7/test_failure_does_not_publish_092fb198/registry/archive/uzbekistan_nowcasting_v1.1_registry.xlsx,27076,HISTORICAL_ARCHIVE,REVIEW,,REVIEW,Not enough evidence to move an existing semantic path safely,,e719e8970b20b4a25acf04c7dc822ecab1ba91af6acf2145990cb67d94986f8d,False
results/phase6c/test_workspace_8bf0cf203e164ebc9310756b93d90db7/test_failure_does_not_publish_092fb198/registry/archive/uzbekistan_nowcasting_v1_registry_v1.0.xlsx,26252,HISTORICAL_ARCHIVE,REVIEW,,REVIEW,Not enough evidence to move an existing semantic path safely,,efe0f1c577afacfca47b5294437434038e4be5172e059c5f6a4046d4b2f78b73,False
results/phase6c/test_workspace_8bf0cf203e164ebc9310756b93d90db7/test_failure_does_not_publish_092fb198/registry/CHANGELOG.md,4715,HISTORICAL_ARCHIVE,REVIEW,,REVIEW,Not enough evidence to move an existing semantic path safely,,790ac951e8c7808bb597d712cb5bd1158b23d2299a60fbee4f7a87f52a15fb25,False
results/phase6c/test_workspace_8bf0cf203e164ebc9310756b93d90db7/test_failure_does_not_publish_092fb198/registry/uzbekistan_nowcasting_v1.1_changes.json,1509,HISTORICAL_ARCHIVE,REVIEW,,REVIEW,Not enough evidence to move an existing semantic path safely,,3766ad85287dd229fc81dda31e445d9c17bc10da8fc4f8fced579d972880c5d7,False
results/phase6c/test_workspace_8bf0cf203e164ebc9310756b93d90db7/test_failure_does_not_publish_092fb198/registry/uzbekistan_nowcasting_v1.1_registry.xlsx,27076,HISTORICAL_ARCHIVE,REVIEW,,REVIEW,Not enough evidence to move an existing semantic path safely,,e719e8970b20b4a25acf04c7dc822ecab1ba91af6acf2145990cb67d94986f8d,False
results/phase6c/test_workspace_8bf0cf203e164ebc9310756b93d90db7/test_failure_does_not_publish_092fb198/registry/uzbekistan_nowcasting_v1.2_changes.json,3414,HISTORICAL_ARCHIVE,REVIEW,,REVIEW,Not enough evidence to move an existing semantic path safely,,0ea1257fcb7a6c134f53518d8decda657182741fd8599b716591ff61c8fe5998,False
results/phase6c/test_workspace_8bf0cf203e164ebc9310756b93d90db7/test_failure_does_not_publish_092fb198/registry/uzbekistan_nowcasting_v1.2_registry.xlsx,27321,HISTORICAL_ARCHIVE,REVIEW,,REVIEW,Not enough evidence to move an existing semantic path safely,,0659713cea0fea42c3823a3be26dd116ba15f2b292f269ba5f7e1c7b99abbb33,False
results/phase6c/test_workspace_8bf0cf203e164ebc9310756b93d90db7/test_failure_does_not_publish_092fb198/registry/uzbekistan_nowcasting_v1_registry.xlsx,26252,HISTORICAL_ARCHIVE,REVIEW,,REVIEW,Not enough evidence to move an existing semantic path safely,,efe0f1c577afacfca47b5294437434038e4be5172e059c5f6a4046d4b2f78b73,False
results/phase6c/test_workspace_8bf0cf203e164ebc9310756b93d90db7/test_frozen_content_cannot_cha7bcec9f4/cohort.json,30,HISTORICAL_ARCHIVE,REVIEW,,REVIEW,Not enough evidence to move an existing semantic path safely,,12c324dff93d2bda6ab9d485290bbda740e6da7f6ee5e4f140624cb95810ffcd,False
results/phase6c/test_workspace_8bf0cf203e164ebc9310756b93d90db7/test_future_quarters_use_curreb85e3ae6/data/master/gdp_quarterly.parquet,10,HISTORICAL_ARCHIVE,REVIEW,,REVIEW,Not enough evidence to move an existing semantic path safely,,ae1608896372720b6ebb58261e0c0092c608324b0804bc99267c1753990faaa8,False
results/phase6c/test_workspace_8bf0cf203e164ebc9310756b93d90db7/test_future_quarters_use_curreb85e3ae6/data/master/v1_monthly.parquet,10,HISTORICAL_ARCHIVE,REVIEW,,REVIEW,Not enough evidence to move an existing semantic path safely,,ae1608896372720b6ebb58261e0c0092c608324b0804bc99267c1753990faaa8,False
results/phase6c/test_workspace_8bf0cf203e164ebc9310756b93d90db7/test_future_quarters_use_curreb85e3ae6/metadata/observations_long.parquet,10,HISTORICAL_ARCHIVE,REVIEW,,REVIEW,Not enough evidence to move an existing semantic path safely,,ae1608896372720b6ebb58261e0c0092c608324b0804bc99267c1753990faaa8,False
results/phase6c/test_workspace_8bf0cf203e164ebc9310756b93d90db7/test_hash_helper_records_exact7b360a33/input.bin,7,HISTORICAL_ARCHIVE,REVIEW,,REVIEW,Not enough evidence to move an existing semantic path safely,,17dea8abef55319eebdcdadda807a96a15e7aea8a1071e579cc081ed37d03c2d,False
results/phase6c/test_workspace_8bf0cf203e164ebc9310756b93d90db7/test_holdout_loader_records_fic09aee75/results/frozen_validation_definition.json,2,HISTORICAL_ARCHIVE,REVIEW,,REVIEW,Not enough evidence to move an existing semantic path safely,,44136fa355b3678a1146ad16f7e8649e94fb4fc21fe77e8310c060f61caaff8a,False
results/phase6c/test_workspace_8bf0cf203e164ebc9310756b93d90db7/test_holdout_loader_records_fic09aee75/results/phase4b_candidate_freeze.json,2,HISTORICAL_ARCHIVE,REVIEW,,REVIEW,Not enough evidence to move an existing semantic path safely,,44136fa355b3678a1146ad16f7e8649e94fb4fc21fe77e8310c060f61caaff8a,False
results/phase6c/test_workspace_8bf0cf203e164ebc9310756b93d90db7/test_holdout_loader_records_fic09aee75/results/phase4c_evaluation_protocol.json,880,HISTORICAL_ARCHIVE,REVIEW,,REVIEW,Not enough evidence to move an existing semantic path safely,,0847f9ed986ac2e645c2ce9b88f98f59c0791b688dcb8c2597cea66e0f9fedf6,False
results/phase6c/test_workspace_8bf0cf203e164ebc9310756b93d90db7/test_immutable_archive_and_chec6bf83b2/data/raw/cbu/usd_uzs/20261005T045017671098Z_d8a793aeb2ee47bcbb6d60887f570514.json,732,HISTORICAL_ARCHIVE,REVIEW,,REVIEW,Not enough evidence to move an existing semantic path safely,,d3d7dae2dcddcba9f79a96f0394c376f7ec9590fd5ce32e16aedf398019b81fd,False
results/phase6c/test_workspace_8bf0cf203e164ebc9310756b93d90db7/test_immutable_archive_and_chec6bf83b2/data/raw/cbu/usd_uzs/20261005T045017671098Z_d8a793aeb2ee47bcbb6d60887f570514.payload,7,HISTORICAL_ARCHIVE,REVIEW,,REVIEW,Not enough evidence to move an existing semantic path safely,,11d510e067d2cdcd7559bd86d27a2f4c20babd43670346b97af99b522c1f0075,False
results/phase6c/test_workspace_8bf0cf203e164ebc9310756b93d90db7/test_immutable_archive_and_chec6bf83b2/data/raw/cbu/usd_uzs/20261005T045017673077Z_e25b61b526bf427d9219e2475e255c44.json,732,HISTORICAL_ARCHIVE,REVIEW,,REVIEW,Not enough evidence to move an existing semantic path safely,,6555a7c10075abd92d912907c16fd1042d62579cc7f58d1d0f46d17c62a7ad6b,False
results/phase6c/test_workspace_8bf0cf203e164ebc9310756b93d90db7/test_immutable_archive_and_chec6bf83b2/data/raw/cbu/usd_uzs/20261005T045017673077Z_e25b61b526bf427d9219e2475e255c44.payload,9,HISTORICAL_ARCHIVE,REVIEW,,REVIEW,Not enough evidence to move an existing semantic path safely,,45fa679977289675167a1e277c1febba4c59b00c64853a8462116f46f1a5f4f7,False
results/phase6c/test_workspace_8bf0cf203e164ebc9310756b93d90db7/test_invalid_registry_B6_gdp_rbe11380f/registry.xlsx,27041,HISTORICAL_ARCHIVE,REVIEW,,REVIEW,Not enough evidence to move an existing semantic path safely,,7012405160cf654d2953f8683ea7e0dec90af2b62c720e305ad4aba3c42284ba,False
results/phase6c/test_workspace_8bf0cf203e164ebc9310756b93d90db7/test_invalid_registry_E5_None_4891328c/registry.xlsx,27049,HISTORICAL_ARCHIVE,REVIEW,,REVIEW,Not enough evidence to move an existing semantic path safely,,0d9c309fbce4ef5f2a2fb39e4b6f9cdc6167aa528a160d0033a26da26e8ec3f9,False
results/phase6c/test_workspace_8bf0cf203e164ebc9310756b93d90db7/test_invalid_registry_J5_None_4736a219/registry.xlsx,27042,HISTORICAL_ARCHIVE,REVIEW,,REVIEW,Not enough evidence to move an existing semantic path safely,,8c65eda768aabe6e44c7c47687c701a20fb95d634e62aa8b06777dfaf2fd2756,False
results/phase6c/test_workspace_8bf0cf203e164ebc9310756b93d90db7/test_invalid_registry_K5_Annuaf8ab99d2/registry.xlsx,27050,HISTORICAL_ARCHIVE,REVIEW,,REVIEW,Not enough evidence to move an existing semantic path safely,,f857cf4c514e9bbaba2e15d9bb640375644b77be3aaa50db0f55ebd157838d0e,False
results/phase6c/test_workspace_8bf0cf203e164ebc9310756b93d90db7/test_invalid_registry_S5_guessc390025f/registry.xlsx,27004,HISTORICAL_ARCHIVE,REVIEW,,REVIEW,Not enough evidence to move an existing semantic path safely,,ca903b1d79fc097ec9f0ff20826b97d771fbbc2158503362a7eb12e74b1f6357,False
results/phase6c/test_workspace_8bf0cf203e164ebc9310756b93d90db7/test_invalid_registry_T6_gdp_r6cf80c5f/registry.xlsx,27043,HISTORICAL_ARCHIVE,REVIEW,,REVIEW,Not enough evidence to move an existing semantic path safely,,4062827b9e4699d2c90f7af556c3955d89b24531095055073a491e55ede9501f,False
results/phase6c/test_workspace_8bf0cf203e164ebc9310756b93d90db7/test_invalid_registry_X5_UNKNO9874acbe/registry.xlsx,27053,HISTORICAL_ARCHIVE,REVIEW,,REVIEW,Not enough evidence to move an existing semantic path safely,,3c9df7013c96b567403a822a9892515e669c4470c22cdc6b704a7edad6b9b201,False
results/phase6c/test_workspace_8bf0cf203e164ebc9310756b93d90db7/test_ledger_detects_tamper60ce241f/b781d5b060496e5ab39ce070cba21e2ed5d15697068a56f63909db568e66cf18.json,11,HISTORICAL_ARCHIVE,REVIEW,,REVIEW,Not enough evidence to move an existing semantic path safely,,d428e15b36ff064e22b6f8db60bd7a59bcfc07a04ccd0f15d9a96dc060c72e3c,False
results/phase6c/test_workspace_8bf0cf203e164ebc9310756b93d90db7/test_ledger_detects_tamper60ce241f/b781d5b060496e5ab39ce070cba21e2ed5d15697068a56f63909db568e66cf18.seal.json,83,HISTORICAL_ARCHIVE,REVIEW,,REVIEW,Not enough evidence to move an existing semantic path safely,,ed73c691c58be7a03133f1e712c80456a4bfd3d121dd2aa47832a2427f7d34cc,False
results/phase6c/test_workspace_8bf0cf203e164ebc9310756b93d90db7/test_m2_schema_changes_fail_A19903e87e/m2.xlsx,127764,HISTORICAL_ARCHIVE,REVIEW,,REVIEW,Not enough evidence to move an existing semantic path safely,,166b93dc8bc4c4669c9a9712a9360d9c42444f81793cf158393b0bd0294223f8,False
results/phase6c/test_workspace_8bf0cf203e164ebc9310756b93d90db7/test_m2_schema_changes_fail_A25a5a17cd/m2.xlsx,127769,HISTORICAL_ARCHIVE,REVIEW,,REVIEW,Not enough evidence to move an existing semantic path safely,,92eaeb64a4c8a07add98bb582d2ccdfc0273fe0114f370c0c861bf772d20f1f4,False
results/phase6c/test_workspace_8bf0cf203e164ebc9310756b93d90db7/test_m2_schema_changes_fail_B45248d663/m2.xlsx,127788,HISTORICAL_ARCHIVE,REVIEW,,REVIEW,Not enough evidence to move an existing semantic path safely,,216d5c7200504403b106aca762588f5eb06b63c75815446f0186e511a258929f,False
results/phase6c/test_workspace_8bf0cf203e164ebc9310756b93d90db7/test_master_fingerprint_recordd3b1b8c0/data/master/gdp_quarterly.parquet,9,HISTORICAL_ARCHIVE,REVIEW,,REVIEW,Not enough evidence to move an existing semantic path safely,,52cb0c6abb02dced4eb97286d6f91d4c4d09dffcd60797f58a2915a53b981412,False
results/phase6c/test_workspace_8bf0cf203e164ebc9310756b93d90db7/test_master_fingerprint_recordd3b1b8c0/data/master/v1_monthly.parquet,7,HISTORICAL_ARCHIVE,REVIEW,,REVIEW,Not enough evidence to move an existing semantic path safely,,9169e3ca73eeb47d29e92532bcc0ffd1f22178bc26e73bf6e466f0aefadb8b50,False
results/phase6c/test_workspace_8bf0cf203e164ebc9310756b93d90db7/test_master_fingerprint_recordd3b1b8c0/registry/uzbekistan_nowcasting_v1.2_registry.xlsx,8,HISTORICAL_ARCHIVE,REVIEW,,REVIEW,Not enough evidence to move an existing semantic path safely,,872491a30d60d598962de6e7b834ab76b2aa65fbab102c6ebaaae6acdc238822,False
results/phase6c/test_workspace_8bf0cf203e164ebc9310756b93d90db7/test_offline_build_replay_deteaae82a02/config/cbu_contracts.json,331,HISTORICAL_ARCHIVE,REVIEW,,REVIEW,Not enough evidence to move an existing semantic path safely,,f6bd5074c92c3fd34607cde1c4b31d2b5d8d5c0bef596511b3d3098a7afd9e0d,False
results/phase6c/test_workspace_8bf0cf203e164ebc9310756b93d90db7/test_offline_build_replay_deteaae82a02/config/registry_contracts.json,4224,HISTORICAL_ARCHIVE,REVIEW,,REVIEW,Not enough evidence to move an existing semantic path safely,,6c408573859e403b09a96a77279fd6f3e00ee27291e9cd3bb19228c08fdb2aaf,False
results/phase6c/test_workspace_8bf0cf203e164ebc9310756b93d90db7/test_offline_build_replay_deteaae82a02/config/settings.yaml,314,HISTORICAL_ARCHIVE,REVIEW,,REVIEW,Not enough evidence to move an existing semantic path safely,,d69f9964023940800037c92042057bf6d2986af6db7323d44afd83ec8b90b43d,False
results/phase6c/test_workspace_8bf0cf203e164ebc9310756b93d90db7/test_offline_build_replay_deteaae82a02/config/siat_contracts.json,5235,HISTORICAL_ARCHIVE,REVIEW,,REVIEW,Not enough evidence to move an existing semantic path safely,,2a86348e4d59a372ca6b8bab581d75559ac631717d67c3e1d5171dcf0d094332,False
results/phase6c/test_workspace_8bf0cf203e164ebc9310756b93d90db7/test_offline_build_replay_deteaae82a02/data/raw/siat/gdp_real_yoy/20261005T045017187150Z_5cab8ec7c02046579ee36a8e5f62de87.json,908,HISTORICAL_ARCHIVE,REVIEW,,REVIEW,Not enough evidence to move an existing semantic path safely,,8486535757a50cc57c83373b08b9a69c6a09a6193b58633e01aac51ec23c4204,False
results/phase6c/test_workspace_8bf0cf203e164ebc9310756b93d90db7/test_offline_build_replay_deteaae82a02/data/raw/siat/gdp_real_yoy/20261005T045017187150Z_5cab8ec7c02046579ee36a8e5f62de87.payload,125,HISTORICAL_ARCHIVE,REVIEW,,REVIEW,Not enough evidence to move an existing semantic path safely,,b25f53d33b633a269890d61e7bd06c4eb81107693f6f3783b016d69ae79b0cb8,False
results/phase6c/test_workspace_8bf0cf203e164ebc9310756b93d90db7/test_offline_build_replay_deteaae82a02/data/raw/siat/gdp_real_yoy/20261005T045017192435Z_bfe776df756f42c8af701e30b1fedce3.json,807,HISTORICAL_ARCHIVE,REVIEW,,REVIEW,Not enough evidence to move an existing semantic path safely,,cc17a4c00c0946a9e1d9d422e73815a9146d62a58cf6adf0a2ab4af33cdde711,False
results/phase6c/test_workspace_8bf0cf203e164ebc9310756b93d90db7/test_offline_build_replay_deteaae82a02/data/raw/siat/gdp_real_yoy/20261005T045017192435Z_bfe776df756f42c8af701e30b1fedce3.payload,1621,HISTORICAL_ARCHIVE,REVIEW,,REVIEW,Not enough evidence to move an existing semantic path safely,,58f1693c100b13ff3b46adab1952db2332404a1333a2355e6c22c65b76f5fcd0,False
results/phase6c/test_workspace_8bf0cf203e164ebc9310756b93d90db7/test_offline_build_replay_deteaae82a02/registry/archive/uzbekistan_nowcasting_v1.1_registry.xlsx,27076,HISTORICAL_ARCHIVE,REVIEW,,REVIEW,Not enough evidence to move an existing semantic path safely,,e719e8970b20b4a25acf04c7dc822ecab1ba91af6acf2145990cb67d94986f8d,False
results/phase6c/test_workspace_8bf0cf203e164ebc9310756b93d90db7/test_offline_build_replay_deteaae82a02/registry/archive/uzbekistan_nowcasting_v1_registry_v1.0.xlsx,26252,HISTORICAL_ARCHIVE,REVIEW,,REVIEW,Not enough evidence to move an existing semantic path safely,,efe0f1c577afacfca47b5294437434038e4be5172e059c5f6a4046d4b2f78b73,False
results/phase6c/test_workspace_8bf0cf203e164ebc9310756b93d90db7/test_offline_build_replay_deteaae82a02/registry/CHANGELOG.md,4715,HISTORICAL_ARCHIVE,REVIEW,,REVIEW,Not enough evidence to move an existing semantic path safely,,790ac951e8c7808bb597d712cb5bd1158b23d2299a60fbee4f7a87f52a15fb25,False
results/phase6c/test_workspace_8bf0cf203e164ebc9310756b93d90db7/test_offline_build_replay_deteaae82a02/registry/uzbekistan_nowcasting_v1.1_changes.json,1509,HISTORICAL_ARCHIVE,REVIEW,,REVIEW,Not enough evidence to move an existing semantic path safely,,3766ad85287dd229fc81dda31e445d9c17bc10da8fc4f8fced579d972880c5d7,False
results/phase6c/test_workspace_8bf0cf203e164ebc9310756b93d90db7/test_offline_build_replay_deteaae82a02/registry/uzbekistan_nowcasting_v1.1_registry.xlsx,27076,HISTORICAL_ARCHIVE,REVIEW,,REVIEW,Not enough evidence to move an existing semantic path safely,,e719e8970b20b4a25acf04c7dc822ecab1ba91af6acf2145990cb67d94986f8d,False
results/phase6c/test_workspace_8bf0cf203e164ebc9310756b93d90db7/test_offline_build_replay_deteaae82a02/registry/uzbekistan_nowcasting_v1.2_changes.json,3414,HISTORICAL_ARCHIVE,REVIEW,,REVIEW,Not enough evidence to move an existing semantic path safely,,0ea1257fcb7a6c134f53518d8decda657182741fd8599b716591ff61c8fe5998,False
results/phase6c/test_workspace_8bf0cf203e164ebc9310756b93d90db7/test_offline_build_replay_deteaae82a02/registry/uzbekistan_nowcasting_v1.2_registry.xlsx,27321,HISTORICAL_ARCHIVE,REVIEW,,REVIEW,Not enough evidence to move an existing semantic path safely,,0659713cea0fea42c3823a3be26dd116ba15f2b292f269ba5f7e1c7b99abbb33,False
results/phase6c/test_workspace_8bf0cf203e164ebc9310756b93d90db7/test_offline_build_replay_deteaae82a02/registry/uzbekistan_nowcasting_v1_registry.xlsx,26252,HISTORICAL_ARCHIVE,REVIEW,,REVIEW,Not enough evidence to move an existing semantic path safely,,efe0f1c577afacfca47b5294437434038e4be5172e059c5f6a4046d4b2f78b73,False
results/phase6c/test_workspace_8bf0cf203e164ebc9310756b93d90db7/test_offline_checks_payload_chebba5c4d/data/raw/cbu/usd_uzs/20261005T045016842023Z_230d6b16ff574bc2a05f6560b6fe4add.json,728,HISTORICAL_ARCHIVE,REVIEW,,REVIEW,Not enough evidence to move an existing semantic path safely,,5c3736aef89f51b5e00886ed8384a5579ab8bd94d9d39a32a03656831fc4cd58,False
results/phase6c/test_workspace_8bf0cf203e164ebc9310756b93d90db7/test_offline_checks_payload_chebba5c4d/data/raw/cbu/usd_uzs/20261005T045016842023Z_230d6b16ff574bc2a05f6560b6fe4add.payload,3,HISTORICAL_ARCHIVE,REVIEW,,REVIEW,Not enough evidence to move an existing semantic path safely,,2f05d4b689d270cafb02285f35f44866f7dc8a2d368a3f9d1124373eeab31fb1,False
results/phase6c/test_workspace_8bf0cf203e164ebc9310756b93d90db7/test_overwrite_prohibitedbd0a1cae/b781d5b060496e5ab39ce070cba21e2ed5d15697068a56f63909db568e66cf18.json,17,HISTORICAL_ARCHIVE,REVIEW,,REVIEW,Not enough evidence to move an existing semantic path safely,,eb8fd8d93731b4b3658a905f46a22133950c3d0109b694ad1993a030e4f8514c,False
results/phase6c/test_workspace_8bf0cf203e164ebc9310756b93d90db7/test_overwrite_prohibitedbd0a1cae/b781d5b060496e5ab39ce070cba21e2ed5d15697068a56f63909db568e66cf18.seal.json,83,HISTORICAL_ARCHIVE,REVIEW,,REVIEW,Not enough evidence to move an existing semantic path safely,,ed73c691c58be7a03133f1e712c80456a4bfd3d121dd2aa47832a2427f7d34cc,False
results/phase6c/test_workspace_8bf0cf203e164ebc9310756b93d90db7/test_partial_required_month_is95aba664/data/processed/usd_uzs.parquet,2306,HISTORICAL_ARCHIVE,REVIEW,,REVIEW,Not enough evidence to move an existing semantic path safely,,82d086084de921113f7c67f0fe2402a688e056509f0ff2a37e855acabf22caf6,False
results/phase6c/test_workspace_8bf0cf203e164ebc9310756b93d90db7/test_permanent_errors_not_retr1e5350ba/data/raw/cbu/usd_uzs/20261005T045016618598Z_cfdc858beea54436bb4b1563defd8cf1.json,724,HISTORICAL_ARCHIVE,REVIEW,,REVIEW,Not enough evidence to move an existing semantic path safely,,339aa603b44a115370cdfab8fab688e1cc8a68e3c5ed815fafd2db1b63cf3ba7,False
results/phase6c/test_workspace_8bf0cf203e164ebc9310756b93d90db7/test_permanent_errors_not_retr1e5350ba/data/raw/cbu/usd_uzs/20261005T045016618598Z_cfdc858beea54436bb4b1563defd8cf1.payload,18,HISTORICAL_ARCHIVE,REVIEW,,REVIEW,Not enough evidence to move an existing semantic path safely,,dd2ca3ce12d394a083a8e70964fa8dc986a112f8b2451b5ec7285c6c5fbc32eb,False
results/phase6c/test_workspace_8bf0cf203e164ebc9310756b93d90db7/test_permanent_errors_not_retr7f123b95/data/raw/cbu/usd_uzs/20261005T045016575703Z_1b5572a76cbd4d3c9c29fec2020f6fd2.json,725,HISTORICAL_ARCHIVE,REVIEW,,REVIEW,Not enough evidence to move an existing semantic path safely,,18538a705bb94a30588a219c47156e70961ccab1e7c2f8b83d293aae8a318174,False
results/phase6c/test_workspace_8bf0cf203e164ebc9310756b93d90db7/test_permanent_errors_not_retr7f123b95/data/raw/cbu/usd_uzs/20261005T045016575703Z_1b5572a76cbd4d3c9c29fec2020f6fd2.payload,9,HISTORICAL_ARCHIVE,REVIEW,,REVIEW,Not enough evidence to move an existing semantic path safely,,907ba78b4545338d3539683e63ecb51cf51c10adc9dabd86e92bd52339f298b9,False
results/phase6c/test_workspace_8bf0cf203e164ebc9310756b93d90db7/test_permanent_errors_not_retr9ca5c0a9/data/raw/cbu/usd_uzs/20261005T045016732311Z_329311f45f0d4cd58ebf7a9cb3832168.json,731,HISTORICAL_ARCHIVE,REVIEW,,REVIEW,Not enough evidence to move an existing semantic path safely,,0ff28975937046d2f90b3155e44c31491098fb58b9b4d943489e75edc09fca19,False
results/phase6c/test_workspace_8bf0cf203e164ebc9310756b93d90db7/test_permanent_errors_not_retr9ca5c0a9/data/raw/cbu/usd_uzs/20261005T045016732311Z_329311f45f0d4cd58ebf7a9cb3832168.payload,0,HISTORICAL_ARCHIVE,REVIEW,,REVIEW,Not enough evidence to move an existing semantic path safely,,e3b0c44298fc1c149afbf4c8996fb92427ae41e4649b934ca495991b7852b855,False
results/phase6c/test_workspace_8bf0cf203e164ebc9310756b93d90db7/test_phase2b_offline_build_rep84e7c4bf/config/cbu_contracts.json,331,HISTORICAL_ARCHIVE,REVIEW,,REVIEW,Not enough evidence to move an existing semantic path safely,,f6bd5074c92c3fd34607cde1c4b31d2b5d8d5c0bef596511b3d3098a7afd9e0d,False
results/phase6c/test_workspace_8bf0cf203e164ebc9310756b93d90db7/test_phase2b_offline_build_rep84e7c4bf/config/registry_contracts.json,4224,HISTORICAL_ARCHIVE,REVIEW,,REVIEW,Not enough evidence to move an existing semantic path safely,,6c408573859e403b09a96a77279fd6f3e00ee27291e9cd3bb19228c08fdb2aaf,False
results/phase6c/test_workspace_8bf0cf203e164ebc9310756b93d90db7/test_phase2b_offline_build_rep84e7c4bf/config/settings.yaml,314,HISTORICAL_ARCHIVE,REVIEW,,REVIEW,Not enough evidence to move an existing semantic path safely,,d69f9964023940800037c92042057bf6d2986af6db7323d44afd83ec8b90b43d,False
results/phase6c/test_workspace_8bf0cf203e164ebc9310756b93d90db7/test_phase2b_offline_build_rep84e7c4bf/config/siat_contracts.json,5235,HISTORICAL_ARCHIVE,REVIEW,,REVIEW,Not enough evidence to move an existing semantic path safely,,2a86348e4d59a372ca6b8bab581d75559ac631717d67c3e1d5171dcf0d094332,False
results/phase6c/test_workspace_8bf0cf203e164ebc9310756b93d90db7/test_phase2b_offline_build_rep84e7c4bf/data/raw/siat/gdp_real_yoy/20261005T045017478628Z_de09c50c4d7947b29f62ba897f78238e.json,908,HISTORICAL_ARCHIVE,REVIEW,,REVIEW,Not enough evidence to move an existing semantic path safely,,07ce4e0d0d451a348a567b6ca1f2565eab405ba3c00219693bf8c77ece257487,False
results/phase6c/test_workspace_8bf0cf203e164ebc9310756b93d90db7/test_phase2b_offline_build_rep84e7c4bf/data/raw/siat/gdp_real_yoy/20261005T045017478628Z_de09c50c4d7947b29f62ba897f78238e.payload,125,HISTORICAL_ARCHIVE,REVIEW,,REVIEW,Not enough evidence to move an existing semantic path safely,,b25f53d33b633a269890d61e7bd06c4eb81107693f6f3783b016d69ae79b0cb8,False
results/phase6c/test_workspace_8bf0cf203e164ebc9310756b93d90db7/test_phase2b_offline_build_rep84e7c4bf/data/raw/siat/gdp_real_yoy/20261005T045017480622Z_687e1ad7be3c4db28e9db9fd4db7ef8b.json,807,HISTORICAL_ARCHIVE,REVIEW,,REVIEW,Not enough evidence to move an existing semantic path safely,,5760db6d086181f3ee98e8a5915cfd6062a144012d46dc11b5675557d1fd7d79,False
results/phase6c/test_workspace_8bf0cf203e164ebc9310756b93d90db7/test_phase2b_offline_build_rep84e7c4bf/data/raw/siat/gdp_real_yoy/20261005T045017480622Z_687e1ad7be3c4db28e9db9fd4db7ef8b.payload,1621,HISTORICAL_ARCHIVE,REVIEW,,REVIEW,Not enough evidence to move an existing semantic path safely,,58f1693c100b13ff3b46adab1952db2332404a1333a2355e6c22c65b76f5fcd0,False
results/phase6c/test_workspace_8bf0cf203e164ebc9310756b93d90db7/test_phase2b_offline_build_rep84e7c4bf/registry/archive/uzbekistan_nowcasting_v1.1_registry.xlsx,27076,HISTORICAL_ARCHIVE,REVIEW,,REVIEW,Not enough evidence to move an existing semantic path safely,,e719e8970b20b4a25acf04c7dc822ecab1ba91af6acf2145990cb67d94986f8d,False
results/phase6c/test_workspace_8bf0cf203e164ebc9310756b93d90db7/test_phase2b_offline_build_rep84e7c4bf/registry/archive/uzbekistan_nowcasting_v1_registry_v1.0.xlsx,26252,HISTORICAL_ARCHIVE,REVIEW,,REVIEW,Not enough evidence to move an existing semantic path safely,,efe0f1c577afacfca47b5294437434038e4be5172e059c5f6a4046d4b2f78b73,False
results/phase6c/test_workspace_8bf0cf203e164ebc9310756b93d90db7/test_phase2b_offline_build_rep84e7c4bf/registry/CHANGELOG.md,4715,HISTORICAL_ARCHIVE,REVIEW,,REVIEW,Not enough evidence to move an existing semantic path safely,,790ac951e8c7808bb597d712cb5bd1158b23d2299a60fbee4f7a87f52a15fb25,False
results/phase6c/test_workspace_8bf0cf203e164ebc9310756b93d90db7/test_phase2b_offline_build_rep84e7c4bf/registry/uzbekistan_nowcasting_v1.1_changes.json,1509,HISTORICAL_ARCHIVE,REVIEW,,REVIEW,Not enough evidence to move an existing semantic path safely,,3766ad85287dd229fc81dda31e445d9c17bc10da8fc4f8fced579d972880c5d7,False
results/phase6c/test_workspace_8bf0cf203e164ebc9310756b93d90db7/test_phase2b_offline_build_rep84e7c4bf/registry/uzbekistan_nowcasting_v1.1_registry.xlsx,27076,HISTORICAL_ARCHIVE,REVIEW,,REVIEW,Not enough evidence to move an existing semantic path safely,,e719e8970b20b4a25acf04c7dc822ecab1ba91af6acf2145990cb67d94986f8d,False
results/phase6c/test_workspace_8bf0cf203e164ebc9310756b93d90db7/test_phase2b_offline_build_rep84e7c4bf/registry/uzbekistan_nowcasting_v1.2_changes.json,3414,HISTORICAL_ARCHIVE,REVIEW,,REVIEW,Not enough evidence to move an existing semantic path safely,,0ea1257fcb7a6c134f53518d8decda657182741fd8599b716591ff61c8fe5998,False
results/phase6c/test_workspace_8bf0cf203e164ebc9310756b93d90db7/test_phase2b_offline_build_rep84e7c4bf/registry/uzbekistan_nowcasting_v1.2_registry.xlsx,27321,HISTORICAL_ARCHIVE,REVIEW,,REVIEW,Not enough evidence to move an existing semantic path safely,,0659713cea0fea42c3823a3be26dd116ba15f2b292f269ba5f7e1c7b99abbb33,False
results/phase6c/test_workspace_8bf0cf203e164ebc9310756b93d90db7/test_phase2b_offline_build_rep84e7c4bf/registry/uzbekistan_nowcasting_v1_registry.xlsx,26252,HISTORICAL_ARCHIVE,REVIEW,,REVIEW,Not enough evidence to move an existing semantic path safely,,efe0f1c577afacfca47b5294437434038e4be5172e059c5f6a4046d4b2f78b73,False
results/phase6c/test_workspace_8bf0cf203e164ebc9310756b93d90db7/test_retry_temporary_status_anbedecb42/data/raw/cbu/usd_uzs/20261005T045016494423Z_c4aa3a19b90d43ed9abe9e8ae2585c4a.json,728,HISTORICAL_ARCHIVE,REVIEW,,REVIEW,Not enough evidence to move an existing semantic path safely,,43d10919d65e24b92b797119eac5befd5acb6ba1ec51423650442414f3811613,False
results/phase6c/test_workspace_8bf0cf203e164ebc9310756b93d90db7/test_retry_temporary_status_anbedecb42/data/raw/cbu/usd_uzs/20261005T045016494423Z_c4aa3a19b90d43ed9abe9e8ae2585c4a.payload,9,HISTORICAL_ARCHIVE,REVIEW,,REVIEW,Not enough evidence to move an existing semantic path safely,,45fa679977289675167a1e277c1febba4c59b00c64853a8462116f46f1a5f4f7,False
results/phase6c/test_workspace_8bf0cf203e164ebc9310756b93d90db7/test_retry_temporary_status_anbedecb42/data/raw/cbu/usd_uzs/20261005T045016498412Z_a25e061fe4834da58a36c725e1be3515.json,728,HISTORICAL_ARCHIVE,REVIEW,,REVIEW,Not enough evidence to move an existing semantic path safely,,646157bb8819fa8a2474a2eb77e6a744ebf4c68a5847813d6fa0ef721b63647b,False
results/phase6c/test_workspace_8bf0cf203e164ebc9310756b93d90db7/test_retry_temporary_status_anbedecb42/data/raw/cbu/usd_uzs/20261005T045016498412Z_a25e061fe4834da58a36c725e1be3515.payload,9,HISTORICAL_ARCHIVE,REVIEW,,REVIEW,Not enough evidence to move an existing semantic path safely,,45fa679977289675167a1e277c1febba4c59b00c64853a8462116f46f1a5f4f7,False
results/phase6c/test_workspace_8bf0cf203e164ebc9310756b93d90db7/test_revision_decomposition_at1acfcaea/results/phase5a_current_nowcast.json,255,HISTORICAL_ARCHIVE,REVIEW,,REVIEW,Not enough evidence to move an existing semantic path safely,,635ef1f0d9a086b917be88b63de2d4e9441c1f222a5b5ac8ec0f0b59e663c06d,False
results/phase6c/test_workspace_8bf0cf203e164ebc9310756b93d90db7/test_revision_decomposition_at1acfcaea/results/phase5a_run_manifest.json,98,HISTORICAL_ARCHIVE,REVIEW,,REVIEW,Not enough evidence to move an existing semantic path safely,,bb07748a3b9f20fb00b2bc3ab149c647a54e70ece278efd3572383a151f9339c,False
results/phase6c/test_workspace_8bf0cf203e164ebc9310756b93d90db7/test_revision_history_schemaffecb021/results/phase4c_holdout_metrics.parquet,3278,HISTORICAL_ARCHIVE,REVIEW,,REVIEW,Not enough evidence to move an existing semantic path safely,,af666d4ddf1ed23ab1c21d07b3250c60f559ac7044c69ac0f82a377f3b91608f,False
results/phase6c/test_workspace_8bf0cf203e164ebc9310756b93d90db7/test_revision_history_schemaffecb021/results/phase4c_holdout_predictions.parquet,4831,HISTORICAL_ARCHIVE,REVIEW,,REVIEW,Not enough evidence to move an existing semantic path safely,,861ecc65b021a25c14d297884e0d6d8fc3d8a957f25c5d8ebf188f029c015b48,False
results/phase6c/test_workspace_8bf0cf203e164ebc9310756b93d90db7/test_revision_history_schemaffecb021/results/phase4c_horizon_updates.parquet,5647,HISTORICAL_ARCHIVE,REVIEW,,REVIEW,Not enough evidence to move an existing semantic path safely,,4cde96db2cd65d124b03ea2aa6da08866545fcd9b5a6586f2b6497ed05e2481b,False
results/phase6c/test_workspace_8bf0cf203e164ebc9310756b93d90db7/test_revision_retention99282210/metadata/observations_long.parquet,7356,HISTORICAL_ARCHIVE,REVIEW,,REVIEW,Not enough evidence to move an existing semantic path safely,,891bb9f27406d8a8aa6eefbb4c134b99d8eeda808a4a84c081cfbde757b28c25,False
results/phase6c/test_workspace_8bf0cf203e164ebc9310756b93d90db7/test_revision_retention99282210/metadata/revisions.parquet,6668,HISTORICAL_ARCHIVE,REVIEW,,REVIEW,Not enough evidence to move an existing semantic path safely,,245c2338a9ebe0ef05430ad1cd854db11285fdafa4170790652e4599ef2d200a,False
results/phase6c/test_workspace_8bf0cf203e164ebc9310756b93d90db7/test_revision_retention99282210/metadata/vintages.parquet,5040,HISTORICAL_ARCHIVE,REVIEW,,REVIEW,Not enough evidence to move an existing semantic path safely,,f457a0f40d8dfe66e4967b8d7f126776bb4402f41ffcfc4a7d0f28d0f3cc92e2,False
results/phase6c/test_workspace_8bf0cf203e164ebc9310756b93d90db7/test_run_phase_4a1_excludes_hoe826b321/config/registry_contracts.json,4224,HISTORICAL_ARCHIVE,REVIEW,,REVIEW,Not enough evidence to move an existing semantic path safely,,6c408573859e403b09a96a77279fd6f3e00ee27291e9cd3bb19228c08fdb2aaf,False
results/phase6c/test_workspace_8bf0cf203e164ebc9310756b93d90db7/test_run_phase_4a1_excludes_hoe826b321/data/master/gdp_quarterly.parquet,2182,HISTORICAL_ARCHIVE,REVIEW,,REVIEW,Not enough evidence to move an existing semantic path safely,,0ea6dfc187c24a517ac4434608f5c77b77a0fa873a7ca8057dec95b3af81c098,False
results/phase6c/test_workspace_8bf0cf203e164ebc9310756b93d90db7/test_run_phase_4a1_excludes_hoe826b321/data/master/v1_monthly.parquet,5123,HISTORICAL_ARCHIVE,REVIEW,,REVIEW,Not enough evidence to move an existing semantic path safely,,345b0b2a19573fef4350c95f465e6ccf262fd80f1e320a2d3bbaa31e65dc089e,False
results/phase6c/test_workspace_8bf0cf203e164ebc9310756b93d90db7/test_run_phase_4a1_excludes_hoe826b321/registry/uzbekistan_nowcasting_v1.2_registry.xlsx,27321,HISTORICAL_ARCHIVE,REVIEW,,REVIEW,Not enough evidence to move an existing semantic path safely,,0659713cea0fea42c3823a3be26dd116ba15f2b292f269ba5f7e1c7b99abbb33,False
results/phase6c/test_workspace_8bf0cf203e164ebc9310756b93d90db7/test_run_phase_4a1_records_fin03d5a6f3/config/registry_contracts.json,4224,HISTORICAL_ARCHIVE,REVIEW,,REVIEW,Not enough evidence to move an existing semantic path safely,,6c408573859e403b09a96a77279fd6f3e00ee27291e9cd3bb19228c08fdb2aaf,False
results/phase6c/test_workspace_8bf0cf203e164ebc9310756b93d90db7/test_run_phase_4a1_records_fin03d5a6f3/data/master/gdp_quarterly.parquet,2182,HISTORICAL_ARCHIVE,REVIEW,,REVIEW,Not enough evidence to move an existing semantic path safely,,0ea6dfc187c24a517ac4434608f5c77b77a0fa873a7ca8057dec95b3af81c098,False
results/phase6c/test_workspace_8bf0cf203e164ebc9310756b93d90db7/test_run_phase_4a1_records_fin03d5a6f3/data/master/v1_monthly.parquet,9782,HISTORICAL_ARCHIVE,REVIEW,,REVIEW,Not enough evidence to move an existing semantic path safely,,c191d4041be03b11390c269d7d365eaee407934a780d8bcd9348703f14ad6deb,False
results/phase6c/test_workspace_8bf0cf203e164ebc9310756b93d90db7/test_run_phase_4a1_records_fin03d5a6f3/registry/uzbekistan_nowcasting_v1.2_registry.xlsx,27321,HISTORICAL_ARCHIVE,REVIEW,,REVIEW,Not enough evidence to move an existing semantic path safely,,0659713cea0fea42c3823a3be26dd116ba15f2b292f269ba5f7e1c7b99abbb33,False
results/phase6c/test_workspace_8bf0cf203e164ebc9310756b93d90db7/test_run_phase_4a1_records_fin03d5a6f3/results/frozen_validation_definition.json,1582,HISTORICAL_ARCHIVE,REVIEW,,REVIEW,Not enough evidence to move an existing semantic path safely,,e9b08544870df0318314dbc7c66176e4744f8a264ef1b4ac38a506ffc7d5fbe6,False
results/phase6c/test_workspace_8bf0cf203e164ebc9310756b93d90db7/test_run_phase_4a1_records_fin03d5a6f3/results/phase4a1_common_sample_metrics.parquet,8490,HISTORICAL_ARCHIVE,REVIEW,,REVIEW,Not enough evidence to move an existing semantic path safely,,dd2967ee959de3a65952c72c7818ff858832fbd409c571a026302a5d1649a649,False
results/phase6c/test_workspace_8bf0cf203e164ebc9310756b93d90db7/test_run_phase_4a1_records_fin03d5a6f3/results/phase4a1_evaluation_windows.parquet,3271,HISTORICAL_ARCHIVE,REVIEW,,REVIEW,Not enough evidence to move an existing semantic path safely,,7feaaca5e7c1f6281463479b29967103cdc7ee1d9c6b546d18d4b3574abf666b,False
results/phase6c/test_workspace_8bf0cf203e164ebc9310756b93d90db7/test_run_phase_4a1_records_fin03d5a6f3/results/phase4a1_factor_loadings.parquet,11968,HISTORICAL_ARCHIVE,REVIEW,,REVIEW,Not enough evidence to move an existing semantic path safely,,acc73d4a74ca791bd9908578bcf9260a79f298a6fc907724171ffc79d25f8409,False
results/phase6c/test_workspace_8bf0cf203e164ebc9310756b93d90db7/test_run_phase_4a1_records_fin03d5a6f3/results/phase4a1_horizon_deltas.parquet,5814,HISTORICAL_ARCHIVE,REVIEW,,REVIEW,Not enough evidence to move an existing semantic path safely,,69db28adfec4f3b147c962edf32649359374113a743a2c28a4438f6619e03020,False
results/phase6c/test_workspace_8bf0cf203e164ebc9310756b93d90db7/test_run_phase_4a1_records_fin03d5a6f3/results/phase4a1_lag_mode_deltas.parquet,636,HISTORICAL_ARCHIVE,REVIEW,,REVIEW,Not enough evidence to move an existing semantic path safely,,74c2ffa7bea3077c928dc76c593eef3efb6c933da14a442e2432fb8276e30b24,False
results/phase6c/test_workspace_8bf0cf203e164ebc9310756b93d90db7/test_run_phase_4a1_records_fin03d5a6f3/results/phase4a1_matched_metrics.parquet,11869,HISTORICAL_ARCHIVE,REVIEW,,REVIEW,Not enough evidence to move an existing semantic path safely,,ef9546036767e17a8283d0d9b030a559e27544facf3e55ee164e3ee1ec18133d,False
results/phase6c/test_workspace_8bf0cf203e164ebc9310756b93d90db7/test_run_phase_4a1_records_fin03d5a6f3/results/phase4a1_metrics.parquet,8654,HISTORICAL_ARCHIVE,REVIEW,,REVIEW,Not enough evidence to move an existing semantic path safely,,31af295da99bbb325495d9ea41cffe632c2232792cc678777ac97af8ab298198,False
results/phase6c/test_workspace_8bf0cf203e164ebc9310756b93d90db7/test_run_phase_4a1_records_fin03d5a6f3/results/phase4a1_model_specs.json,10283,HISTORICAL_ARCHIVE,REVIEW,,REVIEW,Not enough evidence to move an existing semantic path safely,,5ce668009be13685e45eda005cc609dbc3faf057114e45494f2910795ca4100c,False
results/phase6c/test_workspace_8bf0cf203e164ebc9310756b93d90db7/test_run_phase_4a1_records_fin03d5a6f3/results/phase4a1_predictions.parquet,13918,HISTORICAL_ARCHIVE,REVIEW,,REVIEW,Not enough evidence to move an existing semantic path safely,,bee690675336009e4774580639dc9c2116246047c53022a00c0469258f45bd43,False
results/phase6c/test_workspace_8bf0cf203e164ebc9310756b93d90db7/test_run_phase_4a1_records_fin03d5a6f3/results/phase4a1_resolved_tiers.json,4554,HISTORICAL_ARCHIVE,REVIEW,,REVIEW,Not enough evidence to move an existing semantic path safely,,30d073a5559a9179f9efa553542910d512f2429de0379303a58bd915aa6c0988,False
results_phase6c_run.log,497724,UNKNOWN,REVIEW,,REVIEW,Not enough evidence to move an existing semantic path safely,,56bdf45f9900447564e71e290d891591b51938c205c34e94e7b9fbfbb9d3ab7a,False
