variable,source,source_url_or_identifier,frequency,release_lag,latest_stored_observation,expected_latest_observation,current_status,model_usage,latest_usable_month,expected_latest_month,months_stale,missing_recent,source_status,model_status,warning,classification
industrial_production,SIAT,https://api.siat.stat.uz/sdmx/577/table/download/?download_format=json,Monthly,33,2026-08,2026-08,CACHED_NOT_NETWORK_CHECKED,FROZEN_DFM,2026-08,2026-08,0,,CACHED_NOT_NETWORK_CHECKED,USABLE_WITH_GAPS,Unknown releases remain null; lag is planning metadata,GREEN
ppi,SIAT,https://api.siat.stat.uz/sdmx/1581/table/download/?download_format=json,Monthly,15,2026-08,2026-08,CACHED_NOT_NETWORK_CHECKED,FROZEN_DFM,2026-08,2026-08,0,,CACHED_NOT_NETWORK_CHECKED,USABLE_WITH_GAPS,Unknown releases remain null; lag is planning metadata,GREEN
usd_uzs,CBU,https://cbu.uz/uz/arkhiv-kursov-valyut/json/USD/{YYYY-MM-DD}/,Daily,0,2026-09,2026-09,CACHED_NOT_NETWORK_CHECKED,PRODUCTION_AND_SHADOW,2026-09,2026-09,0,,CACHED_NOT_NETWORK_CHECKED,USABLE_WITH_GAPS,Unknown releases remain null; lag is planning metadata,GREEN
rub_uzs,CBU,https://cbu.uz/uz/arkhiv-kursov-valyut/json/RUB/{YYYY-MM-DD}/,Daily,0,2026-09,2026-09,CACHED_NOT_NETWORK_CHECKED,FROZEN_DFM,2026-09,2026-09,0,,CACHED_NOT_NETWORK_CHECKED,USABLE_WITH_GAPS,Unknown releases remain null; lag is planning metadata,GREEN
gold_price,World Bank Pink Sheet,https://www.worldbank.org/en/research/commodity-markets,Monthly,7,2026-08,2026-08,CACHED_NOT_NETWORK_CHECKED,FROZEN_DFM,2026-08,2026-08,0,,CACHED_NOT_NETWORK_CHECKED,USABLE_WITH_GAPS,Unknown releases remain null; lag is planning metadata,GREEN
m2,CBU,https://cbu.uz/sdmx/public/DCS_Uzbekistan_Online.xlsx,Monthly,25,2026-08,2026-08,CACHED_NOT_NETWORK_CHECKED,FROZEN_DFM,2026-08,2026-08,0,,CACHED_NOT_NETWORK_CHECKED,USABLE_WITH_GAPS,Unknown releases remain null; lag is planning metadata,GREEN
fx_reserves_ex_gold,CBU,https://cbu.uz/en/statistics/e-gdds/data/111574/,Monthly,7,2026-08,2026-08,CACHED_NOT_NETWORK_CHECKED,FROZEN_DFM,2026-08,2026-08,0,,CACHED_NOT_NETWORK_CHECKED,USABLE_WITH_GAPS,Unknown releases remain null; lag is planning metadata,GREEN
pos_turnover,CBU,https://cbu.uz/upload/open_data/0047/4-009-0047_eng.json,Monthly archive / current JSON snapshot,18,2022-08,2026-08,CACHED_NOT_NETWORK_CHECKED,FROZEN_DFM,2022-08,2026-08,48,,CACHED_NOT_NETWORK_CHECKED,USABLE_WITH_GAPS,POS scope after December 2024 withheld; never filled,RED
gdp_real_yoy,SIAT,https://api.siat.stat.uz/sdmx/3698/table/download/?download_format=json,Quarterly,31,2026Q2,2026Q2,CACHED_NOT_NETWORK_CHECKED,PRODUCTION_AND_SHADOW,2026Q2,2026Q2,0,,CACHED_NOT_NETWORK_CHECKED,USABLE_WITH_GAPS,Unknown releases remain null; lag is planning metadata,GREEN
