target_quarter,model,lag_mode,timing_rule,target_definition,mean_error,rmse,mae,n
2024Q1,AR1,conservative,PERMISSIVE_END_OF_DAY,FIRST_RELEASE,0.34863397017064734,0.34863397017064734,0.34863397017064734,3
2024Q1,AR1,conservative,PERMISSIVE_END_OF_DAY,LATEST_REVISED,0.54863397017065285,0.54863397017065285,0.54863397017065285,3
2024Q1,AR1,conservative,STRICT,FIRST_RELEASE,0.34863397017064734,0.34863397017064734,0.34863397017064734,3
2024Q1,AR1,conservative,STRICT,LATEST_REVISED,0.54863397017065285,0.54863397017065285,0.54863397017065285,3
2024Q1,AR1,standard,PERMISSIVE_END_OF_DAY,FIRST_RELEASE,0.34863397017064734,0.34863397017064734,0.34863397017064734,3
2024Q1,AR1,standard,PERMISSIVE_END_OF_DAY,LATEST_REVISED,0.54863397017065285,0.54863397017065285,0.54863397017065285,3
2024Q1,AR1,standard,STRICT,FIRST_RELEASE,0.34863397017064734,0.34863397017064734,0.34863397017064734,3
2024Q1,AR1,standard,STRICT,LATEST_REVISED,0.54863397017065285,0.54863397017065285,0.54863397017065285,3
2024Q1,AR2,conservative,PERMISSIVE_END_OF_DAY,FIRST_RELEASE,0.34627961907575688,0.34627961907575688,0.34627961907575688,3
2024Q1,AR2,conservative,PERMISSIVE_END_OF_DAY,LATEST_REVISED,0.54627961907576239,0.54627961907576239,0.54627961907576239,3
2024Q1,AR2,conservative,STRICT,FIRST_RELEASE,0.34627961907575688,0.34627961907575688,0.34627961907575688,3
2024Q1,AR2,conservative,STRICT,LATEST_REVISED,0.54627961907576239,0.54627961907576239,0.54627961907576239,3
2024Q1,AR2,standard,PERMISSIVE_END_OF_DAY,FIRST_RELEASE,0.34627961907575688,0.34627961907575688,0.34627961907575688,3
2024Q1,AR2,standard,PERMISSIVE_END_OF_DAY,LATEST_REVISED,0.54627961907576239,0.54627961907576239,0.54627961907576239,3
2024Q1,AR2,standard,STRICT,FIRST_RELEASE,0.34627961907575688,0.34627961907575688,0.34627961907575688,3
2024Q1,AR2,standard,STRICT,LATEST_REVISED,0.54627961907576239,0.54627961907576239,0.54627961907576239,3
2024Q1,COMBO_A,conservative,PERMISSIVE_END_OF_DAY,FIRST_RELEASE,-0.055454616317518322,0.28046628496539178,0.24065317266917674,3
2024Q1,COMBO_A,conservative,PERMISSIVE_END_OF_DAY,LATEST_REVISED,0.14454538368248718,0.31061147833794328,0.30731983933584522,3
2024Q1,COMBO_A,conservative,STRICT,FIRST_RELEASE,-0.055454616317518322,0.28046628496539178,0.24065317266917674,3
2024Q1,COMBO_A,conservative,STRICT,LATEST_REVISED,0.14454538368248718,0.31061147833794328,0.30731983933584522,3
2024Q1,COMBO_A,standard,PERMISSIVE_END_OF_DAY,FIRST_RELEASE,-0.13413635971353757,0.2483443712932738,0.20948510642625232,3
2024Q1,COMBO_A,standard,PERMISSIVE_END_OF_DAY,LATEST_REVISED,0.06586364028646792,0.2191355353830983,0.19793042522115881,3
2024Q1,COMBO_A,standard,STRICT,FIRST_RELEASE,-0.13413635971353757,0.2483443712932738,0.20948510642625232,3
2024Q1,COMBO_A,standard,STRICT,LATEST_REVISED,0.06586364028646792,0.2191355353830983,0.19793042522115881,3
2024Q1,COMBO_B,conservative,PERMISSIVE_END_OF_DAY,FIRST_RELEASE,-0.037099150000439174,0.24616729912943949,0.21700370607964015,3
2024Q1,COMBO_B,conservative,PERMISSIVE_END_OF_DAY,LATEST_REVISED,0.16290084999956633,0.29284582831331074,0.28367037274630863,3
2024Q1,COMBO_B,conservative,STRICT,FIRST_RELEASE,-0.037099150000439174,0.24616729912943949,0.21700370607964015,3
2024Q1,COMBO_B,conservative,STRICT,LATEST_REVISED,0.16290084999956633,0.29284582831331074,0.28367037274630863,3
2024Q1,COMBO_B,standard,PERMISSIVE_END_OF_DAY,FIRST_RELEASE,-0.1082306036273654,0.2154385116853782,0.18263699822551782,3
2024Q1,COMBO_B,standard,PERMISSIVE_END_OF_DAY,LATEST_REVISED,0.091769396372640102,0.20765719555619949,0.18767532509058663,3
2024Q1,COMBO_B,standard,STRICT,FIRST_RELEASE,-0.1082306036273654,0.2154385116853782,0.18263699822551782,3
2024Q1,COMBO_B,standard,STRICT,LATEST_REVISED,0.091769396372640102,0.20765719555619949,0.18767532509058663,3
2024Q1,DFM_A,conservative,PERMISSIVE_END_OF_DAY,FIRST_RELEASE,-0.39112792744885638,0.6680403400965228,0.39112792744885638,3
2024Q1,DFM_A,conservative,PERMISSIVE_END_OF_DAY,LATEST_REVISED,-0.19112792744885088,0.57430542833646725,0.44685003322331607,3
2024Q1,DFM_A,conservative,STRICT,FIRST_RELEASE,-0.39112792744885638,0.6680403400965228,0.39112792744885638,3
2024Q1,DFM_A,conservative,STRICT,LATEST_REVISED,-0.19112792744885088,0.57430542833646725,0.44685003322331607,3
2024Q1,DFM_A,standard,PERMISSIVE_END_OF_DAY,FIRST_RELEASE,-0.52082002367345304,0.65048823700209235,0.52082002367345304,3
2024Q1,DFM_A,standard,PERMISSIVE_END_OF_DAY,LATEST_REVISED,-0.32082002367344753,0.50478404987549441,0.41914667372320863,3
2024Q1,DFM_A,standard,STRICT,FIRST_RELEASE,-0.52082002367345304,0.65048823700209235,0.52082002367345304,3
2024Q1,DFM_A,standard,STRICT,LATEST_REVISED,-0.32082002367344753,0.50478404987549441,0.41914667372320863,3
2024Q1,DFM_B,conservative,PERMISSIVE_END_OF_DAY,FIRST_RELEASE,-0.35441699481469896,0.59539433231231287,0.35441699481469896,3
2024Q1,DFM_B,conservative,PERMISSIVE_END_OF_DAY,LATEST_REVISED,-0.15441699481469348,0.50272021346246221,0.3995511000442426,3
2024Q1,DFM_B,conservative,STRICT,FIRST_RELEASE,-0.35441699481469896,0.59539433231231287,0.35441699481469896,3
2024Q1,DFM_B,conservative,STRICT,LATEST_REVISED,-0.15441699481469348,0.50272021346246221,0.3995511000442426,3
2024Q1,DFM_B,standard,PERMISSIVE_END_OF_DAY,FIRST_RELEASE,-0.46900851150110806,0.58179077320665107,0.46900851150110806,3
2024Q1,DFM_B,standard,PERMISSIVE_END_OF_DAY,LATEST_REVISED,-0.26900851150110255,0.4368948376760094,0.36545045732173964,3
2024Q1,DFM_B,standard,STRICT,FIRST_RELEASE,-0.46900851150110806,0.58179077320665107,0.46900851150110806,3
2024Q1,DFM_B,standard,STRICT,LATEST_REVISED,-0.26900851150110255,0.4368948376760094,0.36545045732173964,3
2024Q1,PRODUCTION_ENSEMBLE,conservative,PERMISSIVE_END_OF_DAY,FIRST_RELEASE,0.31324915694478861,0.31329065202520356,0.31324915694478861,3
2024Q1,PRODUCTION_ENSEMBLE,conservative,PERMISSIVE_END_OF_DAY,LATEST_REVISED,0.51324915694479412,0.51327448351179339,0.51324915694479412,3
2024Q1,PRODUCTION_ENSEMBLE,conservative,STRICT,FIRST_RELEASE,0.31324915694478861,0.31329065202520356,0.31324915694478861,3
2024Q1,PRODUCTION_ENSEMBLE,conservative,STRICT,LATEST_REVISED,0.51324915694479412,0.51327448351179339,0.51324915694479412,3
2024Q1,PRODUCTION_ENSEMBLE,standard,PERMISSIVE_END_OF_DAY,FIRST_RELEASE,0.29941346166106708,0.29979012918431108,0.29941346166106708,3
2024Q1,PRODUCTION_ENSEMBLE,standard,PERMISSIVE_END_OF_DAY,LATEST_REVISED,0.49941346166107259,0.49963937617123239,0.49941346166107259,3
2024Q1,PRODUCTION_ENSEMBLE,standard,STRICT,FIRST_RELEASE,0.29941346166106708,0.29979012918431108,0.29941346166106708,3
2024Q1,PRODUCTION_ENSEMBLE,standard,STRICT,LATEST_REVISED,0.49941346166107259,0.49963937617123239,0.49941346166107259,3
2024Q1,UMIDAS_USD,conservative,PERMISSIVE_END_OF_DAY,FIRST_RELEASE,0.28021869481382033,0.28040419077144074,0.28021869481382033,3
2024Q1,UMIDAS_USD,conservative,PERMISSIVE_END_OF_DAY,LATEST_REVISED,0.48021869481382584,0.48032695960951427,0.48021869481382584,3
2024Q1,UMIDAS_USD,conservative,STRICT,FIRST_RELEASE,0.28021869481382033,0.28040419077144074,0.28021869481382033,3
2024Q1,UMIDAS_USD,conservative,STRICT,LATEST_REVISED,0.48021869481382584,0.48032695960951427,0.48021869481382584,3
2024Q1,UMIDAS_USD,standard,PERMISSIVE_END_OF_DAY,FIRST_RELEASE,0.25254730424637756,0.25432841565983749,0.25254730424637756,3
2024Q1,UMIDAS_USD,standard,PERMISSIVE_END_OF_DAY,LATEST_REVISED,0.45254730424638306,0.45354367453487771,0.45254730424638306,3
2024Q1,UMIDAS_USD,standard,STRICT,FIRST_RELEASE,0.25254730424637756,0.25432841565983749,0.25254730424637756,3
2024Q1,UMIDAS_USD,standard,STRICT,LATEST_REVISED,0.45254730424638306,0.45354367453487771,0.45254730424638306,3
2024Q2,AR1,conservative,PERMISSIVE_END_OF_DAY,FIRST_RELEASE,0.37124140935364203,0.37124140935364203,0.37124140935364203,3
2024Q2,AR1,conservative,PERMISSIVE_END_OF_DAY,LATEST_REVISED,0.57124140935363599,0.57124140935363599,0.57124140935363599,3
2024Q2,AR1,conservative,STRICT,FIRST_RELEASE,0.37124140935364203,0.37124140935364203,0.37124140935364203,3
2024Q2,AR1,conservative,STRICT,LATEST_REVISED,0.57124140935363599,0.57124140935363599,0.57124140935363599,3
2024Q2,AR1,standard,PERMISSIVE_END_OF_DAY,FIRST_RELEASE,0.37124140935364203,0.37124140935364203,0.37124140935364203,3
2024Q2,AR1,standard,PERMISSIVE_END_OF_DAY,LATEST_REVISED,0.57124140935363599,0.57124140935363599,0.57124140935363599,3
2024Q2,AR1,standard,STRICT,FIRST_RELEASE,0.37124140935364203,0.37124140935364203,0.37124140935364203,3
2024Q2,AR1,standard,STRICT,LATEST_REVISED,0.57124140935363599,0.57124140935363599,0.57124140935363599,3
2024Q2,AR2,conservative,PERMISSIVE_END_OF_DAY,FIRST_RELEASE,0.39757686502530554,0.39757686502530554,0.39757686502530554,3
2024Q2,AR2,conservative,PERMISSIVE_END_OF_DAY,LATEST_REVISED,0.5975768650252995,0.59757686502529939,0.5975768650252995,3
2024Q2,AR2,conservative,STRICT,FIRST_RELEASE,0.39757686502530554,0.39757686502530554,0.39757686502530554,3
2024Q2,AR2,conservative,STRICT,LATEST_REVISED,0.5975768650252995,0.59757686502529939,0.5975768650252995,3
2024Q2,AR2,standard,PERMISSIVE_END_OF_DAY,FIRST_RELEASE,0.39757686502530554,0.39757686502530554,0.39757686502530554,3
2024Q2,AR2,standard,PERMISSIVE_END_OF_DAY,LATEST_REVISED,0.5975768650252995,0.59757686502529939,0.5975768650252995,3
2024Q2,AR2,standard,STRICT,FIRST_RELEASE,0.39757686502530554,0.39757686502530554,0.39757686502530554,3
2024Q2,AR2,standard,STRICT,LATEST_REVISED,0.5975768650252995,0.59757686502529939,0.5975768650252995,3
2024Q2,COMBO_A,conservative,PERMISSIVE_END_OF_DAY,FIRST_RELEASE,0.25409807149966984,0.27183465640798987,0.25409807149966984,3
2024Q2,COMBO_A,conservative,PERMISSIVE_END_OF_DAY,LATEST_REVISED,0.4540980714996638,0.46425565050337547,0.4540980714996638,3
2024Q2,COMBO_A,conservative,STRICT,FIRST_RELEASE,0.25409807149966984,0.27183465640798987,0.25409807149966984,3
2024Q2,COMBO_A,conservative,STRICT,LATEST_REVISED,0.4540980714996638,0.46425565050337547,0.4540980714996638,3
2024Q2,COMBO_A,standard,PERMISSIVE_END_OF_DAY,FIRST_RELEASE,0.25701634425190328,0.2789449045206337,0.25701634425190328,3
2024Q2,COMBO_A,standard,PERMISSIVE_END_OF_DAY,LATEST_REVISED,0.45701634425189724,0.46969862407588675,0.45701634425189724,3
2024Q2,COMBO_A,standard,STRICT,FIRST_RELEASE,0.25701634425190328,0.2789449045206337,0.25701634425190328,3
2024Q2,COMBO_A,standard,STRICT,LATEST_REVISED,0.45701634425189724,0.46969862407588675,0.45701634425189724,3
2024Q2,COMBO_B,conservative,PERMISSIVE_END_OF_DAY,FIRST_RELEASE,0.25549708781180974,0.26804210149426921,0.25549708781180974,3
2024Q2,COMBO_B,conservative,PERMISSIVE_END_OF_DAY,LATEST_REVISED,0.4554970878118037,0.46265041154005532,0.4554970878118037,3
2024Q2,COMBO_B,conservative,STRICT,FIRST_RELEASE,0.25549708781180974,0.26804210149426921,0.25549708781180974,3
2024Q2,COMBO_B,conservative,STRICT,LATEST_REVISED,0.4554970878118037,0.46265041154005532,0.4554970878118037,3
2024Q2,COMBO_B,standard,PERMISSIVE_END_OF_DAY,FIRST_RELEASE,0.25096969729937246,0.27032624757875606,0.25096969729937246,3
2024Q2,COMBO_B,standard,PERMISSIVE_END_OF_DAY,LATEST_REVISED,0.45096969729936642,0.4620218166382995,0.45096969729936642,3
2024Q2,COMBO_B,standard,STRICT,FIRST_RELEASE,0.25096969729937246,0.27032624757875606,0.25096969729937246,3
2024Q2,COMBO_B,standard,STRICT,LATEST_REVISED,0.45096969729936642,0.4620218166382995,0.45096969729936642,3
2024Q2,DFM_A,conservative,PERMISSIVE_END_OF_DAY,FIRST_RELEASE,0.010667381834681263,0.12155513696799626,0.10908060880420785,3
2024Q2,DFM_A,conservative,PERMISSIVE_END_OF_DAY,LATEST_REVISED,0.21066738183467523,0.242986839267435,0.21066738183467523,3
2024Q2,DFM_A,conservative,STRICT,FIRST_RELEASE,0.010667381834681263,0.12155513696799626,0.10908060880420785,3
2024Q2,DFM_A,conservative,STRICT,LATEST_REVISED,0.21066738183467523,0.242986839267435,0.21066738183467523,3
2024Q2,DFM_A,standard,PERMISSIVE_END_OF_DAY,FIRST_RELEASE,0.058316863290388397,0.083048310507811293,0.071686031127649777,3
2024Q2,DFM_A,standard,PERMISSIVE_END_OF_DAY,LATEST_REVISED,0.25831686329038234,0.26499767394140289,0.25831686329038234,3
2024Q2,DFM_A,standard,STRICT,FIRST_RELEASE,0.058316863290388397,0.083048310507811293,0.071686031127649777,3
2024Q2,DFM_A,standard,STRICT,LATEST_REVISED,0.25831686329038234,0.26499767394140289,0.25831686329038234,3
2024Q2,DFM_B,conservative,PERMISSIVE_END_OF_DAY,FIRST_RELEASE,0.013465414458961433,0.087675788185646295,0.076361120276773775,3
2024Q2,DFM_B,conservative,PERMISSIVE_END_OF_DAY,LATEST_REVISED,0.21346541445895539,0.23037623492356216,0.21346541445895539,3
2024Q2,DFM_B,conservative,STRICT,FIRST_RELEASE,0.013465414458961433,0.087675788185646295,0.076361120276773775,3
2024Q2,DFM_B,conservative,STRICT,LATEST_REVISED,0.21346541445895539,0.23037623492356216,0.21346541445895539,3
2024Q2,DFM_B,standard,PERMISSIVE_END_OF_DAY,FIRST_RELEASE,0.046223569385327089,0.063104661384225644,0.053248339916808142,3
2024Q2,DFM_B,standard,PERMISSIVE_END_OF_DAY,LATEST_REVISED,0.24622356938532106,0.24994324564297721,0.24622356938532106,3
2024Q2,DFM_B,standard,STRICT,FIRST_RELEASE,0.046223569385327089,0.063104661384225644,0.053248339916808142,3
2024Q2,DFM_B,standard,STRICT,LATEST_REVISED,0.24622356938532106,0.24994324564297721,0.24622356938532106,3
2024Q2,PRODUCTION_ENSEMBLE,conservative,PERMISSIVE_END_OF_DAY,FIRST_RELEASE,0.4475528130949824,0.45036277733931845,0.4475528130949824,3
2024Q2,PRODUCTION_ENSEMBLE,conservative,PERMISSIVE_END_OF_DAY,LATEST_REVISED,0.64755281309497636,0.64949808040576196,0.64755281309497636,3
2024Q2,PRODUCTION_ENSEMBLE,conservative,STRICT,FIRST_RELEASE,0.4475528130949824,0.45036277733931845,0.4475528130949824,3
2024Q2,PRODUCTION_ENSEMBLE,conservative,STRICT,LATEST_REVISED,0.64755281309497636,0.64949808040576196,0.64755281309497636,3
2024Q2,PRODUCTION_ENSEMBLE,standard,PERMISSIVE_END_OF_DAY,FIRST_RELEASE,0.426646345119362,0.43400869161976885,0.426646345119362,3
2024Q2,PRODUCTION_ENSEMBLE,standard,PERMISSIVE_END_OF_DAY,LATEST_REVISED,0.62664634511935591,0.63168194722442472,0.62664634511935591,3
2024Q2,PRODUCTION_ENSEMBLE,standard,STRICT,FIRST_RELEASE,0.426646345119362,0.43400869161976885,0.426646345119362,3
2024Q2,PRODUCTION_ENSEMBLE,standard,STRICT,LATEST_REVISED,0.62664634511935591,0.63168194722442472,0.62664634511935591,3
2024Q2,UMIDAS_USD,conservative,PERMISSIVE_END_OF_DAY,FIRST_RELEASE,0.49752876116465866,0.50757000600926871,0.49752876116465866,3
2024Q2,UMIDAS_USD,conservative,PERMISSIVE_END_OF_DAY,LATEST_REVISED,0.69752876116465268,0.70472605703642333,0.69752876116465268,3
2024Q2,UMIDAS_USD,conservative,STRICT,FIRST_RELEASE,0.49752876116465866,0.50757000600926871,0.49752876116465866,3
2024Q2,UMIDAS_USD,conservative,STRICT,LATEST_REVISED,0.69752876116465268,0.70472605703642333,0.69752876116465268,3
2024Q2,UMIDAS_USD,standard,PERMISSIVE_END_OF_DAY,FIRST_RELEASE,0.45571582521341814,0.48272422327983733,0.45571582521341814,3
2024Q2,UMIDAS_USD,standard,PERMISSIVE_END_OF_DAY,LATEST_REVISED,0.6557158252134121,0.67476588964357231,0.6557158252134121,3
2024Q2,UMIDAS_USD,standard,STRICT,FIRST_RELEASE,0.45571582521341814,0.48272422327983733,0.45571582521341814,3
2024Q2,UMIDAS_USD,standard,STRICT,LATEST_REVISED,0.6557158252134121,0.67476588964357231,0.6557158252134121,3
2024Q3,AR1,conservative,PERMISSIVE_END_OF_DAY,FIRST_RELEASE,0.41467614284673981,0.41467614284673981,0.41467614284673981,3
2024Q3,AR1,conservative,PERMISSIVE_END_OF_DAY,LATEST_REVISED,0.41467614284673449,0.41467614284673449,0.41467614284673449,3
2024Q3,AR1,conservative,STRICT,FIRST_RELEASE,0.41467614284673981,0.41467614284673981,0.41467614284673981,3
2024Q3,AR1,conservative,STRICT,LATEST_REVISED,0.41467614284673449,0.41467614284673449,0.41467614284673449,3
2024Q3,AR1,standard,PERMISSIVE_END_OF_DAY,FIRST_RELEASE,0.41467614284673981,0.41467614284673981,0.41467614284673981,3
2024Q3,AR1,standard,PERMISSIVE_END_OF_DAY,LATEST_REVISED,0.41467614284673449,0.41467614284673449,0.41467614284673449,3
2024Q3,AR1,standard,STRICT,FIRST_RELEASE,0.41467614284673981,0.41467614284673981,0.41467614284673981,3
2024Q3,AR1,standard,STRICT,LATEST_REVISED,0.41467614284673449,0.41467614284673449,0.41467614284673449,3
2024Q3,AR2,conservative,PERMISSIVE_END_OF_DAY,FIRST_RELEASE,0.47788939648864392,0.47788939648864392,0.47788939648864392,3
2024Q3,AR2,conservative,PERMISSIVE_END_OF_DAY,LATEST_REVISED,0.4778893964886386,0.4778893964886386,0.4778893964886386,3
2024Q3,AR2,conservative,STRICT,FIRST_RELEASE,0.47788939648864392,0.47788939648864392,0.47788939648864392,3
2024Q3,AR2,conservative,STRICT,LATEST_REVISED,0.4778893964886386,0.4778893964886386,0.4778893964886386,3
2024Q3,AR2,standard,PERMISSIVE_END_OF_DAY,FIRST_RELEASE,0.47788939648864392,0.47788939648864392,0.47788939648864392,3
2024Q3,AR2,standard,PERMISSIVE_END_OF_DAY,LATEST_REVISED,0.4778893964886386,0.4778893964886386,0.4778893964886386,3
2024Q3,AR2,standard,STRICT,FIRST_RELEASE,0.47788939648864392,0.47788939648864392,0.47788939648864392,3
2024Q3,AR2,standard,STRICT,LATEST_REVISED,0.4778893964886386,0.4778893964886386,0.4778893964886386,3
2024Q3,COMBO_A,conservative,PERMISSIVE_END_OF_DAY,FIRST_RELEASE,0.19084090578320753,0.20204797699732574,0.19084090578320753,3
2024Q3,COMBO_A,conservative,PERMISSIVE_END_OF_DAY,LATEST_REVISED,0.1908409057832022,0.20204797699732069,0.1908409057832022,3
2024Q3,COMBO_A,conservative,STRICT,FIRST_RELEASE,0.19084090578320753,0.20204797699732574,0.19084090578320753,3
2024Q3,COMBO_A,conservative,STRICT,LATEST_REVISED,0.1908409057832022,0.20204797699732069,0.1908409057832022,3
2024Q3,COMBO_A,standard,PERMISSIVE_END_OF_DAY,FIRST_RELEASE,0.12246695246893768,0.12340752595702738,0.12246695246893768,3
2024Q3,COMBO_A,standard,PERMISSIVE_END_OF_DAY,LATEST_REVISED,0.12246695246893236,0.12340752595702209,0.12246695246893236,3
2024Q3,COMBO_A,standard,STRICT,FIRST_RELEASE,0.12246695246893768,0.12340752595702738,0.12246695246893768,3
2024Q3,COMBO_A,standard,STRICT,LATEST_REVISED,0.12246695246893236,0.12340752595702209,0.12246695246893236,3
2024Q3,COMBO_B,conservative,PERMISSIVE_END_OF_DAY,FIRST_RELEASE,0.16718568564251454,0.17968374942202142,0.16718568564251454,3
2024Q3,COMBO_B,conservative,PERMISSIVE_END_OF_DAY,LATEST_REVISED,0.16718568564250921,0.17968374942201648,0.16718568564250921,3
2024Q3,COMBO_B,conservative,STRICT,FIRST_RELEASE,0.16718568564251454,0.17968374942202142,0.16718568564251454,3
2024Q3,COMBO_B,conservative,STRICT,LATEST_REVISED,0.16718568564250921,0.17968374942201648,0.16718568564250921,3
2024Q3,COMBO_B,standard,PERMISSIVE_END_OF_DAY,FIRST_RELEASE,0.10470001714187631,0.10549220362885614,0.10470001714187631,3
2024Q3,COMBO_B,standard,PERMISSIVE_END_OF_DAY,LATEST_REVISED,0.10470001714187098,0.10549220362885087,0.10470001714187098,3
2024Q3,COMBO_B,standard,STRICT,FIRST_RELEASE,0.10470001714187631,0.10549220362885614,0.10470001714187631,3
2024Q3,COMBO_B,standard,STRICT,LATEST_REVISED,0.10470001714187098,0.10549220362885087,0.10470001714187098,3
2024Q3,DFM_A,conservative,PERMISSIVE_END_OF_DAY,FIRST_RELEASE,0.32737165357028442,0.32741543464017764,0.32737165357028442,3
2024Q3,DFM_A,conservative,PERMISSIVE_END_OF_DAY,LATEST_REVISED,0.32737165357027909,0.32741543464017231,0.32737165357027909,3
2024Q3,DFM_A,conservative,STRICT,FIRST_RELEASE,0.32737165357028442,0.32741543464017764,0.32737165357028442,3
2024Q3,DFM_A,conservative,STRICT,LATEST_REVISED,0.32737165357027909,0.32741543464017231,0.32737165357027909,3
2024Q3,DFM_A,standard,PERMISSIVE_END_OF_DAY,FIRST_RELEASE,0.2712197296945546,0.27243806292467687,0.2712197296945546,3
2024Q3,DFM_A,standard,PERMISSIVE_END_OF_DAY,LATEST_REVISED,0.27121972969454927,0.27243806292467154,0.27121972969454927,3
2024Q3,DFM_A,standard,STRICT,FIRST_RELEASE,0.2712197296945546,0.27243806292467687,0.2712197296945546,3
2024Q3,DFM_A,standard,STRICT,LATEST_REVISED,0.27121972969454927,0.27243806292467154,0.27121972969454927,3
2024Q3,DFM_B,conservative,PERMISSIVE_END_OF_DAY,FIRST_RELEASE,0.28006121328889783,0.28009336685704339,0.28006121328889783,3
2024Q3,DFM_B,conservative,PERMISSIVE_END_OF_DAY,LATEST_REVISED,0.2800612132888925,0.28009336685703812,0.2800612132888925,3
2024Q3,DFM_B,conservative,STRICT,FIRST_RELEASE,0.28006121328889783,0.28009336685704339,0.28006121328889783,3
2024Q3,DFM_B,conservative,STRICT,LATEST_REVISED,0.2800612132888925,0.28009336685703812,0.2800612132888925,3
2024Q3,DFM_B,standard,PERMISSIVE_END_OF_DAY,FIRST_RELEASE,0.23568585904043124,0.2365582154345173,0.23568585904043124,3
2024Q3,DFM_B,standard,PERMISSIVE_END_OF_DAY,LATEST_REVISED,0.23568585904042591,0.236558215434512,0.23568585904042591,3
2024Q3,DFM_B,standard,STRICT,FIRST_RELEASE,0.23568585904043124,0.2365582154345173,0.23568585904043124,3
2024Q3,DFM_B,standard,STRICT,LATEST_REVISED,0.23568585904042591,0.236558215434512,0.23568585904042591,3
2024Q3,PRODUCTION_ENSEMBLE,conservative,PERMISSIVE_END_OF_DAY,FIRST_RELEASE,0.26609977724238715,0.27365963929747,0.26609977724238715,3
2024Q3,PRODUCTION_ENSEMBLE,conservative,PERMISSIVE_END_OF_DAY,LATEST_REVISED,0.26609977724238182,0.27365963929746479,0.26609977724238182,3
2024Q3,PRODUCTION_ENSEMBLE,conservative,STRICT,FIRST_RELEASE,0.26609977724238715,0.27365963929747,0.26609977724238715,3
2024Q3,PRODUCTION_ENSEMBLE,conservative,STRICT,LATEST_REVISED,0.26609977724238182,0.27365963929746479,0.26609977724238182,3
2024Q3,PRODUCTION_ENSEMBLE,standard,PERMISSIVE_END_OF_DAY,FIRST_RELEASE,0.22580178586598235,0.22592425173818836,0.22580178586598235,3
2024Q3,PRODUCTION_ENSEMBLE,standard,PERMISSIVE_END_OF_DAY,LATEST_REVISED,0.22580178586597702,0.22592425173818304,0.22580178586597702,3
2024Q3,PRODUCTION_ENSEMBLE,standard,STRICT,FIRST_RELEASE,0.22580178586598235,0.22592425173818836,0.22580178586598235,3
2024Q3,PRODUCTION_ENSEMBLE,standard,STRICT,LATEST_REVISED,0.22580178586597702,0.22592425173818304,0.22580178586597702,3
2024Q3,UMIDAS_USD,conservative,PERMISSIVE_END_OF_DAY,FIRST_RELEASE,0.054310157996130926,0.13882226114517096,0.10221761393718332,3
2024Q3,UMIDAS_USD,conservative,PERMISSIVE_END_OF_DAY,LATEST_REVISED,0.054310157996125596,0.13882226114516891,0.10221761393718509,3
2024Q3,UMIDAS_USD,conservative,STRICT,FIRST_RELEASE,0.054310157996130926,0.13882226114517096,0.10221761393718332,3
2024Q3,UMIDAS_USD,conservative,STRICT,LATEST_REVISED,0.054310157996125596,0.13882226114516891,0.10221761393718509,3
2024Q3,UMIDAS_USD,standard,PERMISSIVE_END_OF_DAY,FIRST_RELEASE,-0.026285824756678917,0.03020312361184304,0.026285824756678917,3
2024Q3,UMIDAS_USD,standard,PERMISSIVE_END_OF_DAY,LATEST_REVISED,-0.026285824756684246,0.030203123611847679,0.026285824756684246,3
2024Q3,UMIDAS_USD,standard,STRICT,FIRST_RELEASE,-0.026285824756678917,0.03020312361184304,0.026285824756678917,3
2024Q3,UMIDAS_USD,standard,STRICT,LATEST_REVISED,-0.026285824756684246,0.030203123611847679,0.026285824756684246,3
2024Q4,AR1,conservative,PERMISSIVE_END_OF_DAY,FIRST_RELEASE,0.13414825893541948,0.13414825893541948,0.13414825893541948,3
2024Q4,AR1,conservative,PERMISSIVE_END_OF_DAY,LATEST_REVISED,0.33414825893542233,0.33414825893542233,0.33414825893542233,3
2024Q4,AR1,conservative,STRICT,FIRST_RELEASE,0.13414825893541948,0.13414825893541948,0.13414825893541948,3
2024Q4,AR1,conservative,STRICT,LATEST_REVISED,0.33414825893542233,0.33414825893542233,0.33414825893542233,3
2024Q4,AR1,standard,PERMISSIVE_END_OF_DAY,FIRST_RELEASE,0.13414825893541948,0.13414825893541948,0.13414825893541948,3
2024Q4,AR1,standard,PERMISSIVE_END_OF_DAY,LATEST_REVISED,0.33414825893542233,0.33414825893542233,0.33414825893542233,3
2024Q4,AR1,standard,STRICT,FIRST_RELEASE,0.13414825893541948,0.13414825893541948,0.13414825893541948,3
2024Q4,AR1,standard,STRICT,LATEST_REVISED,0.33414825893542233,0.33414825893542233,0.33414825893542233,3
2024Q4,AR2,conservative,PERMISSIVE_END_OF_DAY,FIRST_RELEASE,0.22838405624429114,0.22838405624429114,0.22838405624429114,3
2024Q4,AR2,conservative,PERMISSIVE_END_OF_DAY,LATEST_REVISED,0.42838405624429399,0.42838405624429399,0.42838405624429399,3
2024Q4,AR2,conservative,STRICT,FIRST_RELEASE,0.22838405624429114,0.22838405624429114,0.22838405624429114,3
2024Q4,AR2,conservative,STRICT,LATEST_REVISED,0.42838405624429399,0.42838405624429399,0.42838405624429399,3
2024Q4,AR2,standard,PERMISSIVE_END_OF_DAY,FIRST_RELEASE,0.22838405624429114,0.22838405624429114,0.22838405624429114,3
2024Q4,AR2,standard,PERMISSIVE_END_OF_DAY,LATEST_REVISED,0.42838405624429399,0.42838405624429399,0.42838405624429399,3
2024Q4,AR2,standard,STRICT,FIRST_RELEASE,0.22838405624429114,0.22838405624429114,0.22838405624429114,3
2024Q4,AR2,standard,STRICT,LATEST_REVISED,0.42838405624429399,0.42838405624429399,0.42838405624429399,3
2024Q4,COMBO_A,conservative,PERMISSIVE_END_OF_DAY,FIRST_RELEASE,0.097891556900206567,0.10612416798981655,0.097891556900206567,3
2024Q4,COMBO_A,conservative,PERMISSIVE_END_OF_DAY,LATEST_REVISED,0.29789155690020941,0.30069745890448613,0.29789155690020941,3
2024Q4,COMBO_A,conservative,STRICT,FIRST_RELEASE,0.097891556900206567,0.10612416798981655,0.097891556900206567,3
2024Q4,COMBO_A,conservative,STRICT,LATEST_REVISED,0.29789155690020941,0.30069745890448613,0.29789155690020941,3
2024Q4,COMBO_A,standard,PERMISSIVE_END_OF_DAY,FIRST_RELEASE,0.094219959410513823,0.095801335742652552,0.094219959410513823,3
2024Q4,COMBO_A,standard,PERMISSIVE_END_OF_DAY,LATEST_REVISED,0.29421995941051665,0.29473018117302419,0.29421995941051665,3
2024Q4,COMBO_A,standard,STRICT,FIRST_RELEASE,0.094219959410513823,0.095801335742652552,0.094219959410513823,3
2024Q4,COMBO_A,standard,STRICT,LATEST_REVISED,0.29421995941051665,0.29473018117302419,0.29421995941051665,3
2024Q4,COMBO_B,conservative,PERMISSIVE_END_OF_DAY,FIRST_RELEASE,0.032495620018207085,0.054446159213208063,0.043448041838238659,3
2024Q4,COMBO_B,conservative,PERMISSIVE_END_OF_DAY,LATEST_REVISED,0.23249562001820992,0.23656422438812288,0.23249562001820992,3
2024Q4,COMBO_B,conservative,STRICT,FIRST_RELEASE,0.032495620018207085,0.054446159213208063,0.043448041838238659,3
2024Q4,COMBO_B,conservative,STRICT,LATEST_REVISED,0.23249562001820992,0.23656422438812288,0.23249562001820992,3
2024Q4,COMBO_B,standard,PERMISSIVE_END_OF_DAY,FIRST_RELEASE,0.046172324356407835,0.051946013591842859,0.046172324356407835,3
2024Q4,COMBO_B,standard,PERMISSIVE_END_OF_DAY,LATEST_REVISED,0.24617232435641068,0.24732027428144354,0.24617232435641068,3
2024Q4,COMBO_B,standard,STRICT,FIRST_RELEASE,0.046172324356407835,0.051946013591842859,0.046172324356407835,3
2024Q4,COMBO_B,standard,STRICT,LATEST_REVISED,0.24617232435641068,0.24732027428144354,0.24617232435641068,3
2024Q4,DFM_A,conservative,PERMISSIVE_END_OF_DAY,FIRST_RELEASE,0.15726387447983173,0.15785364736072177,0.15726387447983173,3
2024Q4,DFM_A,conservative,PERMISSIVE_END_OF_DAY,LATEST_REVISED,0.3572638744798346,0.35752387861095075,0.3572638744798346,3
2024Q4,DFM_A,conservative,STRICT,FIRST_RELEASE,0.15726387447983173,0.15785364736072177,0.15726387447983173,3
2024Q4,DFM_A,conservative,STRICT,LATEST_REVISED,0.3572638744798346,0.35752387861095075,0.3572638744798346,3
2024Q4,DFM_A,standard,PERMISSIVE_END_OF_DAY,FIRST_RELEASE,0.070662080620551862,0.077904357899442667,0.070662080620551862,3
2024Q4,DFM_A,standard,PERMISSIVE_END_OF_DAY,LATEST_REVISED,0.27066208062055469,0.27264247876650977,0.27066208062055469,3
2024Q4,DFM_A,standard,STRICT,FIRST_RELEASE,0.070662080620551862,0.077904357899442667,0.070662080620551862,3
2024Q4,DFM_A,standard,STRICT,LATEST_REVISED,0.27066208062055469,0.27264247876650977,0.27066208062055469,3
2024Q4,DFM_B,conservative,PERMISSIVE_END_OF_DAY,FIRST_RELEASE,0.026472000715833072,0.027692760216303968,0.026472000715833072,3
2024Q4,DFM_B,conservative,PERMISSIVE_END_OF_DAY,LATEST_REVISED,0.22647200071583592,0.22661793674537817,0.22647200071583592,3
2024Q4,DFM_B,conservative,STRICT,FIRST_RELEASE,0.026472000715833072,0.027692760216303968,0.026472000715833072,3
2024Q4,DFM_B,conservative,STRICT,LATEST_REVISED,0.22647200071583592,0.22661793674537817,0.22647200071583592,3
2024Q4,DFM_B,standard,PERMISSIVE_END_OF_DAY,FIRST_RELEASE,-0.025433189487659529,0.032244252984217223,0.027161808326622367,3
2024Q4,DFM_B,standard,PERMISSIVE_END_OF_DAY,LATEST_REVISED,0.17456681051234332,0.17568840614977238,0.17456681051234332,3
2024Q4,DFM_B,standard,STRICT,FIRST_RELEASE,-0.025433189487659529,0.032244252984217223,0.027161808326622367,3
2024Q4,DFM_B,standard,STRICT,LATEST_REVISED,0.17456681051234332,0.17568840614977238,0.17456681051234332,3
2024Q4,PRODUCTION_ENSEMBLE,conservative,PERMISSIVE_END_OF_DAY,FIRST_RELEASE,0.13345164778243598,0.14171914447670578,0.13345164778243598,3
2024Q4,PRODUCTION_ENSEMBLE,conservative,PERMISSIVE_END_OF_DAY,LATEST_REVISED,0.3334516477824388,0.3368456249147162,0.3334516477824388,3
2024Q4,PRODUCTION_ENSEMBLE,conservative,STRICT,FIRST_RELEASE,0.13345164778243598,0.14171914447670578,0.13345164778243598,3
2024Q4,PRODUCTION_ENSEMBLE,conservative,STRICT,LATEST_REVISED,0.3334516477824388,0.3368456249147162,0.3334516477824388,3
2024Q4,PRODUCTION_ENSEMBLE,standard,PERMISSIVE_END_OF_DAY,FIRST_RELEASE,0.17308094722238346,0.17632983168823724,0.17308094722238346,3
2024Q4,PRODUCTION_ENSEMBLE,standard,PERMISSIVE_END_OF_DAY,LATEST_REVISED,0.37308094722238633,0.37459923709500209,0.37308094722238633,3
2024Q4,PRODUCTION_ENSEMBLE,standard,STRICT,FIRST_RELEASE,0.17308094722238346,0.17632983168823724,0.17308094722238346,3
2024Q4,PRODUCTION_ENSEMBLE,standard,STRICT,LATEST_REVISED,0.37308094722238633,0.37459923709500209,0.37308094722238633,3
2024Q4,UMIDAS_USD,conservative,PERMISSIVE_END_OF_DAY,FIRST_RELEASE,0.0385192393205811,0.10287675276409357,0.084852813745717334,3
2024Q4,UMIDAS_USD,conservative,PERMISSIVE_END_OF_DAY,LATEST_REVISED,0.23851923932058394,0.25688776145919878,0.23851923932058394,3
2024Q4,UMIDAS_USD,conservative,STRICT,FIRST_RELEASE,0.0385192393205811,0.10287675276409357,0.084852813745717334,3
2024Q4,UMIDAS_USD,conservative,STRICT,LATEST_REVISED,0.23851923932058394,0.25688776145919878,0.23851923932058394,3
2024Q4,UMIDAS_USD,standard,PERMISSIVE_END_OF_DAY,FIRST_RELEASE,0.11777783820047578,0.13569229962822396,0.11777783820047578,3
2024Q4,UMIDAS_USD,standard,PERMISSIVE_END_OF_DAY,LATEST_REVISED,0.31777783820047861,0.32484386319982689,0.31777783820047861,3
2024Q4,UMIDAS_USD,standard,STRICT,FIRST_RELEASE,0.11777783820047578,0.13569229962822396,0.11777783820047578,3
2024Q4,UMIDAS_USD,standard,STRICT,LATEST_REVISED,0.31777783820047861,0.32484386319982689,0.31777783820047861,3
2025Q1,AR1,conservative,PERMISSIVE_END_OF_DAY,FIRST_RELEASE,0.49310279187817319,0.49310279187817319,0.49310279187817319,3
2025Q1,AR1,conservative,PERMISSIVE_END_OF_DAY,LATEST_REVISED,0.49310279187817052,0.49310279187817052,0.49310279187817052,3
2025Q1,AR1,conservative,STRICT,FIRST_RELEASE,0.49310279187817319,0.49310279187817319,0.49310279187817319,3
2025Q1,AR1,conservative,STRICT,LATEST_REVISED,0.49310279187817052,0.49310279187817052,0.49310279187817052,3
2025Q1,AR1,standard,PERMISSIVE_END_OF_DAY,FIRST_RELEASE,0.49310279187817319,0.49310279187817319,0.49310279187817319,3
2025Q1,AR1,standard,PERMISSIVE_END_OF_DAY,LATEST_REVISED,0.49310279187817052,0.49310279187817052,0.49310279187817052,3
2025Q1,AR1,standard,STRICT,FIRST_RELEASE,0.49310279187817319,0.49310279187817319,0.49310279187817319,3
2025Q1,AR1,standard,STRICT,LATEST_REVISED,0.49310279187817052,0.49310279187817052,0.49310279187817052,3
2025Q1,AR2,conservative,PERMISSIVE_END_OF_DAY,FIRST_RELEASE,0.7703598721362015,0.7703598721362015,0.7703598721362015,3
2025Q1,AR2,conservative,PERMISSIVE_END_OF_DAY,LATEST_REVISED,0.77035987213619883,0.77035987213619883,0.77035987213619883,3
2025Q1,AR2,conservative,STRICT,FIRST_RELEASE,0.7703598721362015,0.7703598721362015,0.7703598721362015,3
2025Q1,AR2,conservative,STRICT,LATEST_REVISED,0.77035987213619883,0.77035987213619883,0.77035987213619883,3
2025Q1,AR2,standard,PERMISSIVE_END_OF_DAY,FIRST_RELEASE,0.7703598721362015,0.7703598721362015,0.7703598721362015,3
2025Q1,AR2,standard,PERMISSIVE_END_OF_DAY,LATEST_REVISED,0.77035987213619883,0.77035987213619883,0.77035987213619883,3
2025Q1,AR2,standard,STRICT,FIRST_RELEASE,0.7703598721362015,0.7703598721362015,0.7703598721362015,3
2025Q1,AR2,standard,STRICT,LATEST_REVISED,0.77035987213619883,0.77035987213619883,0.77035987213619883,3
2025Q1,COMBO_A,conservative,PERMISSIVE_END_OF_DAY,FIRST_RELEASE,0.49480844846756344,0.49986995343063256,0.49480844846756344,3
2025Q1,COMBO_A,conservative,PERMISSIVE_END_OF_DAY,LATEST_REVISED,0.49480844846756078,0.49986995343062995,0.49480844846756078,3
2025Q1,COMBO_A,conservative,STRICT,FIRST_RELEASE,0.49480844846756344,0.49986995343063256,0.49480844846756344,3
2025Q1,COMBO_A,conservative,STRICT,LATEST_REVISED,0.49480844846756078,0.49986995343062995,0.49480844846756078,3
2025Q1,COMBO_A,standard,PERMISSIVE_END_OF_DAY,FIRST_RELEASE,0.35873637648179518,0.36007400889105579,0.35873637648179518,3
2025Q1,COMBO_A,standard,PERMISSIVE_END_OF_DAY,LATEST_REVISED,0.35873637648179252,0.36007400889105312,0.35873637648179252,3
2025Q1,COMBO_A,standard,STRICT,FIRST_RELEASE,0.35873637648179518,0.36007400889105579,0.35873637648179518,3
2025Q1,COMBO_A,standard,STRICT,LATEST_REVISED,0.35873637648179252,0.36007400889105312,0.35873637648179252,3
2025Q1,COMBO_B,conservative,PERMISSIVE_END_OF_DAY,FIRST_RELEASE,0.43765310926804563,0.44098034069101605,0.43765310926804563,3
2025Q1,COMBO_B,conservative,PERMISSIVE_END_OF_DAY,LATEST_REVISED,0.43765310926804296,0.44098034069101338,0.43765310926804296,3
2025Q1,COMBO_B,conservative,STRICT,FIRST_RELEASE,0.43765310926804563,0.44098034069101605,0.43765310926804563,3
2025Q1,COMBO_B,conservative,STRICT,LATEST_REVISED,0.43765310926804296,0.44098034069101338,0.43765310926804296,3
2025Q1,COMBO_B,standard,PERMISSIVE_END_OF_DAY,FIRST_RELEASE,0.33930159472166793,0.34134859499307563,0.33930159472166793,3
2025Q1,COMBO_B,standard,PERMISSIVE_END_OF_DAY,LATEST_REVISED,0.33930159472166527,0.34134859499307302,0.33930159472166527,3
2025Q1,COMBO_B,standard,STRICT,FIRST_RELEASE,0.33930159472166793,0.34134859499307563,0.33930159472166793,3
2025Q1,COMBO_B,standard,STRICT,LATEST_REVISED,0.33930159472166527,0.34134859499307302,0.33930159472166527,3
2025Q1,DFM_A,conservative,PERMISSIVE_END_OF_DAY,FIRST_RELEASE,0.4467189953278578,0.45529389355859601,0.4467189953278578,3
2025Q1,DFM_A,conservative,PERMISSIVE_END_OF_DAY,LATEST_REVISED,0.44671899532785514,0.45529389355859345,0.44671899532785514,3
2025Q1,DFM_A,conservative,STRICT,FIRST_RELEASE,0.4467189953278578,0.45529389355859601,0.4467189953278578,3
2025Q1,DFM_A,conservative,STRICT,LATEST_REVISED,0.44671899532785514,0.45529389355859345,0.44671899532785514,3
2025Q1,DFM_A,standard,PERMISSIVE_END_OF_DAY,FIRST_RELEASE,0.25403074366221201,0.27937317793535588,0.25403074366221201,3
2025Q1,DFM_A,standard,PERMISSIVE_END_OF_DAY,LATEST_REVISED,0.25403074366220935,0.27937317793535349,0.25403074366220935,3
2025Q1,DFM_A,standard,STRICT,FIRST_RELEASE,0.25403074366221201,0.27937317793535588,0.25403074366221201,3
2025Q1,DFM_A,standard,STRICT,LATEST_REVISED,0.25403074366220935,0.27937317793535349,0.25403074366220935,3
2025Q1,DFM_B,conservative,PERMISSIVE_END_OF_DAY,FIRST_RELEASE,0.33240831692882278,0.33669335337397988,0.33240831692882278,3
2025Q1,DFM_B,conservative,PERMISSIVE_END_OF_DAY,LATEST_REVISED,0.33240831692882011,0.33669335337397727,0.33240831692882011,3
2025Q1,DFM_B,conservative,STRICT,FIRST_RELEASE,0.33240831692882278,0.33669335337397988,0.33240831692882278,3
2025Q1,DFM_B,conservative,STRICT,LATEST_REVISED,0.33240831692882011,0.33669335337397727,0.33240831692882011,3
2025Q1,DFM_B,standard,PERMISSIVE_END_OF_DAY,FIRST_RELEASE,0.2151611801419572,0.22651402152011632,0.2151611801419572,3
2025Q1,DFM_B,standard,PERMISSIVE_END_OF_DAY,LATEST_REVISED,0.21516118014195454,0.22651402152011377,0.21516118014195454,3
2025Q1,DFM_B,standard,STRICT,FIRST_RELEASE,0.2151611801419572,0.22651402152011632,0.2151611801419572,3
2025Q1,DFM_B,standard,STRICT,LATEST_REVISED,0.21516118014195454,0.22651402152011377,0.21516118014195454,3
2025Q1,PRODUCTION_ENSEMBLE,conservative,PERMISSIVE_END_OF_DAY,FIRST_RELEASE,0.65662888687173526,0.65724918921988662,0.65662888687173526,3
2025Q1,PRODUCTION_ENSEMBLE,conservative,PERMISSIVE_END_OF_DAY,LATEST_REVISED,0.6566288868717326,0.65724918921988396,0.6566288868717326,3
2025Q1,PRODUCTION_ENSEMBLE,conservative,STRICT,FIRST_RELEASE,0.65662888687173526,0.65724918921988662,0.65662888687173526,3
2025Q1,PRODUCTION_ENSEMBLE,conservative,STRICT,LATEST_REVISED,0.6566288868717326,0.65724918921988396,0.6566288868717326,3
2025Q1,PRODUCTION_ENSEMBLE,standard,PERMISSIVE_END_OF_DAY,FIRST_RELEASE,0.61690094071878987,0.62023044605546995,0.61690094071878987,3
2025Q1,PRODUCTION_ENSEMBLE,standard,PERMISSIVE_END_OF_DAY,LATEST_REVISED,0.61690094071878721,0.62023044605546729,0.61690094071878721,3
2025Q1,PRODUCTION_ENSEMBLE,standard,STRICT,FIRST_RELEASE,0.61690094071878987,0.62023044605546995,0.61690094071878987,3
2025Q1,PRODUCTION_ENSEMBLE,standard,STRICT,LATEST_REVISED,0.61690094071878721,0.62023044605546729,0.61690094071878721,3
2025Q1,UMIDAS_USD,conservative,PERMISSIVE_END_OF_DAY,FIRST_RELEASE,0.54289790160726914,0.54589205727205148,0.54289790160726914,3
2025Q1,UMIDAS_USD,conservative,PERMISSIVE_END_OF_DAY,LATEST_REVISED,0.54289790160726648,0.54589205727204881,0.54289790160726648,3
2025Q1,UMIDAS_USD,conservative,STRICT,FIRST_RELEASE,0.54289790160726914,0.54589205727205148,0.54289790160726914,3
2025Q1,UMIDAS_USD,conservative,STRICT,LATEST_REVISED,0.54289790160726648,0.54589205727204881,0.54289790160726648,3
2025Q1,UMIDAS_USD,standard,PERMISSIVE_END_OF_DAY,FIRST_RELEASE,0.46344200930137863,0.48088942409150165,0.46344200930137863,3
2025Q1,UMIDAS_USD,standard,PERMISSIVE_END_OF_DAY,LATEST_REVISED,0.46344200930137597,0.4808894240914991,0.46344200930137597,3
2025Q1,UMIDAS_USD,standard,STRICT,FIRST_RELEASE,0.46344200930137863,0.48088942409150165,0.46344200930137863,3
2025Q1,UMIDAS_USD,standard,STRICT,LATEST_REVISED,0.46344200930137597,0.4808894240914991,0.46344200930137597,3
2025Q2,AR1,conservative,PERMISSIVE_END_OF_DAY,FIRST_RELEASE,0.64416821293621762,0.64416821293621762,0.64416821293621762,3
2025Q2,AR1,conservative,PERMISSIVE_END_OF_DAY,LATEST_REVISED,0.64416821293622029,0.64416821293622029,0.64416821293622029,3
2025Q2,AR1,conservative,STRICT,FIRST_RELEASE,0.64416821293621762,0.64416821293621762,0.64416821293621762,3
2025Q2,AR1,conservative,STRICT,LATEST_REVISED,0.64416821293622029,0.64416821293622029,0.64416821293622029,3
2025Q2,AR1,standard,PERMISSIVE_END_OF_DAY,FIRST_RELEASE,0.64416821293621762,0.64416821293621762,0.64416821293621762,3
2025Q2,AR1,standard,PERMISSIVE_END_OF_DAY,LATEST_REVISED,0.64416821293622029,0.64416821293622029,0.64416821293622029,3
2025Q2,AR1,standard,STRICT,FIRST_RELEASE,0.64416821293621762,0.64416821293621762,0.64416821293621762,3
2025Q2,AR1,standard,STRICT,LATEST_REVISED,0.64416821293622029,0.64416821293622029,0.64416821293622029,3
2025Q2,AR2,conservative,PERMISSIVE_END_OF_DAY,FIRST_RELEASE,0.68088746930855226,0.68088746930855226,0.68088746930855226,3
2025Q2,AR2,conservative,PERMISSIVE_END_OF_DAY,LATEST_REVISED,0.68088746930855493,0.68088746930855493,0.68088746930855493,3
2025Q2,AR2,conservative,STRICT,FIRST_RELEASE,0.68088746930855226,0.68088746930855226,0.68088746930855226,3
2025Q2,AR2,conservative,STRICT,LATEST_REVISED,0.68088746930855493,0.68088746930855493,0.68088746930855493,3
2025Q2,AR2,standard,PERMISSIVE_END_OF_DAY,FIRST_RELEASE,0.68088746930855226,0.68088746930855226,0.68088746930855226,3
2025Q2,AR2,standard,PERMISSIVE_END_OF_DAY,LATEST_REVISED,0.68088746930855493,0.68088746930855493,0.68088746930855493,3
2025Q2,AR2,standard,STRICT,FIRST_RELEASE,0.68088746930855226,0.68088746930855226,0.68088746930855226,3
2025Q2,AR2,standard,STRICT,LATEST_REVISED,0.68088746930855493,0.68088746930855493,0.68088746930855493,3
2025Q2,COMBO_A,conservative,PERMISSIVE_END_OF_DAY,FIRST_RELEASE,0.69477718420997459,0.69536632904262818,0.69477718420997459,3
2025Q2,COMBO_A,conservative,PERMISSIVE_END_OF_DAY,LATEST_REVISED,0.69477718420997725,0.69536632904263085,0.69477718420997725,3
2025Q2,COMBO_A,conservative,STRICT,FIRST_RELEASE,0.69477718420997459,0.69536632904262818,0.69477718420997459,3
2025Q2,COMBO_A,conservative,STRICT,LATEST_REVISED,0.69477718420997725,0.69536632904263085,0.69477718420997725,3
2025Q2,COMBO_A,standard,PERMISSIVE_END_OF_DAY,FIRST_RELEASE,0.32548818548233555,0.55205257080851311,0.52880118744579752,3
2025Q2,COMBO_A,standard,PERMISSIVE_END_OF_DAY,LATEST_REVISED,0.32548818548233821,0.55205257080851466,0.5288011874457984,3
2025Q2,COMBO_A,standard,STRICT,FIRST_RELEASE,0.32548818548233555,0.55205257080851311,0.52880118744579752,3
2025Q2,COMBO_A,standard,STRICT,LATEST_REVISED,0.32548818548233821,0.55205257080851466,0.5288011874457984,3
2025Q2,COMBO_B,conservative,PERMISSIVE_END_OF_DAY,FIRST_RELEASE,0.57574527887860205,0.5763545682062079,0.57574527887860205,3
2025Q2,COMBO_B,conservative,PERMISSIVE_END_OF_DAY,LATEST_REVISED,0.57574527887860472,0.57635456820621056,0.57574527887860472,3
2025Q2,COMBO_B,conservative,STRICT,FIRST_RELEASE,0.57574527887860205,0.5763545682062079,0.57574527887860205,3
2025Q2,COMBO_B,conservative,STRICT,LATEST_REVISED,0.57574527887860472,0.57635456820621056,0.57574527887860472,3
2025Q2,COMBO_B,standard,PERMISSIVE_END_OF_DAY,FIRST_RELEASE,0.2295383699133812,0.50207107514430283,0.49732756394870758,3
2025Q2,COMBO_B,standard,PERMISSIVE_END_OF_DAY,LATEST_REVISED,0.22953836991338386,0.50207107514430405,0.49732756394870847,3
2025Q2,COMBO_B,standard,STRICT,FIRST_RELEASE,0.2295383699133812,0.50207107514430283,0.49732756394870758,3
2025Q2,COMBO_B,standard,STRICT,LATEST_REVISED,0.22953836991338386,0.50207107514430405,0.49732756394870847,3
2025Q2,DFM_A,conservative,PERMISSIVE_END_OF_DAY,FIRST_RELEASE,0.83738917685564351,0.83742234413827166,0.83738917685564351,3
2025Q2,DFM_A,conservative,PERMISSIVE_END_OF_DAY,LATEST_REVISED,0.83738917685564618,0.83742234413827432,0.83738917685564618,3
2025Q2,DFM_A,conservative,STRICT,FIRST_RELEASE,0.83738917685564351,0.83742234413827166,0.83738917685564351,3
2025Q2,DFM_A,conservative,STRICT,LATEST_REVISED,0.83738917685564618,0.83742234413827432,0.83738917685564618,3
2025Q2,DFM_A,standard,PERMISSIVE_END_OF_DAY,FIRST_RELEASE,0.75759011695639555,0.7577227168562638,0.75759011695639555,3
2025Q2,DFM_A,standard,PERMISSIVE_END_OF_DAY,LATEST_REVISED,0.75759011695639822,0.75772271685626646,0.75759011695639822,3
2025Q2,DFM_A,standard,STRICT,FIRST_RELEASE,0.75759011695639555,0.7577227168562638,0.75759011695639555,3
2025Q2,DFM_A,standard,STRICT,LATEST_REVISED,0.75759011695639822,0.75772271685626646,0.75759011695639822,3
2025Q2,DFM_B,conservative,PERMISSIVE_END_OF_DAY,FIRST_RELEASE,0.59932536619289767,0.59933302838302893,0.59932536619289767,3
2025Q2,DFM_B,conservative,PERMISSIVE_END_OF_DAY,LATEST_REVISED,0.59932536619290033,0.5993330283830316,0.59932536619290033,3
2025Q2,DFM_B,conservative,STRICT,FIRST_RELEASE,0.59932536619289767,0.59933302838302893,0.59932536619289767,3
2025Q2,DFM_B,conservative,STRICT,LATEST_REVISED,0.59932536619290033,0.5993330283830316,0.59932536619290033,3
2025Q2,DFM_B,standard,PERMISSIVE_END_OF_DAY,FIRST_RELEASE,0.5656904858184868,0.56572533700072958,0.5656904858184868,3
2025Q2,DFM_B,standard,PERMISSIVE_END_OF_DAY,LATEST_REVISED,0.56569048581848946,0.56572533700073224,0.56569048581848946,3
2025Q2,DFM_B,standard,STRICT,FIRST_RELEASE,0.5656904858184868,0.56572533700072958,0.5656904858184868,3
2025Q2,DFM_B,standard,STRICT,LATEST_REVISED,0.56569048581848946,0.56572533700073224,0.56569048581848946,3
2025Q2,PRODUCTION_ENSEMBLE,conservative,PERMISSIVE_END_OF_DAY,FIRST_RELEASE,0.61652633043642935,0.61703437014742157,0.61652633043642935,3
2025Q2,PRODUCTION_ENSEMBLE,conservative,PERMISSIVE_END_OF_DAY,LATEST_REVISED,0.61652633043643201,0.61703437014742424,0.61652633043643201,3
2025Q2,PRODUCTION_ENSEMBLE,conservative,STRICT,FIRST_RELEASE,0.61652633043642935,0.61703437014742157,0.61652633043642935,3
2025Q2,PRODUCTION_ENSEMBLE,conservative,STRICT,LATEST_REVISED,0.61652633043643201,0.61703437014742424,0.61652633043643201,3
2025Q2,PRODUCTION_ENSEMBLE,standard,PERMISSIVE_END_OF_DAY,FIRST_RELEASE,0.28713686165841423,0.53119200197820127,0.51677969783229416,3
2025Q2,PRODUCTION_ENSEMBLE,standard,PERMISSIVE_END_OF_DAY,LATEST_REVISED,0.2871368616584169,0.53119200197820271,0.51677969783229505,3
2025Q2,PRODUCTION_ENSEMBLE,standard,STRICT,FIRST_RELEASE,0.28713686165841423,0.53119200197820127,0.51677969783229416,3
2025Q2,PRODUCTION_ENSEMBLE,standard,STRICT,LATEST_REVISED,0.2871368616584169,0.53119200197820271,0.51677969783229505,3
2025Q2,UMIDAS_USD,conservative,PERMISSIVE_END_OF_DAY,FIRST_RELEASE,0.55216519156430588,0.55443050967863461,0.55216519156430588,3
2025Q2,UMIDAS_USD,conservative,PERMISSIVE_END_OF_DAY,LATEST_REVISED,0.55216519156430854,0.55443050967863727,0.55216519156430854,3
2025Q2,UMIDAS_USD,conservative,STRICT,FIRST_RELEASE,0.55216519156430588,0.55443050967863461,0.55216519156430588,3
2025Q2,UMIDAS_USD,conservative,STRICT,LATEST_REVISED,0.55216519156430854,0.55443050967863727,0.55216519156430854,3
2025Q2,UMIDAS_USD,standard,PERMISSIVE_END_OF_DAY,FIRST_RELEASE,-0.10661374599172409,0.90013107567989903,0.80659690589507049,3
2025Q2,UMIDAS_USD,standard,PERMISSIVE_END_OF_DAY,LATEST_REVISED,-0.10661374599172142,0.90013107567989858,0.80659690589507138,3
2025Q2,UMIDAS_USD,standard,STRICT,FIRST_RELEASE,-0.10661374599172409,0.90013107567989903,0.80659690589507049,3
2025Q2,UMIDAS_USD,standard,STRICT,LATEST_REVISED,-0.10661374599172142,0.90013107567989858,0.80659690589507138,3
2025Q3,AR1,conservative,PERMISSIVE_END_OF_DAY,FIRST_RELEASE,0.70138902386538593,0.70138902386538593,0.70138902386538593,3
2025Q3,AR1,conservative,PERMISSIVE_END_OF_DAY,LATEST_REVISED,0.7013890238653806,0.7013890238653806,0.7013890238653806,3
2025Q3,AR1,conservative,STRICT,FIRST_RELEASE,0.70138902386538593,0.70138902386538593,0.70138902386538593,3
2025Q3,AR1,conservative,STRICT,LATEST_REVISED,0.7013890238653806,0.7013890238653806,0.7013890238653806,3
2025Q3,AR1,standard,PERMISSIVE_END_OF_DAY,FIRST_RELEASE,0.70138902386538593,0.70138902386538593,0.70138902386538593,3
2025Q3,AR1,standard,PERMISSIVE_END_OF_DAY,LATEST_REVISED,0.7013890238653806,0.7013890238653806,0.7013890238653806,3
2025Q3,AR1,standard,STRICT,FIRST_RELEASE,0.70138902386538593,0.70138902386538593,0.70138902386538593,3
2025Q3,AR1,standard,STRICT,LATEST_REVISED,0.7013890238653806,0.7013890238653806,0.7013890238653806,3
2025Q3,AR2,conservative,PERMISSIVE_END_OF_DAY,FIRST_RELEASE,0.72923312000449769,0.72923312000449769,0.72923312000449769,3
2025Q3,AR2,conservative,PERMISSIVE_END_OF_DAY,LATEST_REVISED,0.72923312000449236,0.72923312000449236,0.72923312000449236,3
2025Q3,AR2,conservative,STRICT,FIRST_RELEASE,0.72923312000449769,0.72923312000449769,0.72923312000449769,3
2025Q3,AR2,conservative,STRICT,LATEST_REVISED,0.72923312000449236,0.72923312000449236,0.72923312000449236,3
2025Q3,AR2,standard,PERMISSIVE_END_OF_DAY,FIRST_RELEASE,0.72923312000449769,0.72923312000449769,0.72923312000449769,3
2025Q3,AR2,standard,PERMISSIVE_END_OF_DAY,LATEST_REVISED,0.72923312000449236,0.72923312000449236,0.72923312000449236,3
2025Q3,AR2,standard,STRICT,FIRST_RELEASE,0.72923312000449769,0.72923312000449769,0.72923312000449769,3
2025Q3,AR2,standard,STRICT,LATEST_REVISED,0.72923312000449236,0.72923312000449236,0.72923312000449236,3
2025Q3,COMBO_A,conservative,PERMISSIVE_END_OF_DAY,FIRST_RELEASE,0.64668289934839918,0.66192361863951554,0.64668289934839918,3
2025Q3,COMBO_A,conservative,PERMISSIVE_END_OF_DAY,LATEST_REVISED,0.64668289934839385,0.66192361863951032,0.64668289934839385,3
2025Q3,COMBO_A,conservative,STRICT,FIRST_RELEASE,0.64668289934839918,0.66192361863951554,0.64668289934839918,3
2025Q3,COMBO_A,conservative,STRICT,LATEST_REVISED,0.64668289934839385,0.66192361863951032,0.64668289934839385,3
2025Q3,COMBO_A,standard,PERMISSIVE_END_OF_DAY,FIRST_RELEASE,0.54601724447340982,0.59011035724638428,0.54601724447340982,3
2025Q3,COMBO_A,standard,PERMISSIVE_END_OF_DAY,LATEST_REVISED,0.54601724447340449,0.59011035724637939,0.54601724447340449,3
2025Q3,COMBO_A,standard,STRICT,FIRST_RELEASE,0.54601724447340982,0.59011035724638428,0.54601724447340982,3
2025Q3,COMBO_A,standard,STRICT,LATEST_REVISED,0.54601724447340449,0.59011035724637939,0.54601724447340449,3
2025Q3,COMBO_B,conservative,PERMISSIVE_END_OF_DAY,FIRST_RELEASE,0.48584687913897245,0.50651629454455172,0.48584687913897245,3
2025Q3,COMBO_B,conservative,PERMISSIVE_END_OF_DAY,LATEST_REVISED,0.48584687913896712,0.50651629454454661,0.48584687913896712,3
2025Q3,COMBO_B,conservative,STRICT,FIRST_RELEASE,0.48584687913897245,0.50651629454455172,0.48584687913897245,3
2025Q3,COMBO_B,conservative,STRICT,LATEST_REVISED,0.48584687913896712,0.50651629454454661,0.48584687913896712,3
2025Q3,COMBO_B,standard,PERMISSIVE_END_OF_DAY,FIRST_RELEASE,0.41564932029096929,0.4693513189636348,0.41564932029096929,3
2025Q3,COMBO_B,standard,PERMISSIVE_END_OF_DAY,LATEST_REVISED,0.41564932029096396,0.46935131896363014,0.41564932029096396,3
2025Q3,COMBO_B,standard,STRICT,FIRST_RELEASE,0.41564932029096929,0.4693513189636348,0.41564932029096929,3
2025Q3,COMBO_B,standard,STRICT,LATEST_REVISED,0.41564932029096396,0.46935131896363014,0.41564932029096396,3
2025Q3,DFM_A,conservative,PERMISSIVE_END_OF_DAY,FIRST_RELEASE,1.0689202929142365,1.0689430575969721,1.0689202929142365,3
2025Q3,DFM_A,conservative,PERMISSIVE_END_OF_DAY,LATEST_REVISED,1.0689202929142312,1.0689430575969667,1.0689202929142312,3
2025Q3,DFM_A,conservative,STRICT,FIRST_RELEASE,1.0689202929142365,1.0689430575969721,1.0689202929142365,3
2025Q3,DFM_A,conservative,STRICT,LATEST_REVISED,1.0689202929142312,1.0689430575969667,1.0689202929142312,3
2025Q3,DFM_A,standard,PERMISSIVE_END_OF_DAY,FIRST_RELEASE,0.96694222333957036,0.96737781262262112,0.96694222333957036,3
2025Q3,DFM_A,standard,PERMISSIVE_END_OF_DAY,LATEST_REVISED,0.96694222333956503,0.9673778126226158,0.96694222333956503,3
2025Q3,DFM_A,standard,STRICT,FIRST_RELEASE,0.96694222333957036,0.96737781262262112,0.96694222333957036,3
2025Q3,DFM_A,standard,STRICT,LATEST_REVISED,0.96694222333956503,0.9673778126226158,0.96694222333956503,3
2025Q3,DFM_B,conservative,PERMISSIVE_END_OF_DAY,FIRST_RELEASE,0.74724825249538451,0.74725309204918933,0.74724825249538451,3
2025Q3,DFM_B,conservative,PERMISSIVE_END_OF_DAY,LATEST_REVISED,0.74724825249537918,0.74725309204918411,0.74724825249537918,3
2025Q3,DFM_B,conservative,STRICT,FIRST_RELEASE,0.74724825249538451,0.74725309204918933,0.74724825249538451,3
2025Q3,DFM_B,conservative,STRICT,LATEST_REVISED,0.74724825249537918,0.74725309204918411,0.74724825249537918,3
2025Q3,DFM_B,standard,PERMISSIVE_END_OF_DAY,FIRST_RELEASE,0.70620637497468852,0.70631306471526112,0.70620637497468852,3
2025Q3,DFM_B,standard,PERMISSIVE_END_OF_DAY,LATEST_REVISED,0.70620637497468319,0.70631306471525579,0.70620637497468319,3
2025Q3,DFM_B,standard,STRICT,FIRST_RELEASE,0.70620637497468852,0.70631306471526112,0.70620637497468852,3
2025Q3,DFM_B,standard,STRICT,LATEST_REVISED,0.70620637497468319,0.70631306471525579,0.70620637497468319,3
2025Q3,PRODUCTION_ENSEMBLE,conservative,PERMISSIVE_END_OF_DAY,FIRST_RELEASE,0.47683931289352977,0.49824246218310336,0.47683931289352977,3
2025Q3,PRODUCTION_ENSEMBLE,conservative,PERMISSIVE_END_OF_DAY,LATEST_REVISED,0.47683931289352444,0.49824246218309826,0.47683931289352444,3
2025Q3,PRODUCTION_ENSEMBLE,conservative,STRICT,FIRST_RELEASE,0.47683931289352977,0.49824246218310336,0.47683931289352977,3
2025Q3,PRODUCTION_ENSEMBLE,conservative,STRICT,LATEST_REVISED,0.47683931289352444,0.49824246218309826,0.47683931289352444,3
2025Q3,PRODUCTION_ENSEMBLE,standard,PERMISSIVE_END_OF_DAY,FIRST_RELEASE,0.42716269280587377,0.47771427295298408,0.42716269280587377,3
2025Q3,PRODUCTION_ENSEMBLE,standard,PERMISSIVE_END_OF_DAY,LATEST_REVISED,0.42716269280586844,0.4777142729529793,0.42716269280586844,3
2025Q3,PRODUCTION_ENSEMBLE,standard,STRICT,FIRST_RELEASE,0.42716269280587377,0.47771427295298408,0.42716269280587377,3
2025Q3,PRODUCTION_ENSEMBLE,standard,STRICT,LATEST_REVISED,0.42716269280586844,0.4777142729529793,0.42716269280586844,3
2025Q3,UMIDAS_USD,conservative,PERMISSIVE_END_OF_DAY,FIRST_RELEASE,0.22444550578256126,0.36586208914291757,0.34238042638182975,3
2025Q3,UMIDAS_USD,conservative,PERMISSIVE_END_OF_DAY,LATEST_REVISED,0.22444550578255593,0.36586208914291435,0.34238042638182797,3
2025Q3,UMIDAS_USD,conservative,STRICT,FIRST_RELEASE,0.22444550578256126,0.36586208914291757,0.34238042638182975,3
2025Q3,UMIDAS_USD,conservative,STRICT,LATEST_REVISED,0.22444550578255593,0.36586208914291435,0.34238042638182797,3
2025Q3,UMIDAS_USD,standard,PERMISSIVE_END_OF_DAY,FIRST_RELEASE,0.12509226560724951,0.44566794449016195,0.44173366655714147,3
2025Q3,UMIDAS_USD,standard,PERMISSIVE_END_OF_DAY,LATEST_REVISED,0.12509226560724418,0.44566794449016045,0.44173366655713969,3
2025Q3,UMIDAS_USD,standard,STRICT,FIRST_RELEASE,0.12509226560724951,0.44566794449016195,0.44173366655714147,3
2025Q3,UMIDAS_USD,standard,STRICT,LATEST_REVISED,0.12509226560724418,0.44566794449016045,0.44173366655713969,3
2025Q4,AR1,conservative,PERMISSIVE_END_OF_DAY,FIRST_RELEASE,0.44845959819019132,0.44845959819019132,0.44845959819019132,3
2025Q4,AR1,conservative,PERMISSIVE_END_OF_DAY,LATEST_REVISED,0.44845959819019399,0.44845959819019399,0.44845959819019399,3
2025Q4,AR1,conservative,STRICT,FIRST_RELEASE,0.44845959819019132,0.44845959819019132,0.44845959819019132,3
2025Q4,AR1,conservative,STRICT,LATEST_REVISED,0.44845959819019399,0.44845959819019399,0.44845959819019399,3
2025Q4,AR1,standard,PERMISSIVE_END_OF_DAY,FIRST_RELEASE,0.44845959819019132,0.44845959819019132,0.44845959819019132,3
2025Q4,AR1,standard,PERMISSIVE_END_OF_DAY,LATEST_REVISED,0.44845959819019399,0.44845959819019399,0.44845959819019399,3
2025Q4,AR1,standard,STRICT,FIRST_RELEASE,0.44845959819019132,0.44845959819019132,0.44845959819019132,3
2025Q4,AR1,standard,STRICT,LATEST_REVISED,0.44845959819019399,0.44845959819019399,0.44845959819019399,3
2025Q4,AR2,conservative,PERMISSIVE_END_OF_DAY,FIRST_RELEASE,0.5468368000201389,0.5468368000201389,0.5468368000201389,3
2025Q4,AR2,conservative,PERMISSIVE_END_OF_DAY,LATEST_REVISED,0.54683680002014157,0.54683680002014157,0.54683680002014157,3
2025Q4,AR2,conservative,STRICT,FIRST_RELEASE,0.5468368000201389,0.5468368000201389,0.5468368000201389,3
2025Q4,AR2,conservative,STRICT,LATEST_REVISED,0.54683680002014157,0.54683680002014157,0.54683680002014157,3
2025Q4,AR2,standard,PERMISSIVE_END_OF_DAY,FIRST_RELEASE,0.5468368000201389,0.5468368000201389,0.5468368000201389,3
2025Q4,AR2,standard,PERMISSIVE_END_OF_DAY,LATEST_REVISED,0.54683680002014157,0.54683680002014157,0.54683680002014157,3
2025Q4,AR2,standard,STRICT,FIRST_RELEASE,0.5468368000201389,0.5468368000201389,0.5468368000201389,3
2025Q4,AR2,standard,STRICT,LATEST_REVISED,0.54683680002014157,0.54683680002014157,0.54683680002014157,3
2025Q4,COMBO_A,conservative,PERMISSIVE_END_OF_DAY,FIRST_RELEASE,0.23388409938625662,0.29523995707363532,0.23388409938625662,3
2025Q4,COMBO_A,conservative,PERMISSIVE_END_OF_DAY,LATEST_REVISED,0.23388409938625929,0.29523995707363743,0.23388409938625929,3
2025Q4,COMBO_A,conservative,STRICT,FIRST_RELEASE,0.23388409938625662,0.29523995707363532,0.23388409938625662,3
2025Q4,COMBO_A,conservative,STRICT,LATEST_REVISED,0.23388409938625929,0.29523995707363743,0.23388409938625929,3
2025Q4,COMBO_A,standard,PERMISSIVE_END_OF_DAY,FIRST_RELEASE,0.11194843801145637,0.15365709917749384,0.11194843801145637,3
2025Q4,COMBO_A,standard,PERMISSIVE_END_OF_DAY,LATEST_REVISED,0.11194843801145904,0.15365709917749579,0.11194843801145904,3
2025Q4,COMBO_A,standard,STRICT,FIRST_RELEASE,0.11194843801145637,0.15365709917749384,0.11194843801145637,3
2025Q4,COMBO_A,standard,STRICT,LATEST_REVISED,0.11194843801145904,0.15365709917749579,0.11194843801145904,3
2025Q4,COMBO_B,conservative,PERMISSIVE_END_OF_DAY,FIRST_RELEASE,0.006015606630776678,0.17631697754419795,0.1611946176081466,3
2025Q4,COMBO_B,conservative,PERMISSIVE_END_OF_DAY,LATEST_REVISED,0.0060156066307793426,0.17631697754419803,0.16119461760814571,3
2025Q4,COMBO_B,conservative,STRICT,FIRST_RELEASE,0.006015606630776678,0.17631697754419795,0.1611946176081466,3
2025Q4,COMBO_B,conservative,STRICT,LATEST_REVISED,0.0060156066307793426,0.17631697754419803,0.16119461760814571,3
2025Q4,COMBO_B,standard,PERMISSIVE_END_OF_DAY,FIRST_RELEASE,-0.065966825112803676,0.12991018521186964,0.12424008887941913,3
2025Q4,COMBO_B,standard,PERMISSIVE_END_OF_DAY,LATEST_REVISED,-0.065966825112801011,0.12991018521186831,0.12424008887941825,3
2025Q4,COMBO_B,standard,STRICT,FIRST_RELEASE,-0.065966825112803676,0.12991018521186964,0.12424008887941913,3
2025Q4,COMBO_B,standard,STRICT,LATEST_REVISED,-0.065966825112801011,0.12991018521186831,0.12424008887941825,3
2025Q4,DFM_A,conservative,PERMISSIVE_END_OF_DAY,FIRST_RELEASE,1.1037497619571666,1.1038308193380117,1.1037497619571666,3
2025Q4,DFM_A,conservative,PERMISSIVE_END_OF_DAY,LATEST_REVISED,1.1037497619571692,1.1038308193380142,1.1037497619571692,3
2025Q4,DFM_A,conservative,STRICT,FIRST_RELEASE,1.1037497619571666,1.1038308193380117,1.1037497619571666,3
2025Q4,DFM_A,conservative,STRICT,LATEST_REVISED,1.1037497619571692,1.1038308193380142,1.1037497619571692,3
2025Q4,DFM_A,standard,PERMISSIVE_END_OF_DAY,FIRST_RELEASE,0.94385089447881099,0.94449257307113355,0.94385089447881099,3
2025Q4,DFM_A,standard,PERMISSIVE_END_OF_DAY,LATEST_REVISED,0.94385089447881365,0.94449257307113621,0.94385089447881365,3
2025Q4,DFM_A,standard,STRICT,FIRST_RELEASE,0.94385089447881099,0.94449257307113355,0.94385089447881099,3
2025Q4,DFM_A,standard,STRICT,LATEST_REVISED,0.94385089447881365,0.94449257307113621,0.94385089447881365,3
2025Q4,DFM_B,conservative,PERMISSIVE_END_OF_DAY,FIRST_RELEASE,0.64801277644620681,0.64802902598200296,0.64801277644620681,3
2025Q4,DFM_B,conservative,PERMISSIVE_END_OF_DAY,LATEST_REVISED,0.64801277644620947,0.64802902598200562,0.64801277644620947,3
2025Q4,DFM_B,conservative,STRICT,FIRST_RELEASE,0.64801277644620681,0.64802902598200296,0.64801277644620681,3
2025Q4,DFM_B,conservative,STRICT,LATEST_REVISED,0.64801277644620947,0.64802902598200562,0.64801277644620947,3
2025Q4,DFM_B,standard,PERMISSIVE_END_OF_DAY,FIRST_RELEASE,0.58802036823029125,0.58817773282273311,0.58802036823029125,3
2025Q4,DFM_B,standard,PERMISSIVE_END_OF_DAY,LATEST_REVISED,0.58802036823029391,0.58817773282273578,0.58802036823029391,3
2025Q4,DFM_B,standard,STRICT,FIRST_RELEASE,0.58802036823029125,0.58817773282273311,0.58802036823029125,3
2025Q4,DFM_B,standard,STRICT,LATEST_REVISED,0.58802036823029391,0.58817773282273578,0.58802036823029391,3
2025Q4,PRODUCTION_ENSEMBLE,conservative,PERMISSIVE_END_OF_DAY,FIRST_RELEASE,-0.044572381582257257,0.17981307706798896,0.17599642248667871,3
2025Q4,PRODUCTION_ENSEMBLE,conservative,PERMISSIVE_END_OF_DAY,LATEST_REVISED,-0.044572381582254593,0.17981307706798833,0.17599642248667782,3
2025Q4,PRODUCTION_ENSEMBLE,conservative,STRICT,FIRST_RELEASE,-0.044572381582257257,0.17981307706798896,0.17599642248667871,3
2025Q4,PRODUCTION_ENSEMBLE,conservative,STRICT,LATEST_REVISED,-0.044572381582254593,0.17981307706798833,0.17599642248667782,3
2025Q4,PRODUCTION_ENSEMBLE,standard,PERMISSIVE_END_OF_DAY,FIRST_RELEASE,-0.086558609217879834,0.14514569757057993,0.13401019485105614,3
2025Q4,PRODUCTION_ENSEMBLE,standard,PERMISSIVE_END_OF_DAY,LATEST_REVISED,-0.086558609217877169,0.14514569757057835,0.13401019485105525,3
2025Q4,PRODUCTION_ENSEMBLE,standard,STRICT,FIRST_RELEASE,-0.086558609217879834,0.14514569757057993,0.13401019485105614,3
2025Q4,PRODUCTION_ENSEMBLE,standard,STRICT,LATEST_REVISED,-0.086558609217877169,0.14514569757057835,0.13401019485105525,3
2025Q4,UMIDAS_USD,conservative,PERMISSIVE_END_OF_DAY,FIRST_RELEASE,-0.63598156318465338,0.72515979663090258,0.63598156318465338,3
2025Q4,UMIDAS_USD,conservative,PERMISSIVE_END_OF_DAY,LATEST_REVISED,-0.63598156318465071,0.72515979663090024,0.63598156318465071,3
2025Q4,UMIDAS_USD,conservative,STRICT,FIRST_RELEASE,-0.63598156318465338,0.72515979663090258,0.63598156318465338,3
2025Q4,UMIDAS_USD,conservative,STRICT,LATEST_REVISED,-0.63598156318465071,0.72515979663090024,0.63598156318465071,3
2025Q4,UMIDAS_USD,standard,PERMISSIVE_END_OF_DAY,FIRST_RELEASE,-0.71995401845589857,0.75672538708891146,0.71995401845589857,3
2025Q4,UMIDAS_USD,standard,PERMISSIVE_END_OF_DAY,LATEST_REVISED,-0.71995401845589591,0.75672538708890891,0.71995401845589591,3
2025Q4,UMIDAS_USD,standard,STRICT,FIRST_RELEASE,-0.71995401845589857,0.75672538708891146,0.71995401845589857,3
2025Q4,UMIDAS_USD,standard,STRICT,LATEST_REVISED,-0.71995401845589591,0.75672538708890891,0.71995401845589591,3
2026Q1,AR1,conservative,PERMISSIVE_END_OF_DAY,FIRST_RELEASE,1.3401495287578511,1.3401495287578511,1.3401495287578511,3
2026Q1,AR1,conservative,PERMISSIVE_END_OF_DAY,LATEST_REVISED,1.3401495287578546,1.3401495287578546,1.3401495287578546,3
2026Q1,AR1,conservative,STRICT,FIRST_RELEASE,1.3401495287578511,1.3401495287578511,1.3401495287578511,3
2026Q1,AR1,conservative,STRICT,LATEST_REVISED,1.3401495287578546,1.3401495287578546,1.3401495287578546,3
2026Q1,AR1,standard,PERMISSIVE_END_OF_DAY,FIRST_RELEASE,1.3401495287578511,1.3401495287578511,1.3401495287578511,3
2026Q1,AR1,standard,PERMISSIVE_END_OF_DAY,LATEST_REVISED,1.3401495287578546,1.3401495287578546,1.3401495287578546,3
2026Q1,AR1,standard,STRICT,FIRST_RELEASE,1.3401495287578511,1.3401495287578511,1.3401495287578511,3
2026Q1,AR1,standard,STRICT,LATEST_REVISED,1.3401495287578546,1.3401495287578546,1.3401495287578546,3
2026Q1,AR2,conservative,PERMISSIVE_END_OF_DAY,FIRST_RELEASE,1.6619834351079597,1.6619834351079597,1.6619834351079597,3
2026Q1,AR2,conservative,PERMISSIVE_END_OF_DAY,LATEST_REVISED,1.6619834351079632,1.6619834351079632,1.6619834351079632,3
2026Q1,AR2,conservative,STRICT,FIRST_RELEASE,1.6619834351079597,1.6619834351079597,1.6619834351079597,3
2026Q1,AR2,conservative,STRICT,LATEST_REVISED,1.6619834351079632,1.6619834351079632,1.6619834351079632,3
2026Q1,AR2,standard,PERMISSIVE_END_OF_DAY,FIRST_RELEASE,1.6619834351079597,1.6619834351079597,1.6619834351079597,3
2026Q1,AR2,standard,PERMISSIVE_END_OF_DAY,LATEST_REVISED,1.6619834351079632,1.6619834351079632,1.6619834351079632,3
2026Q1,AR2,standard,STRICT,FIRST_RELEASE,1.6619834351079597,1.6619834351079597,1.6619834351079597,3
2026Q1,AR2,standard,STRICT,LATEST_REVISED,1.6619834351079632,1.6619834351079632,1.6619834351079632,3
2026Q1,COMBO_A,conservative,PERMISSIVE_END_OF_DAY,FIRST_RELEASE,1.5201976606395389,1.5231789658869208,1.5201976606395389,3
2026Q1,COMBO_A,conservative,PERMISSIVE_END_OF_DAY,LATEST_REVISED,1.5201976606395424,1.5231789658869244,1.5201976606395424,3
2026Q1,COMBO_A,conservative,STRICT,FIRST_RELEASE,1.5201976606395389,1.5231789658869208,1.5201976606395389,3
2026Q1,COMBO_A,conservative,STRICT,LATEST_REVISED,1.5201976606395424,1.5231789658869244,1.5201976606395424,3
2026Q1,COMBO_A,standard,PERMISSIVE_END_OF_DAY,FIRST_RELEASE,1.3298812255885075,1.3651452046370995,1.3298812255885075,3
2026Q1,COMBO_A,standard,PERMISSIVE_END_OF_DAY,LATEST_REVISED,1.3298812255885111,1.3651452046371031,1.3298812255885111,3
2026Q1,COMBO_A,standard,STRICT,FIRST_RELEASE,1.3298812255885075,1.3651452046370995,1.3298812255885075,3
2026Q1,COMBO_A,standard,STRICT,LATEST_REVISED,1.3298812255885111,1.3651452046371031,1.3298812255885111,3
2026Q1,COMBO_B,conservative,PERMISSIVE_END_OF_DAY,FIRST_RELEASE,1.2998198515479764,1.3048230179559106,1.2998198515479764,3
2026Q1,COMBO_B,conservative,PERMISSIVE_END_OF_DAY,LATEST_REVISED,1.29981985154798,1.3048230179559142,1.29981985154798,3
2026Q1,COMBO_B,conservative,STRICT,FIRST_RELEASE,1.2998198515479764,1.3048230179559106,1.2998198515479764,3
2026Q1,COMBO_B,conservative,STRICT,LATEST_REVISED,1.29981985154798,1.3048230179559142,1.29981985154798,3
2026Q1,COMBO_B,standard,PERMISSIVE_END_OF_DAY,FIRST_RELEASE,1.1792347207431655,1.209972091326541,1.1792347207431655,3
2026Q1,COMBO_B,standard,PERMISSIVE_END_OF_DAY,LATEST_REVISED,1.179234720743169,1.2099720913265446,1.179234720743169,3
2026Q1,COMBO_B,standard,STRICT,FIRST_RELEASE,1.1792347207431655,1.209972091326541,1.1792347207431655,3
2026Q1,COMBO_B,standard,STRICT,LATEST_REVISED,1.179234720743169,1.2099720913265446,1.179234720743169,3
2026Q1,DFM_A,conservative,PERMISSIVE_END_OF_DAY,FIRST_RELEASE,1.9491705361554275,1.9501593149735974,1.9491705361554275,3
2026Q1,DFM_A,conservative,PERMISSIVE_END_OF_DAY,LATEST_REVISED,1.949170536155431,1.9501593149736012,1.949170536155431,3
2026Q1,DFM_A,conservative,STRICT,FIRST_RELEASE,1.9491705361554275,1.9501593149735974,1.9491705361554275,3
2026Q1,DFM_A,conservative,STRICT,LATEST_REVISED,1.949170536155431,1.9501593149736012,1.949170536155431,3
2026Q1,DFM_A,standard,PERMISSIVE_END_OF_DAY,FIRST_RELEASE,1.7719302152385914,1.7754544166293624,1.7719302152385914,3
2026Q1,DFM_A,standard,PERMISSIVE_END_OF_DAY,LATEST_REVISED,1.771930215238595,1.775454416629366,1.771930215238595,3
2026Q1,DFM_A,standard,STRICT,FIRST_RELEASE,1.7719302152385914,1.7754544166293624,1.7719302152385914,3
2026Q1,DFM_A,standard,STRICT,LATEST_REVISED,1.771930215238595,1.775454416629366,1.771930215238595,3
2026Q1,DFM_B,conservative,PERMISSIVE_END_OF_DAY,FIRST_RELEASE,1.5084149179723028,1.5084900695090055,1.5084149179723028,3
2026Q1,DFM_B,conservative,PERMISSIVE_END_OF_DAY,LATEST_REVISED,1.5084149179723063,1.5084900695090091,1.5084149179723063,3
2026Q1,DFM_B,conservative,STRICT,FIRST_RELEASE,1.5084149179723028,1.5084900695090055,1.5084149179723028,3
2026Q1,DFM_B,conservative,STRICT,LATEST_REVISED,1.5084149179723063,1.5084900695090091,1.5084149179723063,3
2026Q1,DFM_B,standard,PERMISSIVE_END_OF_DAY,FIRST_RELEASE,1.4706372055479069,1.4708163442686943,1.4706372055479069,3
2026Q1,DFM_B,standard,PERMISSIVE_END_OF_DAY,LATEST_REVISED,1.4706372055479104,1.4708163442686979,1.4706372055479104,3
2026Q1,DFM_B,standard,STRICT,FIRST_RELEASE,1.4706372055479069,1.4708163442686943,1.4706372055479069,3
2026Q1,DFM_B,standard,STRICT,LATEST_REVISED,1.4706372055479104,1.4708163442686979,1.4706372055479104,3
2026Q1,PRODUCTION_ENSEMBLE,conservative,PERMISSIVE_END_OF_DAY,FIRST_RELEASE,1.3766041101158049,1.3819318147948232,1.3766041101158049,3
2026Q1,PRODUCTION_ENSEMBLE,conservative,PERMISSIVE_END_OF_DAY,LATEST_REVISED,1.3766041101158084,1.381931814794827,1.3766041101158084,3
2026Q1,PRODUCTION_ENSEMBLE,conservative,STRICT,FIRST_RELEASE,1.3766041101158049,1.3819318147948232,1.3766041101158049,3
2026Q1,PRODUCTION_ENSEMBLE,conservative,STRICT,LATEST_REVISED,1.3766041101158084,1.381931814794827,1.3766041101158084,3
2026Q1,PRODUCTION_ENSEMBLE,standard,PERMISSIVE_END_OF_DAY,FIRST_RELEASE,1.2749078355231918,1.3015149460776878,1.2749078355231918,3
2026Q1,PRODUCTION_ENSEMBLE,standard,PERMISSIVE_END_OF_DAY,LATEST_REVISED,1.2749078355231953,1.3015149460776914,1.2749078355231953,3
2026Q1,PRODUCTION_ENSEMBLE,standard,STRICT,FIRST_RELEASE,1.2749078355231918,1.3015149460776878,1.2749078355231918,3
2026Q1,PRODUCTION_ENSEMBLE,standard,STRICT,LATEST_REVISED,1.2749078355231953,1.3015149460776914,1.2749078355231953,3
2026Q1,UMIDAS_USD,conservative,PERMISSIVE_END_OF_DAY,FIRST_RELEASE,1.0912247851236501,1.1178363881560236,1.0912247851236501,3
2026Q1,UMIDAS_USD,conservative,PERMISSIVE_END_OF_DAY,LATEST_REVISED,1.0912247851236536,1.1178363881560269,1.0912247851236536,3
2026Q1,UMIDAS_USD,conservative,STRICT,FIRST_RELEASE,1.0912247851236501,1.1178363881560236,1.0912247851236501,3
2026Q1,UMIDAS_USD,conservative,STRICT,LATEST_REVISED,1.0912247851236536,1.1178363881560269,1.0912247851236536,3
2026Q1,UMIDAS_USD,standard,PERMISSIVE_END_OF_DAY,FIRST_RELEASE,0.88783223593842386,1.0307525126392509,0.88783223593842386,3
2026Q1,UMIDAS_USD,standard,PERMISSIVE_END_OF_DAY,LATEST_REVISED,0.88783223593842742,1.030752512639254,0.88783223593842742,3
2026Q1,UMIDAS_USD,standard,STRICT,FIRST_RELEASE,0.88783223593842386,1.0307525126392509,0.88783223593842386,3
2026Q1,UMIDAS_USD,standard,STRICT,LATEST_REVISED,0.88783223593842742,1.030752512639254,0.88783223593842742,3
2026Q2,AR1,conservative,PERMISSIVE_END_OF_DAY,FIRST_RELEASE,0.24613807168051594,0.24613807168051594,0.24613807168051594,3
2026Q2,AR1,conservative,PERMISSIVE_END_OF_DAY,LATEST_REVISED,0.24613807168051594,0.24613807168051594,0.24613807168051594,3
2026Q2,AR1,conservative,STRICT,FIRST_RELEASE,0.24613807168051594,0.24613807168051594,0.24613807168051594,3
2026Q2,AR1,conservative,STRICT,LATEST_REVISED,0.24613807168051594,0.24613807168051594,0.24613807168051594,3
2026Q2,AR1,standard,PERMISSIVE_END_OF_DAY,FIRST_RELEASE,0.24613807168051594,0.24613807168051594,0.24613807168051594,3
2026Q2,AR1,standard,PERMISSIVE_END_OF_DAY,LATEST_REVISED,0.24613807168051594,0.24613807168051594,0.24613807168051594,3
2026Q2,AR1,standard,STRICT,FIRST_RELEASE,0.24613807168051594,0.24613807168051594,0.24613807168051594,3
2026Q2,AR1,standard,STRICT,LATEST_REVISED,0.24613807168051594,0.24613807168051594,0.24613807168051594,3
2026Q2,AR2,conservative,PERMISSIVE_END_OF_DAY,FIRST_RELEASE,0.069973608589531722,0.069973608589531722,0.069973608589531722,3
2026Q2,AR2,conservative,PERMISSIVE_END_OF_DAY,LATEST_REVISED,0.069973608589531722,0.069973608589531722,0.069973608589531722,3
2026Q2,AR2,conservative,STRICT,FIRST_RELEASE,0.069973608589531722,0.069973608589531722,0.069973608589531722,3
2026Q2,AR2,conservative,STRICT,LATEST_REVISED,0.069973608589531722,0.069973608589531722,0.069973608589531722,3
2026Q2,AR2,standard,PERMISSIVE_END_OF_DAY,FIRST_RELEASE,0.069973608589531722,0.069973608589531722,0.069973608589531722,3
2026Q2,AR2,standard,PERMISSIVE_END_OF_DAY,LATEST_REVISED,0.069973608589531722,0.069973608589531722,0.069973608589531722,3
2026Q2,AR2,standard,STRICT,FIRST_RELEASE,0.069973608589531722,0.069973608589531722,0.069973608589531722,3
2026Q2,AR2,standard,STRICT,LATEST_REVISED,0.069973608589531722,0.069973608589531722,0.069973608589531722,3
2026Q2,COMBO_A,conservative,PERMISSIVE_END_OF_DAY,FIRST_RELEASE,0.80125571336004953,0.80562441331045265,0.80125571336004953,3
2026Q2,COMBO_A,conservative,PERMISSIVE_END_OF_DAY,LATEST_REVISED,0.80125571336004953,0.80562441331045265,0.80125571336004953,3
2026Q2,COMBO_A,conservative,STRICT,FIRST_RELEASE,0.80125571336004953,0.80562441331045265,0.80125571336004953,3
2026Q2,COMBO_A,conservative,STRICT,LATEST_REVISED,0.80125571336004953,0.80562441331045265,0.80125571336004953,3
2026Q2,COMBO_A,standard,PERMISSIVE_END_OF_DAY,FIRST_RELEASE,0.64702666740976389,0.65288391805645374,0.64702666740976389,3
2026Q2,COMBO_A,standard,PERMISSIVE_END_OF_DAY,LATEST_REVISED,0.64702666740976389,0.65288391805645374,0.64702666740976389,3
2026Q2,COMBO_A,standard,STRICT,FIRST_RELEASE,0.64702666740976389,0.65288391805645374,0.64702666740976389,3
2026Q2,COMBO_A,standard,STRICT,LATEST_REVISED,0.64702666740976389,0.65288391805645374,0.64702666740976389,3
2026Q2,COMBO_B,conservative,PERMISSIVE_END_OF_DAY,FIRST_RELEASE,0.43603159161806371,0.44269014608400487,0.43603159161806371,3
2026Q2,COMBO_B,conservative,PERMISSIVE_END_OF_DAY,LATEST_REVISED,0.43603159161806371,0.44269014608400487,0.43603159161806371,3
2026Q2,COMBO_B,conservative,STRICT,FIRST_RELEASE,0.43603159161806371,0.44269014608400487,0.43603159161806371,3
2026Q2,COMBO_B,conservative,STRICT,LATEST_REVISED,0.43603159161806371,0.44269014608400487,0.43603159161806371,3
2026Q2,COMBO_B,standard,PERMISSIVE_END_OF_DAY,FIRST_RELEASE,0.41156412745911791,0.41674003175936314,0.41156412745911791,3
2026Q2,COMBO_B,standard,PERMISSIVE_END_OF_DAY,LATEST_REVISED,0.41156412745911791,0.41674003175936314,0.41156412745911791,3
2026Q2,COMBO_B,standard,STRICT,FIRST_RELEASE,0.41156412745911791,0.41674003175936314,0.41156412745911791,3
2026Q2,COMBO_B,standard,STRICT,LATEST_REVISED,0.41156412745911791,0.41674003175936314,0.41156412745911791,3
2026Q2,DFM_A,conservative,PERMISSIVE_END_OF_DAY,FIRST_RELEASE,1.4649135120286736,1.4715111890134285,1.4649135120286736,3
2026Q2,DFM_A,conservative,PERMISSIVE_END_OF_DAY,LATEST_REVISED,1.4649135120286736,1.4715111890134285,1.4649135120286736,3
2026Q2,DFM_A,conservative,STRICT,FIRST_RELEASE,1.4649135120286736,1.4715111890134285,1.4649135120286736,3
2026Q2,DFM_A,conservative,STRICT,LATEST_REVISED,1.4649135120286736,1.4715111890134285,1.4649135120286736,3
2026Q2,DFM_A,standard,PERMISSIVE_END_OF_DAY,FIRST_RELEASE,1.1095685761467982,1.1108086041727672,1.1095685761467982,3
2026Q2,DFM_A,standard,PERMISSIVE_END_OF_DAY,LATEST_REVISED,1.1095685761467982,1.1108086041727672,1.1095685761467982,3
2026Q2,DFM_A,standard,STRICT,FIRST_RELEASE,1.1095685761467982,1.1108086041727672,1.1095685761467982,3
2026Q2,DFM_A,standard,STRICT,LATEST_REVISED,1.1095685761467982,1.1108086041727672,1.1095685761467982,3
2026Q2,DFM_B,conservative,PERMISSIVE_END_OF_DAY,FIRST_RELEASE,0.73446526854470251,0.73522261127872568,0.73446526854470251,3
2026Q2,DFM_B,conservative,PERMISSIVE_END_OF_DAY,LATEST_REVISED,0.73446526854470251,0.73522261127872568,0.73446526854470251,3
2026Q2,DFM_B,conservative,STRICT,FIRST_RELEASE,0.73446526854470251,0.73522261127872568,0.73446526854470251,3
2026Q2,DFM_B,conservative,STRICT,LATEST_REVISED,0.73446526854470251,0.73522261127872568,0.73446526854470251,3
2026Q2,DFM_B,standard,PERMISSIVE_END_OF_DAY,FIRST_RELEASE,0.63864349624550609,0.63868893545472427,0.63864349624550609,3
2026Q2,DFM_B,standard,PERMISSIVE_END_OF_DAY,LATEST_REVISED,0.63864349624550609,0.63868893545472427,0.63864349624550609,3
2026Q2,DFM_B,standard,STRICT,FIRST_RELEASE,0.63864349624550609,0.63868893545472427,0.63864349624550609,3
2026Q2,DFM_B,standard,STRICT,LATEST_REVISED,0.63864349624550609,0.63868893545472427,0.63864349624550609,3
2026Q2,PRODUCTION_ENSEMBLE,conservative,PERMISSIVE_END_OF_DAY,FIRST_RELEASE,0.10378576164047833,0.13145659566586396,0.10378576164047833,3
2026Q2,PRODUCTION_ENSEMBLE,conservative,PERMISSIVE_END_OF_DAY,LATEST_REVISED,0.10378576164047833,0.13145659566586396,0.10378576164047833,3
2026Q2,PRODUCTION_ENSEMBLE,conservative,STRICT,FIRST_RELEASE,0.10378576164047833,0.13145659566586396,0.10378576164047833,3
2026Q2,PRODUCTION_ENSEMBLE,conservative,STRICT,LATEST_REVISED,0.10378576164047833,0.13145659566586396,0.10378576164047833,3
2026Q2,PRODUCTION_ENSEMBLE,standard,PERMISSIVE_END_OF_DAY,FIRST_RELEASE,0.12722918363113087,0.14160904244364592,0.12722918363113087,3
2026Q2,PRODUCTION_ENSEMBLE,standard,PERMISSIVE_END_OF_DAY,LATEST_REVISED,0.12722918363113087,0.14160904244364592,0.12722918363113087,3
2026Q2,PRODUCTION_ENSEMBLE,standard,STRICT,FIRST_RELEASE,0.12722918363113087,0.14160904244364592,0.12722918363113087,3
2026Q2,PRODUCTION_ENSEMBLE,standard,STRICT,LATEST_REVISED,0.12722918363113087,0.14160904244364592,0.12722918363113087,3
2026Q2,UMIDAS_USD,conservative,PERMISSIVE_END_OF_DAY,FIRST_RELEASE,0.13759791469142554,0.21206271484276928,0.15229766232857442,3
2026Q2,UMIDAS_USD,conservative,PERMISSIVE_END_OF_DAY,LATEST_REVISED,0.13759791469142554,0.21206271484276928,0.15229766232857442,3
2026Q2,UMIDAS_USD,conservative,STRICT,FIRST_RELEASE,0.13759791469142554,0.21206271484276928,0.15229766232857442,3
2026Q2,UMIDAS_USD,conservative,STRICT,LATEST_REVISED,0.13759791469142554,0.21206271484276928,0.15229766232857442,3
2026Q2,UMIDAS_USD,standard,PERMISSIVE_END_OF_DAY,FIRST_RELEASE,0.1844847586727294,0.22248157029287718,0.1844847586727294,3
2026Q2,UMIDAS_USD,standard,PERMISSIVE_END_OF_DAY,LATEST_REVISED,0.1844847586727294,0.22248157029287718,0.1844847586727294,3
2026Q2,UMIDAS_USD,standard,STRICT,FIRST_RELEASE,0.1844847586727294,0.22248157029287718,0.1844847586727294,3
2026Q2,UMIDAS_USD,standard,STRICT,LATEST_REVISED,0.1844847586727294,0.22248157029287718,0.1844847586727294,3
