timing_rule,lag_mode,target_definition,evaluation_group,horizon,n,dfm_b_umidas_error_correlation
PERMISSIVE_END_OF_DAY,conservative,FIRST_RELEASE,DEVELOPMENT_PSEUDO_OOS,H1,6,0.62278217527481605
PERMISSIVE_END_OF_DAY,conservative,FIRST_RELEASE,DEVELOPMENT_PSEUDO_OOS,H2,6,0.3610461649790303
PERMISSIVE_END_OF_DAY,conservative,FIRST_RELEASE,DEVELOPMENT_PSEUDO_OOS,H3,6,0.25332288643770939
PERMISSIVE_END_OF_DAY,conservative,FIRST_RELEASE,DEVELOPMENT_PSEUDO_OOS,ALL,18,0.3007433451030127
PERMISSIVE_END_OF_DAY,conservative,FIRST_RELEASE,DEVELOPMENT_PSEUDO_OOS,H2_H3,12,0.22649320271726239
PERMISSIVE_END_OF_DAY,conservative,FIRST_RELEASE,HISTORICAL_POST_DEVELOPMENT_TEST,H1,4,0.99076451714059943
PERMISSIVE_END_OF_DAY,conservative,FIRST_RELEASE,HISTORICAL_POST_DEVELOPMENT_TEST,H2,4,0.75038566851883004
PERMISSIVE_END_OF_DAY,conservative,FIRST_RELEASE,HISTORICAL_POST_DEVELOPMENT_TEST,H3,4,0.88214709090487942
PERMISSIVE_END_OF_DAY,conservative,FIRST_RELEASE,HISTORICAL_POST_DEVELOPMENT_TEST,ALL,12,0.81025304217994421
PERMISSIVE_END_OF_DAY,conservative,FIRST_RELEASE,HISTORICAL_POST_DEVELOPMENT_TEST,H2_H3,8,0.8156237275874072
PERMISSIVE_END_OF_DAY,conservative,FIRST_RELEASE,POOLED_RESEARCH_ONLY,H1,10,0.22608814762776652
PERMISSIVE_END_OF_DAY,conservative,FIRST_RELEASE,POOLED_RESEARCH_ONLY,H2,10,0.37886318879781283
PERMISSIVE_END_OF_DAY,conservative,FIRST_RELEASE,POOLED_RESEARCH_ONLY,H3,10,0.27617195970974401
PERMISSIVE_END_OF_DAY,conservative,FIRST_RELEASE,POOLED_RESEARCH_ONLY,ALL,30,0.28548328042027526
PERMISSIVE_END_OF_DAY,conservative,FIRST_RELEASE,POOLED_RESEARCH_ONLY,H2_H3,20,0.30865665239290263
PERMISSIVE_END_OF_DAY,conservative,LATEST_REVISED,DEVELOPMENT_PSEUDO_OOS,H1,6,0.29626875287487409
PERMISSIVE_END_OF_DAY,conservative,LATEST_REVISED,DEVELOPMENT_PSEUDO_OOS,H2,6,0.2598466552575035
PERMISSIVE_END_OF_DAY,conservative,LATEST_REVISED,DEVELOPMENT_PSEUDO_OOS,H3,6,0.017674420509539848
PERMISSIVE_END_OF_DAY,conservative,LATEST_REVISED,DEVELOPMENT_PSEUDO_OOS,ALL,18,0.062899841607803528
PERMISSIVE_END_OF_DAY,conservative,LATEST_REVISED,DEVELOPMENT_PSEUDO_OOS,H2_H3,12,0.029294119837981612
PERMISSIVE_END_OF_DAY,conservative,LATEST_REVISED,HISTORICAL_POST_DEVELOPMENT_TEST,H1,4,0.99076451714059921
PERMISSIVE_END_OF_DAY,conservative,LATEST_REVISED,HISTORICAL_POST_DEVELOPMENT_TEST,H2,4,0.75038566851882793
PERMISSIVE_END_OF_DAY,conservative,LATEST_REVISED,HISTORICAL_POST_DEVELOPMENT_TEST,H3,4,0.88214709090487742
PERMISSIVE_END_OF_DAY,conservative,LATEST_REVISED,HISTORICAL_POST_DEVELOPMENT_TEST,ALL,12,0.81025304217994365
PERMISSIVE_END_OF_DAY,conservative,LATEST_REVISED,HISTORICAL_POST_DEVELOPMENT_TEST,H2_H3,8,0.81562372758740531
PERMISSIVE_END_OF_DAY,conservative,LATEST_REVISED,POOLED_RESEARCH_ONLY,H1,10,0.068634230713201433
PERMISSIVE_END_OF_DAY,conservative,LATEST_REVISED,POOLED_RESEARCH_ONLY,H2,10,0.3353490585746513
PERMISSIVE_END_OF_DAY,conservative,LATEST_REVISED,POOLED_RESEARCH_ONLY,H3,10,0.18901518790952901
PERMISSIVE_END_OF_DAY,conservative,LATEST_REVISED,POOLED_RESEARCH_ONLY,ALL,30,0.19909409095550584
PERMISSIVE_END_OF_DAY,conservative,LATEST_REVISED,POOLED_RESEARCH_ONLY,H2_H3,20,0.23876489311530666
PERMISSIVE_END_OF_DAY,standard,FIRST_RELEASE,DEVELOPMENT_PSEUDO_OOS,H1,6,0.28309738989220934
PERMISSIVE_END_OF_DAY,standard,FIRST_RELEASE,DEVELOPMENT_PSEUDO_OOS,H2,6,0.28235549563638479
PERMISSIVE_END_OF_DAY,standard,FIRST_RELEASE,DEVELOPMENT_PSEUDO_OOS,H3,6,-0.55122711710244809
PERMISSIVE_END_OF_DAY,standard,FIRST_RELEASE,DEVELOPMENT_PSEUDO_OOS,ALL,18,-0.18884272972184352
PERMISSIVE_END_OF_DAY,standard,FIRST_RELEASE,DEVELOPMENT_PSEUDO_OOS,H2_H3,12,-0.29040689315349205
PERMISSIVE_END_OF_DAY,standard,FIRST_RELEASE,HISTORICAL_POST_DEVELOPMENT_TEST,H1,4,0.73985334852727036
PERMISSIVE_END_OF_DAY,standard,FIRST_RELEASE,HISTORICAL_POST_DEVELOPMENT_TEST,H2,4,0.88779695363516209
PERMISSIVE_END_OF_DAY,standard,FIRST_RELEASE,HISTORICAL_POST_DEVELOPMENT_TEST,H3,4,0.58929304115001502
PERMISSIVE_END_OF_DAY,standard,FIRST_RELEASE,HISTORICAL_POST_DEVELOPMENT_TEST,ALL,12,0.71196235780281014
PERMISSIVE_END_OF_DAY,standard,FIRST_RELEASE,HISTORICAL_POST_DEVELOPMENT_TEST,H2_H3,8,0.70522976240499169
PERMISSIVE_END_OF_DAY,standard,FIRST_RELEASE,POOLED_RESEARCH_ONLY,H1,10,0.37676800205241284
PERMISSIVE_END_OF_DAY,standard,FIRST_RELEASE,POOLED_RESEARCH_ONLY,H2,10,0.34827891049412207
PERMISSIVE_END_OF_DAY,standard,FIRST_RELEASE,POOLED_RESEARCH_ONLY,H3,10,-0.27795973917283257
PERMISSIVE_END_OF_DAY,standard,FIRST_RELEASE,POOLED_RESEARCH_ONLY,ALL,30,0.14007613363440249
PERMISSIVE_END_OF_DAY,standard,FIRST_RELEASE,POOLED_RESEARCH_ONLY,H2_H3,20,0.034285583426930069
PERMISSIVE_END_OF_DAY,standard,LATEST_REVISED,DEVELOPMENT_PSEUDO_OOS,H1,6,0.12543598648734308
PERMISSIVE_END_OF_DAY,standard,LATEST_REVISED,DEVELOPMENT_PSEUDO_OOS,H2,6,0.12166773788117084
PERMISSIVE_END_OF_DAY,standard,LATEST_REVISED,DEVELOPMENT_PSEUDO_OOS,H3,6,-0.57372010855292865
PERMISSIVE_END_OF_DAY,standard,LATEST_REVISED,DEVELOPMENT_PSEUDO_OOS,ALL,18,-0.2618965522863152
PERMISSIVE_END_OF_DAY,standard,LATEST_REVISED,DEVELOPMENT_PSEUDO_OOS,H2_H3,12,-0.34970658320421205
PERMISSIVE_END_OF_DAY,standard,LATEST_REVISED,HISTORICAL_POST_DEVELOPMENT_TEST,H1,4,0.73985334852726858
PERMISSIVE_END_OF_DAY,standard,LATEST_REVISED,HISTORICAL_POST_DEVELOPMENT_TEST,H2,4,0.88779695363516065
PERMISSIVE_END_OF_DAY,standard,LATEST_REVISED,HISTORICAL_POST_DEVELOPMENT_TEST,H3,4,0.58929304115001924
PERMISSIVE_END_OF_DAY,standard,LATEST_REVISED,HISTORICAL_POST_DEVELOPMENT_TEST,ALL,12,0.71196235780280981
PERMISSIVE_END_OF_DAY,standard,LATEST_REVISED,HISTORICAL_POST_DEVELOPMENT_TEST,H2_H3,8,0.70522976240499213
PERMISSIVE_END_OF_DAY,standard,LATEST_REVISED,POOLED_RESEARCH_ONLY,H1,10,0.33138387351968307
PERMISSIVE_END_OF_DAY,standard,LATEST_REVISED,POOLED_RESEARCH_ONLY,H2,10,0.2950630003642255
PERMISSIVE_END_OF_DAY,standard,LATEST_REVISED,POOLED_RESEARCH_ONLY,H3,10,-0.33329877097040189
PERMISSIVE_END_OF_DAY,standard,LATEST_REVISED,POOLED_RESEARCH_ONLY,ALL,30,0.083693931498165022
PERMISSIVE_END_OF_DAY,standard,LATEST_REVISED,POOLED_RESEARCH_ONLY,H2_H3,20,-0.024944181045181934
STRICT,conservative,FIRST_RELEASE,DEVELOPMENT_PSEUDO_OOS,H1,6,0.62278217527481605
STRICT,conservative,FIRST_RELEASE,DEVELOPMENT_PSEUDO_OOS,H2,6,0.3610461649790303
STRICT,conservative,FIRST_RELEASE,DEVELOPMENT_PSEUDO_OOS,H3,6,0.25332288643770939
STRICT,conservative,FIRST_RELEASE,DEVELOPMENT_PSEUDO_OOS,ALL,18,0.3007433451030127
STRICT,conservative,FIRST_RELEASE,DEVELOPMENT_PSEUDO_OOS,H2_H3,12,0.22649320271726239
STRICT,conservative,FIRST_RELEASE,HISTORICAL_POST_DEVELOPMENT_TEST,H1,4,0.99076451714059943
STRICT,conservative,FIRST_RELEASE,HISTORICAL_POST_DEVELOPMENT_TEST,H2,4,0.75038566851883004
STRICT,conservative,FIRST_RELEASE,HISTORICAL_POST_DEVELOPMENT_TEST,H3,4,0.88214709090487942
STRICT,conservative,FIRST_RELEASE,HISTORICAL_POST_DEVELOPMENT_TEST,ALL,12,0.81025304217994421
STRICT,conservative,FIRST_RELEASE,HISTORICAL_POST_DEVELOPMENT_TEST,H2_H3,8,0.8156237275874072
STRICT,conservative,FIRST_RELEASE,POOLED_RESEARCH_ONLY,H1,10,0.22608814762776652
STRICT,conservative,FIRST_RELEASE,POOLED_RESEARCH_ONLY,H2,10,0.37886318879781283
STRICT,conservative,FIRST_RELEASE,POOLED_RESEARCH_ONLY,H3,10,0.27617195970974401
STRICT,conservative,FIRST_RELEASE,POOLED_RESEARCH_ONLY,ALL,30,0.28548328042027526
STRICT,conservative,FIRST_RELEASE,POOLED_RESEARCH_ONLY,H2_H3,20,0.30865665239290263
STRICT,conservative,LATEST_REVISED,DEVELOPMENT_PSEUDO_OOS,H1,6,0.29626875287487409
STRICT,conservative,LATEST_REVISED,DEVELOPMENT_PSEUDO_OOS,H2,6,0.2598466552575035
STRICT,conservative,LATEST_REVISED,DEVELOPMENT_PSEUDO_OOS,H3,6,0.017674420509539848
STRICT,conservative,LATEST_REVISED,DEVELOPMENT_PSEUDO_OOS,ALL,18,0.062899841607803528
STRICT,conservative,LATEST_REVISED,DEVELOPMENT_PSEUDO_OOS,H2_H3,12,0.029294119837981612
STRICT,conservative,LATEST_REVISED,HISTORICAL_POST_DEVELOPMENT_TEST,H1,4,0.99076451714059921
STRICT,conservative,LATEST_REVISED,HISTORICAL_POST_DEVELOPMENT_TEST,H2,4,0.75038566851882793
STRICT,conservative,LATEST_REVISED,HISTORICAL_POST_DEVELOPMENT_TEST,H3,4,0.88214709090487742
STRICT,conservative,LATEST_REVISED,HISTORICAL_POST_DEVELOPMENT_TEST,ALL,12,0.81025304217994365
STRICT,conservative,LATEST_REVISED,HISTORICAL_POST_DEVELOPMENT_TEST,H2_H3,8,0.81562372758740531
STRICT,conservative,LATEST_REVISED,POOLED_RESEARCH_ONLY,H1,10,0.068634230713201433
STRICT,conservative,LATEST_REVISED,POOLED_RESEARCH_ONLY,H2,10,0.3353490585746513
STRICT,conservative,LATEST_REVISED,POOLED_RESEARCH_ONLY,H3,10,0.18901518790952901
STRICT,conservative,LATEST_REVISED,POOLED_RESEARCH_ONLY,ALL,30,0.19909409095550584
STRICT,conservative,LATEST_REVISED,POOLED_RESEARCH_ONLY,H2_H3,20,0.23876489311530666
STRICT,standard,FIRST_RELEASE,DEVELOPMENT_PSEUDO_OOS,H1,6,0.28309738989220934
STRICT,standard,FIRST_RELEASE,DEVELOPMENT_PSEUDO_OOS,H2,6,0.28235549563638479
STRICT,standard,FIRST_RELEASE,DEVELOPMENT_PSEUDO_OOS,H3,6,-0.55122711710244809
STRICT,standard,FIRST_RELEASE,DEVELOPMENT_PSEUDO_OOS,ALL,18,-0.18884272972184352
STRICT,standard,FIRST_RELEASE,DEVELOPMENT_PSEUDO_OOS,H2_H3,12,-0.29040689315349205
STRICT,standard,FIRST_RELEASE,HISTORICAL_POST_DEVELOPMENT_TEST,H1,4,0.73985334852727036
STRICT,standard,FIRST_RELEASE,HISTORICAL_POST_DEVELOPMENT_TEST,H2,4,0.88779695363516209
STRICT,standard,FIRST_RELEASE,HISTORICAL_POST_DEVELOPMENT_TEST,H3,4,0.58929304115001502
STRICT,standard,FIRST_RELEASE,HISTORICAL_POST_DEVELOPMENT_TEST,ALL,12,0.71196235780281014
STRICT,standard,FIRST_RELEASE,HISTORICAL_POST_DEVELOPMENT_TEST,H2_H3,8,0.70522976240499169
STRICT,standard,FIRST_RELEASE,POOLED_RESEARCH_ONLY,H1,10,0.37676800205241284
STRICT,standard,FIRST_RELEASE,POOLED_RESEARCH_ONLY,H2,10,0.34827891049412207
STRICT,standard,FIRST_RELEASE,POOLED_RESEARCH_ONLY,H3,10,-0.27795973917283257
STRICT,standard,FIRST_RELEASE,POOLED_RESEARCH_ONLY,ALL,30,0.14007613363440249
STRICT,standard,FIRST_RELEASE,POOLED_RESEARCH_ONLY,H2_H3,20,0.034285583426930069
STRICT,standard,LATEST_REVISED,DEVELOPMENT_PSEUDO_OOS,H1,6,0.12543598648734308
STRICT,standard,LATEST_REVISED,DEVELOPMENT_PSEUDO_OOS,H2,6,0.12166773788117084
STRICT,standard,LATEST_REVISED,DEVELOPMENT_PSEUDO_OOS,H3,6,-0.57372010855292865
STRICT,standard,LATEST_REVISED,DEVELOPMENT_PSEUDO_OOS,ALL,18,-0.2618965522863152
STRICT,standard,LATEST_REVISED,DEVELOPMENT_PSEUDO_OOS,H2_H3,12,-0.34970658320421205
STRICT,standard,LATEST_REVISED,HISTORICAL_POST_DEVELOPMENT_TEST,H1,4,0.73985334852726858
STRICT,standard,LATEST_REVISED,HISTORICAL_POST_DEVELOPMENT_TEST,H2,4,0.88779695363516065
STRICT,standard,LATEST_REVISED,HISTORICAL_POST_DEVELOPMENT_TEST,H3,4,0.58929304115001924
STRICT,standard,LATEST_REVISED,HISTORICAL_POST_DEVELOPMENT_TEST,ALL,12,0.71196235780280981
STRICT,standard,LATEST_REVISED,HISTORICAL_POST_DEVELOPMENT_TEST,H2_H3,8,0.70522976240499213
STRICT,standard,LATEST_REVISED,POOLED_RESEARCH_ONLY,H1,10,0.33138387351968307
STRICT,standard,LATEST_REVISED,POOLED_RESEARCH_ONLY,H2,10,0.2950630003642255
STRICT,standard,LATEST_REVISED,POOLED_RESEARCH_ONLY,H3,10,-0.33329877097040189
STRICT,standard,LATEST_REVISED,POOLED_RESEARCH_ONLY,ALL,30,0.083693931498165022
STRICT,standard,LATEST_REVISED,POOLED_RESEARCH_ONLY,H2_H3,20,-0.024944181045181934
