forecast_origin,target_quarter,horizon,term,coefficient,regressor_value,prediction,reconstruction_error,observation_period,lag_order
2025-07-31 00:00:00,2025Q3,H1,intercept,2.0623199458940862,1,7.1084815282838418,0,,
2025-07-31 00:00:00,2025Q3,H1,gdp_lag1,0.71799875660994306,7.2000000000000002,7.1084815282838418,0,2025Q2,
2025-07-31 00:00:00,2025Q3,H1,lag_0,-0.20661384398564497,-0.30340485617159629,7.1084815282838418,0,2025-05,oldest_to_newest
2025-07-31 00:00:00,2025Q3,H1,lag_1,0.1468686362081304,-1.8865365693747194,7.1084815282838418,0,2025-06,oldest_to_newest
2025-07-31 00:00:00,2025Q3,H1,lag_2,-0.5517706531736154,-0.16484375121859074,7.1084815282838418,0,2025-07,oldest_to_newest
2025-08-31 00:00:00,2025Q3,H2,intercept,1.9352015402576437,1,7.241279573469571,0,,
2025-08-31 00:00:00,2025Q3,H2,gdp_lag1,0.72555872547848566,7.2000000000000002,7.241279573469571,0,2025Q2,
2025-08-31 00:00:00,2025Q3,H2,lag_0,-0.028293861944953716,-1.8865365693747194,7.241279573469571,0,2025-06,oldest_to_newest
2025-08-31 00:00:00,2025Q3,H2,lag_1,-0.49923364055981312,-0.16484375121859074,7.241279573469571,0,2025-07,oldest_to_newest
2025-08-31 00:00:00,2025Q3,H2,lag_2,0.053659242738796437,-0.99922657847706375,7.241279573469571,0,2025-08,oldest_to_newest
2025-09-30 00:00:00,2025Q3,H3,intercept,1.8565014209745099,1,8.0749621014248376,0,,
2025-09-30 00:00:00,2025Q3,H3,gdp_lag1,0.76615319761349543,7.2000000000000002,8.0749621014248376,0,2025Q2,
2025-09-30 00:00:00,2025Q3,H3,lag_0,-0.67550368898764934,-0.16484375121859074,8.0749621014248376,0,2025-07,oldest_to_newest
2025-09-30 00:00:00,2025Q3,H3,lag_1,0.56123466245933429,-0.99922657847706375,8.0749621014248376,0,2025-08,oldest_to_newest
2025-09-30 00:00:00,2025Q3,H3,lag_2,-0.74593969979164132,-1.5438321454027459,8.0749621014248376,0,2025-09,oldest_to_newest
2025-10-31 00:00:00,2025Q4,H1,intercept,2.0531181920357362,1,8.6601967255143784,0,,
2025-10-31 00:00:00,2025Q4,H1,gdp_lag1,0.72473412637238832,7.5999999999999996,8.6601967255143784,0,2025Q3,
2025-10-31 00:00:00,2025Q4,H1,lag_0,-0.18470841189152448,-0.99922657847706375,8.6601967255143784,0,2025-08,oldest_to_newest
2025-10-31 00:00:00,2025Q4,H1,lag_1,0.093526074881376486,-1.5438321454027459,8.6601967255143784,0,2025-09,oldest_to_newest
2025-10-31 00:00:00,2025Q4,H1,lag_2,-0.54677931776061428,-1.9366536828611558,8.6601967255143784,0,2025-10,oldest_to_newest
2025-11-30 00:00:00,2025Q4,H2,intercept,1.9394361273506664,1,8.4951832867327077,0,,
2025-11-30 00:00:00,2025Q4,H2,gdp_lag1,0.73026542157260843,7.5999999999999996,8.4951832867327077,0,2025Q3,
2025-11-30 00:00:00,2025Q4,H2,lag_0,-0.055212483018522052,-1.5438321454027459,8.4951832867327077,0,2025-09,oldest_to_newest
2025-11-30 00:00:00,2025Q4,H2,lag_1,-0.49565279038166254,-1.9366536828611558,8.4951832867327077,0,2025-10,oldest_to_newest
2025-11-30 00:00:00,2025Q4,H2,lag_2,0.040313784472106776,-0.97774627489037869,8.4951832867327077,0,2025-11,oldest_to_newest
2025-12-31 00:00:00,2025Q4,H3,intercept,1.8617966148963256,1,8.1044820431206102,0,,
2025-12-31 00:00:00,2025Q4,H3,gdp_lag1,0.75899767643551408,7.5999999999999996,8.1044820431206102,0,2025Q3,
2025-12-31 00:00:00,2025Q4,H3,lag_0,-0.66036059486174548,-1.9366536828611558,8.1044820431206102,0,2025-10,oldest_to_newest
2025-12-31 00:00:00,2025Q4,H3,lag_1,0.55067432476562495,-0.97774627489037869,8.1044820431206102,0,2025-11,oldest_to_newest
2025-12-31 00:00:00,2025Q4,H3,lag_2,-0.709823472841145,0.37497621761968247,8.1044820431206102,0,2025-12,oldest_to_newest
2026-01-31 00:00:00,2026Q1,H1,intercept,2.0028746120881653,1,7.5372874330731747,0,,
2026-01-31 00:00:00,2026Q1,H1,gdp_lag1,0.71878455140523478,7.7000000000000002,7.5372874330731747,0,2025Q4,
2026-01-31 00:00:00,2026Q1,H1,lag_0,-0.16291715072646371,-0.97774627489037869,7.5372874330731747,0,2025-11,oldest_to_newest
2026-01-31 00:00:00,2026Q1,H1,lag_1,0.10333479820802613,0.37497621761968247,7.5372874330731747,0,2025-12,oldest_to_newest
2026-01-31 00:00:00,2026Q1,H1,lag_2,-0.47587506035339255,0.41663867340968608,7.5372874330731747,0,2026-01,oldest_to_newest
2026-02-28 00:00:00,2026Q1,H2,intercept,1.9079168959655133,1,7.354093364294906,0,,
2026-02-28 00:00:00,2026Q1,H2,gdp_lag1,0.72428700744825603,7.7000000000000002,7.354093364294906,0,2025Q4,
2026-02-28 00:00:00,2026Q1,H2,lag_0,-0.031145635656494766,0.37497621761968247,7.354093364294906,0,2025-12,oldest_to_newest
2026-02-28 00:00:00,2026Q1,H2,lag_1,-0.44807973215431912,0.41663867340968608,7.354093364294906,0,2026-01,oldest_to_newest
2026-02-28 00:00:00,2026Q1,H2,lag_2,0.051493519831636733,1.3114801442783985,7.354093364294906,0,2026-02,oldest_to_newest
2026-03-31 00:00:00,2026Q1,H3,intercept,1.8323026248654564,1,8.5451224948166455,0,,
2026-03-31 00:00:00,2026Q1,H3,gdp_lag1,0.75979117332373824,7.7000000000000002,8.5451224948166455,0,2025Q4,
2026-03-31 00:00:00,2026Q1,H3,lag_0,-0.63678139077620388,0.41663867340968608,8.5451224948166455,0,2026-01,oldest_to_newest
2026-03-31 00:00:00,2026Q1,H3,lag_1,0.5775061868700021,1.3114801442783985,8.5451224948166455,0,2026-02,oldest_to_newest
2026-03-31 00:00:00,2026Q1,H3,lag_2,-0.73903204747579987,-0.50112534801485253,8.5451224948166455,0,2026-03,oldest_to_newest
2026-04-30 00:00:00,2026Q2,H1,intercept,1.972846496717759,1,8.1413670871568158,0,,
2026-04-30 00:00:00,2026Q2,H1,gdp_lag1,0.73351753107565421,8.6999999999999993,8.1413670871568158,0,2026Q1,
2026-04-30 00:00:00,2026Q2,H1,lag_0,-0.23377909385036111,1.3114801442783985,8.1413670871568158,0,2026-02,oldest_to_newest
2026-04-30 00:00:00,2026Q2,H1,lag_1,0.16317601239016266,-0.50112534801485253,8.1413670871568158,0,2026-03,oldest_to_newest
2026-04-30 00:00:00,2026Q2,H1,lag_2,-0.49452424043399557,-0.35445450693352143,8.1413670871568158,0,2026-04,oldest_to_newest
2026-05-31 00:00:00,2026Q2,H2,intercept,1.8192512210926566,1,8.4237895473131843,0,,
2026-05-31 00:00:00,2026Q2,H2,gdp_lag1,0.745546421961227,8.6999999999999993,8.4237895473131843,0,2026Q1,
2026-05-31 00:00:00,2026Q2,H2,lag_0,-0.029425246814871096,-0.50112534801485253,8.4237895473131843,0,2026-03,oldest_to_newest
2026-05-31 00:00:00,2026Q2,H2,lag_1,-0.45654227061578589,-0.35445450693352143,8.4237895473131843,0,2026-04,oldest_to_newest
2026-05-31 00:00:00,2026Q2,H2,lag_2,0.079969932574212227,-0.72883326822879013,8.4237895473131843,0,2026-05,oldest_to_newest
2026-06-30 00:00:00,2026Q2,H3,intercept,1.8222572136964703,1,8.3813890895118117,0,,
2026-06-30 00:00:00,2026Q2,H3,gdp_lag1,0.76255759211883245,8.6999999999999993,8.3813890895118117,0,2026Q1,
2026-06-30 00:00:00,2026Q2,H3,lag_0,-0.64080502196258493,-0.35445450693352143,8.3813890895118117,0,2026-04,oldest_to_newest
2026-06-30 00:00:00,2026Q2,H3,lag_1,0.59009657307492758,-0.72883326822879013,8.3813890895118117,0,2026-05,oldest_to_newest
2026-06-30 00:00:00,2026Q2,H3,lag_2,-0.75283803164290564,-0.16979297648802572,8.3813890895118117,0,2026-06,oldest_to_newest
2024-01-31 00:00:00,2024Q1,H1,intercept,2.0806913610995932,1,5.9214437349364921,0,,
2024-01-31 00:00:00,2024Q1,H1,gdp_lag1,0.68803632775788315,6,5.9214437349364921,0,2023Q4,
2024-01-31 00:00:00,2024Q1,H1,lag_0,-0.23626833262089714,0.58236564063989249,5.9214437349364921,0,2023-11,oldest_to_newest
2024-01-31 00:00:00,2024Q1,H1,lag_1,0.26778653340268799,0.49398590357743188,5.9214437349364921,0,2023-12,oldest_to_newest
2024-01-31 00:00:00,2024Q1,H1,lag_2,-0.57455806828991174,0.49107970466639728,5.9214437349364921,0,2024-01,oldest_to_newest
2024-02-29 00:00:00,2024Q1,H2,intercept,1.8172171086253401,1,5.9313564259518285,0,,
2024-02-29 00:00:00,2024Q1,H2,gdp_lag1,0.71201767775620639,6,5.9313564259518285,0,2023Q4,
2024-02-29 00:00:00,2024Q1,H2,lag_0,0.075620997498999518,0.49398590357743188,5.9313564259518285,0,2023-12,oldest_to_newest
2024-02-29 00:00:00,2024Q1,H2,lag_1,-0.52509116103802245,0.49107970466639728,5.9313564259518285,0,2024-01,oldest_to_newest
2024-02-29 00:00:00,2024Q1,H2,lag_2,0.10501579432697007,0.59552143271943692,5.9313564259518285,0,2024-02,oldest_to_newest
2024-03-31 00:00:00,2024Q1,H3,intercept,1.7517715635783693,1,5.9895579263725471,0,,
2024-03-31 00:00:00,2024Q1,H3,gdp_lag1,0.76599126071031565,6,5.9895579263725471,0,2023Q4,
2024-03-31 00:00:00,2024Q1,H3,lag_0,-0.61643422799490444,0.49107970466639728,5.9895579263725471,0,2024-01,oldest_to_newest
2024-03-31 00:00:00,2024Q1,H3,lag_1,0.38556399768338068,0.59552143271943692,5.9895579263725471,0,2024-02,oldest_to_newest
2024-03-31 00:00:00,2024Q1,H3,lag_2,-0.47191950450106046,0.60403201059582301,5.9895579263725471,0,2024-03,oldest_to_newest
2024-04-30 00:00:00,2024Q2,H1,intercept,2.0743070883641304,1,5.8499324291977652,0,,
2024-04-30 00:00:00,2024Q2,H1,gdp_lag1,0.69320182574344835,6.2000000000000002,5.8499324291977652,0,2024Q1,
2024-04-30 00:00:00,2024Q2,H1,lag_0,-0.22257403518137905,0.59552143271943692,5.8499324291977652,0,2024-02,oldest_to_newest
2024-04-30 00:00:00,2024Q2,H1,lag_1,0.24590309994297638,0.60403201059582301,5.8499324291977652,0,2024-03,oldest_to_newest
2024-04-30 00:00:00,2024Q2,H1,lag_2,-0.57235543083583051,0.94034525634310029,5.8499324291977652,0,2024-04,oldest_to_newest
2024-05-31 00:00:00,2024Q2,H2,intercept,1.8150293265914588,1,5.8144234562643344,0,,
2024-05-31 00:00:00,2024Q2,H2,gdp_lag1,0.71687490168336487,6.2000000000000002,5.8144234562643344,0,2024Q1,
2024-05-31 00:00:00,2024Q2,H2,lag_0,0.066398505787076401,0.60403201059582301,5.8144234562643344,0,2024-03,oldest_to_newest
2024-05-31 00:00:00,2024Q2,H2,lag_1,-0.52808386147506026,0.94034525634310029,5.8144234562643344,0,2024-04,oldest_to_newest
2024-05-31 00:00:00,2024Q2,H2,lag_2,0.10660298613361407,0.1054761295355533,5.8144234562643344,0,2024-05,oldest_to_newest
2024-06-30 00:00:00,2024Q2,H3,intercept,1.7582045897834819,1,6.168496638897647,0,,
2024-06-30 00:00:00,2024Q2,H3,gdp_lag1,0.7645541882453516,6.2000000000000002,6.168496638897647,0,2024Q1,
2024-06-30 00:00:00,2024Q2,H3,lag_0,-0.6117058758250149,0.94034525634310029,6.168496638897647,0,2024-04,oldest_to_newest
2024-06-30 00:00:00,2024Q2,H3,lag_1,0.3630554619965316,0.1054761295355533,6.168496638897647,0,2024-05,oldest_to_newest
2024-06-30 00:00:00,2024Q2,H3,lag_2,-0.42985652760079851,-0.48150278610243902,6.168496638897647,0,2024-06,oldest_to_newest
2024-07-31 00:00:00,2024Q3,H1,intercept,2.1488315562278522,1,6.628659998019593,0,,
2024-07-31 00:00:00,2024Q3,H1,gdp_lag1,0.69718993253921391,6.4000000000000004,6.628659998019593,0,2024Q2,
2024-07-31 00:00:00,2024Q3,H1,lag_0,-0.18253189607404519,0.1054761295355533,6.628659998019593,0,2024-05,oldest_to_newest
2024-07-31 00:00:00,2024Q3,H1,lag_1,0.127562015062125,-0.48150278610243902,6.628659998019593,0,2024-06,oldest_to_newest
2024-07-31 00:00:00,2024Q3,H1,lag_2,-0.59628739130219655,-0.16516716359475936,6.628659998019593,0,2024-07,oldest_to_newest
2024-08-31 00:00:00,2024Q3,H2,intercept,1.9562967387205095,1,6.6432011858919848,0,,
2024-08-31 00:00:00,2024Q3,H2,gdp_lag1,0.71273362656068262,6.4000000000000004,6.6432011858919848,0,2024Q2,
2024-08-31 00:00:00,2024Q3,H2,lag_0,-0.018035161319905846,-0.48150278610243902,6.6432011858919848,0,2024-06,oldest_to_newest
2024-08-31 00:00:00,2024Q3,H2,lag_1,-0.56357703558939343,-0.16516716359475936,6.6432011858919848,0,2024-07,oldest_to_newest
2024-08-31 00:00:00,2024Q3,H2,lag_2,0.09267463716609102,0.25509499737186303,6.6432011858919848,0,2024-08,oldest_to_newest
2024-09-30 00:00:00,2024Q3,H3,intercept,1.9110511670274384,1,6.6069962903584578,0,,
2024-09-30 00:00:00,2024Q3,H3,gdp_lag1,0.7461574074589038,6.4000000000000004,6.6069962903584578,0,2024Q2,
2024-09-30 00:00:00,2024Q3,H3,lag_0,-0.67548158938241842,-0.16516716359475936,6.6069962903584578,0,2024-07,oldest_to_newest
2024-09-30 00:00:00,2024Q3,H3,lag_1,0.36404978544109495,0.25509499737186303,6.6069962903584578,0,2024-08,oldest_to_newest
2024-09-30 00:00:00,2024Q3,H3,lag_2,-0.42329560101245423,0.67068247571206996,6.6069962903584578,0,2024-09,oldest_to_newest
2024-10-31 00:00:00,2024Q4,H1,intercept,2.0280416798580942,1,6.4774614313287229,0,,
2024-10-31 00:00:00,2024Q4,H1,gdp_lag1,0.7084206614899502,6.5999999999999996,6.4774614313287229,0,2024Q3,
2024-10-31 00:00:00,2024Q4,H1,lag_0,-0.21438128698257369,0.25509499737186303,6.4774614313287229,0,2024-08,oldest_to_newest
2024-10-31 00:00:00,2024Q4,H1,lag_1,0.17330698771666442,0.67068247571206996,6.4774614313287229,0,2024-09,oldest_to_newest
2024-10-31 00:00:00,2024Q4,H1,lag_2,-0.5216192447543393,0.55155744922554817,6.4774614313287229,0,2024-10,oldest_to_newest
2024-11-30 00:00:00,2024Q4,H2,intercept,1.8250640459673473,1,6.3374804890718295,0,,
2024-11-30 00:00:00,2024Q4,H2,gdp_lag1,0.719641344308659,6.5999999999999996,6.3374804890718295,0,2024Q3,
2024-11-30 00:00:00,2024Q4,H2,lag_0,0.010592124565978675,0.67068247571206996,6.3374804890718295,0,2024-09,oldest_to_newest
2024-11-30 00:00:00,2024Q4,H2,lag_1,-0.49479746850770612,0.55155744922554817,6.3374804890718295,0,2024-10,oldest_to_newest
2024-11-30 00:00:00,2024Q4,H2,lag_2,0.13510456426544698,0.21160534515747287,6.3374804890718295,0,2024-11,oldest_to_newest
2024-12-31 00:00:00,2024Q4,H3,intercept,1.8124801927842351,1,6.3317245649980203,0,,
2024-12-31 00:00:00,2024Q4,H3,gdp_lag1,0.75164737979772611,6.5999999999999996,6.3317245649980203,0,2024Q3,
2024-12-31 00:00:00,2024Q4,H3,lag_0,-0.60539131792504564,0.55155744922554817,6.3317245649980203,0,2024-10,oldest_to_newest
2024-12-31 00:00:00,2024Q4,H3,lag_1,0.41625808946017628,0.21160534515747287,6.3317245649980203,0,2024-11,oldest_to_newest
2024-12-31 00:00:00,2024Q4,H3,lag_2,-0.44635922572223447,0.43866614324183928,6.3317245649980203,0,2024-12,oldest_to_newest
2025-01-31 00:00:00,2025Q1,H1,intercept,2.0048494549748157,1,6.3251015303459344,0,,
2025-01-31 00:00:00,2025Q1,H1,gdp_lag1,0.71382943059981274,6.5,6.3251015303459344,0,2024Q4,
2025-01-31 00:00:00,2025Q1,H1,lag_0,-0.20672002872346329,0.21160534515747287,6.3251015303459344,0,2024-11,oldest_to_newest
2025-01-31 00:00:00,2025Q1,H1,lag_1,0.17476427445694179,0.43866614324183928,6.3251015303459344,0,2024-12,oldest_to_newest
2025-01-31 00:00:00,2025Q1,H1,lag_2,-0.52427378987717488,0.67247178393898821,6.3251015303459344,0,2025-01,oldest_to_newest
2025-02-28 00:00:00,2025Q1,H2,intercept,1.8029547043290315,1,6.1853920671796274,0,,
2025-02-28 00:00:00,2025Q1,H2,gdp_lag1,0.72556650714781945,6.5,6.1853920671796274,0,2024Q4,
2025-02-28 00:00:00,2025Q1,H2,lag_0,0.02110149125192784,0.43866614324183928,6.1853920671796274,0,2024-12,oldest_to_newest
2025-02-28 00:00:00,2025Q1,H2,lag_1,-0.50401840545584542,0.67247178393898821,6.1853920671796274,0,2025-01,oldest_to_newest
2025-02-28 00:00:00,2025Q1,H2,lag_2,0.14319359501919687,-0.028376179387379352,6.1853920671796274,0,2025-02,oldest_to_newest
2025-03-31 00:00:00,2025Q1,H3,intercept,1.7259334968309992,1,6.4991803745703018,0,,
2025-03-31 00:00:00,2025Q1,H3,gdp_lag1,0.78139538440280043,6.5,6.4991803745703018,0,2024Q4,
2025-03-31 00:00:00,2025Q1,H3,lag_0,-0.65389789866188386,0.67247178393898821,6.4991803745703018,0,2025-01,oldest_to_newest
2025-03-31 00:00:00,2025Q1,H3,lag_1,0.5392010816241406,-0.028376179387379352,6.4991803745703018,0,2025-02,oldest_to_newest
2025-03-31 00:00:00,2025Q1,H3,lag_2,-0.63058386769019692,-0.2366144137381454,6.4991803745703018,0,2025-03,oldest_to_newest
2025-04-30 00:00:00,2025Q2,H1,intercept,1.9095908472137166,1,6.7143100213870719,0,,
2025-04-30 00:00:00,2025Q2,H1,gdp_lag1,0.7242543029296562,6.7999999999999998,6.7143100213870719,0,2025Q1,
2025-04-30 00:00:00,2025Q2,H1,lag_0,-0.21805186359819986,-0.028376179387379352,6.7143100213870719,0,2025-02,oldest_to_newest
2025-04-30 00:00:00,2025Q2,H1,lag_1,0.21075329056580316,-0.2366144137381454,6.7143100213870719,0,2025-03,oldest_to_newest
2025-04-30 00:00:00,2025Q2,H1,lag_2,-0.48274283140290869,0.15853223140052108,6.7143100213870719,0,2025-04,oldest_to_newest
2025-05-31 00:00:00,2025Q2,H2,intercept,1.7515439206197481,1,6.6357152387579088,0,,
2025-05-31 00:00:00,2025Q2,H2,gdp_lag1,0.7334766395963126,6.7999999999999998,6.6357152387579088,0,2025Q1,
2025-05-31 00:00:00,2025Q2,H2,lag_0,0.033894416478465209,-0.2366144137381454,6.6357152387579088,0,2025-03,oldest_to_newest
2025-05-31 00:00:00,2025Q2,H2,lag_1,-0.43730929104264182,0.15853223140052108,6.6357152387579088,0,2025-04,oldest_to_newest
2025-05-31 00:00:00,2025Q2,H2,lag_2,0.086097191195821807,-0.30340485617159629,6.6357152387579088,0,2025-05,oldest_to_newest
2025-06-30 00:00:00,2025Q2,H3,intercept,1.6306214065277198,1,8.5698159778301921,0,,
2025-06-30 00:00:00,2025Q2,H3,gdp_lag1,0.81300702962134463,6.7999999999999998,8.5698159778301921,0,2025Q1,
2025-06-30 00:00:00,2025Q2,H3,lag_0,-0.65087912793695391,0.15853223140052108,8.5698159778301921,0,2025-04,oldest_to_newest
2025-06-30 00:00:00,2025Q2,H3,lag_1,0.65830842751824803,-0.30340485617159629,8.5698159778301921,0,2025-05,oldest_to_newest
2025-06-30 00:00:00,2025Q2,H3,lag_2,-0.90836620502771759,-1.8865365693747194,8.5698159778301921,0,2025-06,oldest_to_newest
2022-07-31 00:00:00,2022Q3,H1,intercept,2.2471166433105125,1,6.2318400382214509,0,,
2022-07-31 00:00:00,2022Q3,H1,gdp_lag1,0.69200025970671608,5.4000000000000004,6.2318400382214509,0,2022Q2,
2022-07-31 00:00:00,2022Q3,H1,lag_0,-0.23526190585891998,-1.7509790574097295,6.2318400382214509,0,2022-05,oldest_to_newest
2022-07-31 00:00:00,2022Q3,H1,lag_1,0.25587779411770822,-1.5257409433580449,6.2318400382214509,0,2022-06,oldest_to_newest
2022-07-31 00:00:00,2022Q3,H1,lag_2,-0.90340470921330096,-0.25059261591415805,6.2318400382214509,0,2022-07,oldest_to_newest
2022-08-31 00:00:00,2022Q3,H2,intercept,2.0170048820379867,1,5.9576430018293403,0,,
2022-08-31 00:00:00,2022Q3,H2,gdp_lag1,0.71474790795516385,5.4000000000000004,5.9576430018293403,0,2022Q2,
2022-08-31 00:00:00,2022Q3,H2,lag_0,0.082982341987935526,-1.5257409433580449,5.9576430018293403,0,2022-06,oldest_to_newest
2022-08-31 00:00:00,2022Q3,H2,lag_1,-0.82773060392041298,-0.25059261591415805,5.9576430018293403,0,2022-07,oldest_to_newest
2022-08-31 00:00:00,2022Q3,H2,lag_2,0.01867834711527068,0.0099471473804513266,5.9576430018293403,0,2022-08,oldest_to_newest
2022-09-30 00:00:00,2022Q3,H3,intercept,1.9526125373029819,1,6.1658078683024149,0,,
2022-09-30 00:00:00,2022Q3,H3,gdp_lag1,0.78526104135632246,5.4000000000000004,6.1658078683024149,0,2022Q2,
2022-09-30 00:00:00,2022Q3,H3,lag_0,-0.9595107129990309,-0.25059261591415805,6.1658078683024149,0,2022-07,oldest_to_newest
2022-09-30 00:00:00,2022Q3,H3,lag_1,0.30347409453224561,0.0099471473804513266,6.1658078683024149,0,2022-08,oldest_to_newest
2022-09-30 00:00:00,2022Q3,H3,lag_2,-0.48113905716142952,0.56258017179935393,6.1658078683024149,0,2022-09,oldest_to_newest
2022-10-31 00:00:00,2022Q4,H1,intercept,2.1669740539103293,1,5.4190916657779891,0,,
2022-10-31 00:00:00,2022Q4,H1,gdp_lag1,0.69396728854901446,5.7999999999999998,5.4190916657779891,0,2022Q3,
2022-10-31 00:00:00,2022Q4,H1,lag_0,-0.2391197647004614,0.0099471473804513266,5.4190916657779891,0,2022-08,oldest_to_newest
2022-10-31 00:00:00,2022Q4,H1,lag_1,0.30136395590768056,0.56258017179935393,5.4190916657779891,0,2022-09,oldest_to_newest
2022-10-31 00:00:00,2022Q4,H1,lag_2,-0.8690708361546523,1.081678787454976,5.4190916657779891,0,2022-10,oldest_to_newest
2022-11-30 00:00:00,2022Q4,H2,intercept,1.9641994501151006,1,5.340785961731437,0,,
2022-11-30 00:00:00,2022Q4,H2,gdp_lag1,0.71960028443594548,5.7999999999999998,5.340785961731437,0,2022Q3,
2022-11-30 00:00:00,2022Q4,H2,lag_0,0.098711593243603193,0.56258017179935393,5.340785961731437,0,2022-09,oldest_to_newest
2022-11-30 00:00:00,2022Q4,H2,lag_1,-0.79855466740921288,1.081678787454976,5.340785961731437,0,2022-10,oldest_to_newest
2022-11-30 00:00:00,2022Q4,H2,lag_2,0.014522590343518257,0.76786034021569805,5.340785961731437,0,2022-11,oldest_to_newest
2022-12-31 00:00:00,2022Q4,H3,intercept,1.9160208411765185,1,5.4531963490720115,0,,
2022-12-31 00:00:00,2022Q4,H3,gdp_lag1,0.78326995022014057,5.7999999999999998,5.4531963490720115,0,2022Q3,
2022-12-31 00:00:00,2022Q4,H3,lag_0,-0.91233879243769955,1.081678787454976,5.4531963490720115,0,2022-10,oldest_to_newest
2022-12-31 00:00:00,2022Q4,H3,lag_1,0.29707557603170637,0.76786034021569805,5.4531963490720115,0,2022-11,oldest_to_newest
2022-12-31 00:00:00,2022Q4,H3,lag_2,-0.47891530483206785,0.51584327128004759,5.4531963490720115,0,2022-12,oldest_to_newest
2023-01-31 00:00:00,2023Q1,H1,intercept,2.1751565796381969,1,5.6720494945209419,0,,
2023-01-31 00:00:00,2023Q1,H1,gdp_lag1,0.68850930081188133,5.7000000000000002,5.6720494945209419,0,2022Q4,
2023-01-31 00:00:00,2023Q1,H1,lag_0,-0.21189843866334723,0.76786034021569805,5.6720494945209419,0,2022-11,oldest_to_newest
2023-01-31 00:00:00,2023Q1,H1,lag_1,0.32344224416755252,0.51584327128004759,5.6720494945209419,0,2022-12,oldest_to_newest
2023-01-31 00:00:00,2023Q1,H1,lag_2,-0.85212693062840605,0.50667005386735298,5.6720494945209419,0,2023-01,oldest_to_newest
2023-02-28 00:00:00,2023Q1,H2,intercept,1.9892262342396849,1,5.7279432228824403,0,,
2023-02-28 00:00:00,2023Q1,H2,gdp_lag1,0.71203647397291625,5.7000000000000002,5.7279432228824403,0,2022Q4,
2023-02-28 00:00:00,2023Q1,H2,lag_0,0.14563414985334217,0.51584327128004759,5.7279432228824403,0,2022-12,oldest_to_newest
2023-02-28 00:00:00,2023Q1,H2,lag_1,-0.7921220662031595,0.50667005386735298,5.7279432228824403,0,2023-01,oldest_to_newest
2023-02-28 00:00:00,2023Q1,H2,lag_2,0.023302997312763599,0.27160543317332753,5.7279432228824403,0,2023-02,oldest_to_newest
2023-03-31 00:00:00,2023Q1,H3,intercept,1.9657946238969375,1,5.7301727799422544,0,,
2023-03-31 00:00:00,2023Q1,H3,gdp_lag1,0.77093815338460314,5.7000000000000002,5.7301727799422544,0,2022Q4,
2023-03-31 00:00:00,2023Q1,H3,lag_0,-0.88296415625432922,0.50667005386735298,5.7301727799422544,0,2023-01,oldest_to_newest
2023-03-31 00:00:00,2023Q1,H3,lag_1,0.27466657979440551,0.27160543317332753,5.7301727799422544,0,2023-02,oldest_to_newest
2023-03-31 00:00:00,2023Q1,H3,lag_2,-0.4410497196676354,0.58315138985172155,5.7301727799422544,0,2023-03,oldest_to_newest
2023-04-30 00:00:00,2023Q2,H1,intercept,2.1266619062354275,1,5.9065240845598845,0,,
2023-04-30 00:00:00,2023Q2,H1,gdp_lag1,0.67055642700312212,5.5,5.9065240845598845,0,2023Q1,
2023-04-30 00:00:00,2023Q2,H1,lag_0,-0.26506651381625063,0.27160543317332753,5.9065240845598845,0,2023-02,oldest_to_newest
2023-04-30 00:00:00,2023Q2,H1,lag_1,0.38707619444467561,0.58315138985172155,5.9065240845598845,0,2023-03,oldest_to_newest
2023-04-30 00:00:00,2023Q2,H1,lag_2,-0.6665466492237333,0.09290975467202145,5.9065240845598845,0,2023-04,oldest_to_newest
2023-05-31 00:00:00,2023Q2,H2,intercept,1.82885519230949,1,5.7722934377079866,0,,
2023-05-31 00:00:00,2023Q2,H2,gdp_lag1,0.70491181567882011,5.5,5.7722934377079866,0,2023Q1,
2023-05-31 00:00:00,2023Q2,H2,lag_0,0.17429389092515671,0.58315138985172155,5.7722934377079866,0,2023-03,oldest_to_newest
2023-05-31 00:00:00,2023Q2,H2,lag_1,-0.59563445505283807,0.09290975467202145,5.7722934377079866,0,2023-04,oldest_to_newest
2023-05-31 00:00:00,2023Q2,H2,lag_2,0.07929890499370712,0.25377129134476206,5.7722934377079866,0,2023-05,oldest_to_newest
2023-06-30 00:00:00,2023Q2,H3,intercept,1.8107571854558875,1,5.9605252937752633,0,,
2023-06-30 00:00:00,2023Q2,H3,gdp_lag1,0.76468639456390775,5.5,5.9605252937752633,0,2023Q1,
2023-06-30 00:00:00,2023Q2,H3,lag_0,-0.67006983523398711,0.09290975467202145,5.9605252937752633,0,2023-04,oldest_to_newest
2023-06-30 00:00:00,2023Q2,H3,lag_1,0.35543847450588661,0.25377129134476206,5.9605252937752633,0,2023-05,oldest_to_newest
2023-06-30 00:00:00,2023Q2,H3,lag_2,-0.4852773739733775,0.17299615219847908,5.9605252937752633,0,2023-06,oldest_to_newest
2023-07-31 00:00:00,2023Q3,H1,intercept,2.0416387440635542,1,5.2124086481426897,0,,
2023-07-31 00:00:00,2023Q3,H1,gdp_lag1,0.67630615499115099,5.5999999999999996,5.2124086481426897,0,2023Q2,
2023-07-31 00:00:00,2023Q3,H1,lag_0,-0.24485620223229893,0.25377129134476206,5.2124086481426897,0,2023-05,oldest_to_newest
2023-07-31 00:00:00,2023Q3,H1,lag_1,0.33535785684867969,0.17299615219847908,5.2124086481426897,0,2023-06,oldest_to_newest
2023-07-31 00:00:00,2023Q3,H1,lag_2,-0.57430907063469516,1.0663643313252535,5.2124086481426897,0,2023-07,oldest_to_newest
2023-08-31 00:00:00,2023Q3,H2,intercept,1.7885932549012469,1,5.3928644264656151,0,,
2023-08-31 00:00:00,2023Q3,H2,gdp_lag1,0.70702376270140088,5.5999999999999996,5.3928644264656151,0,2023Q2,
2023-08-31 00:00:00,2023Q3,H2,lag_0,0.13535158584069212,0.17299615219847908,5.3928644264656151,0,2023-06,oldest_to_newest
2023-08-31 00:00:00,2023Q3,H2,lag_1,-0.50627877593562454,1.0663643313252535,5.3928644264656151,0,2023-07,oldest_to_newest
2023-08-31 00:00:00,2023Q3,H2,lag_2,0.054501063231770314,2.9614179189589862,5.3928644264656151,0,2023-08,oldest_to_newest
2023-09-30 00:00:00,2023Q3,H3,intercept,1.7383708243997198,1,5.4450880214613626,0,,
2023-09-30 00:00:00,2023Q3,H3,gdp_lag1,0.76481450727900391,5.5999999999999996,5.4450880214613626,0,2023Q2,
2023-09-30 00:00:00,2023Q3,H3,lag_0,-0.58119833705751878,1.0663643313252535,5.4450880214613626,0,2023-07,oldest_to_newest
2023-09-30 00:00:00,2023Q3,H3,lag_1,0.32737191981733427,2.9614179189589862,5.4450880214613626,0,2023-08,oldest_to_newest
2023-09-30 00:00:00,2023Q3,H3,lag_2,-0.47163118029544093,1.9633136565909481,5.4450880214613626,0,2023-09,oldest_to_newest
2023-10-31 00:00:00,2023Q4,H1,intercept,2.0927191713276332,1,5.6156159021947447,0,,
2023-10-31 00:00:00,2023Q4,H1,gdp_lag1,0.68492077467628631,5.7999999999999998,5.6156159021947447,0,2023Q3,
2023-10-31 00:00:00,2023Q4,H1,lag_0,-0.25878321448437869,2.9614179189589862,5.6156159021947447,0,2023-08,oldest_to_newest
2023-10-31 00:00:00,2023Q4,H1,lag_1,0.26687604947868143,1.9633136565909481,5.6156159021947447,0,2023-09,oldest_to_newest
2023-10-31 00:00:00,2023Q4,H1,lag_2,-0.57229693382183056,0.36211954680602787,5.6156159021947447,0,2023-10,oldest_to_newest
2023-11-30 00:00:00,2023Q4,H2,intercept,1.8163971477471084,1,5.9610936501064407,0,,
2023-11-30 00:00:00,2023Q4,H2,gdp_lag1,0.71199484277839009,5.7999999999999998,5.9610936501064407,0,2023Q3,
2023-11-30 00:00:00,2023Q4,H2,lag_0,0.073293086987458428,1.9633136565909481,5.9610936501064407,0,2023-09,oldest_to_newest
2023-11-30 00:00:00,2023Q4,H2,lag_1,-0.52381177394302614,0.36211954680602787,5.9610936501064407,0,2023-10,oldest_to_newest
2023-11-30 00:00:00,2023Q4,H2,lag_2,0.10459335779745757,0.58236564063989249,5.9610936501064407,0,2023-11,oldest_to_newest
2023-12-31 00:00:00,2023Q4,H3,intercept,1.7508201582903284,1,5.9602137435676354,0,,
2023-12-31 00:00:00,2023Q4,H3,gdp_lag1,0.76564643190800141,5.7999999999999998,5.9602137435676354,0,2023Q3,
2023-12-31 00:00:00,2023Q4,H3,lag_0,-0.61552904420633237,0.36211954680602787,5.9602137435676354,0,2023-10,oldest_to_newest
2023-12-31 00:00:00,2023Q4,H3,lag_1,0.38493088285102262,0.58236564063989249,5.9602137435676354,0,2023-11,oldest_to_newest
2023-12-31 00:00:00,2023Q4,H3,lag_2,-0.47092667981831693,0.49398590357743188,5.9602137435676354,0,2023-12,oldest_to_newest
2026-10-05 16:54:48.927036,2026Q3,H3,intercept,1.8135906637334507,1,8.060649795767965,0,,
2026-10-05 16:54:48.927036,2026Q3,H3,gdp_lag1,0.764933621635417,8.5,8.060649795767965,0,2026Q2,
2026-10-05 16:54:48.927036,2026Q3,H3,lag_0,-0.64158194128509616,0.084477264939941676,8.060649795767965,0,2026-07,oldest_to_newest
2026-10-05 16:54:48.927036,2026Q3,H3,lag_1,0.58751095898064687,-1.1868135712861161,8.060649795767965,0,2026-08,oldest_to_newest
2026-10-05 16:54:48.927036,2026Q3,H3,lag_2,-0.75263547670337183,-0.65979937238775932,8.060649795767965,0,2026-09,oldest_to_newest
